filename,file_path,emotion,file_size_bytes,file_hash
Angry_000.wav,E:\PROJECT 33\PROJECT 33\backend\sample_datasets\audio_dataset\Angry\Angry_000.wav,Angry,44144,edcaddee4da2464c89fdc855841c0f28f4aa55c7c93891b8b1c3f3f8cc477f5f
Angry_001.wav,E:\PROJECT 33\PROJECT 33\backend\sample_datasets\audio_dataset\Angry\Angry_001.wav,Angry,44144,edcaddee4da2464c89fdc855841c0f28f4aa55c7c93891b8b1c3f3f8cc477f5f
Angry_002.wav,E:\PROJECT 33\PROJECT 33\backend\sample_datasets\audio_dataset\Angry\Angry_002.wav,Angry,44144,edcaddee4da2464c89fdc855841c0f28f4aa55c7c93891b8b1c3f3f8cc477f5f
Angry_003.wav,E:\PROJECT 33\PROJECT 33\backend\sample_datasets\audio_dataset\Angry\Angry_003.wav,Angry,44144,edcaddee4da2464c89fdc855841c0f28f4aa55c7c93891b8b1c3f3f8cc477f5f
Angry_004.wav,E:\PROJECT 33\PROJECT 33\backend\sample_datasets\audio_dataset\Angry\Angry_004.wav,Angry,44144,edcaddee4da2464c89fdc855841c0f28f4aa55c7c93891b8b1c3f3f8cc477f5f
Angry_005.wav,E:\PROJECT 33\PROJECT 33\backend\sample_datasets\audio_dataset\Angry\Angry_005.wav,Angry,44144,edcaddee4da2464c89fdc855841c0f28f4aa55c7c93891b8b1c3f3f8cc477f5f
Angry_006.wav,E:\PROJECT 33\PROJECT 33\backend\sample_datasets\audio_dataset\Angry\Angry_006.wav,Angry,44144,edcaddee4da2464c89fdc855841c0f28f4aa55c7c93891b8b1c3f3f8cc477f5f
Angry_007.wav,E:\PROJECT 33\PROJECT 33\backend\sample_datasets\audio_dataset\Angry\Angry_007.wav,Angry,44144,edcaddee4da2464c89fdc855841c0f28f4aa55c7c93891b8b1c3f3f8cc477f5f
Angry_008.wav,E:\PROJECT 33\PROJECT 33\backend\sample_datasets\audio_dataset\Angry\Angry_008.wav,Angry,44144,edcaddee4da2464c89fdc855841c0f28f4aa55c7c93891b8b1c3f3f8cc477f5f
Angry_009.wav,E:\PROJECT 33\PROJECT 33\backend\sample_datasets\audio_dataset\Angry\Angry_009.wav,Angry,44144,edcaddee4da2464c89fdc855841c0f28f4aa55c7c93891b8b1c3f3f8cc477f5f
Angry_010.wav,E:\PROJECT 33\PROJECT 33\backend\sample_datasets\audio_dataset\Angry\Angry_010.wav,Angry,44144,edcaddee4da2464c89fdc855841c0f28f4aa55c7c93891b8b1c3f3f8cc477f5f
Angry_011.wav,E:\PROJECT 33\PROJECT 33\backend\sample_datasets\audio_dataset\Angry\Angry_011.wav,Angry,44144,edcaddee4da2464c89fdc855841c0f28f4aa55c7c93891b8b1c3f3f8cc477f5f
Angry_012.wav,E:\PROJECT 33\PROJECT 33\backend\sample_datasets\audio_dataset\Angry\Angry_012.wav,Angry,44144,edcaddee4da2464c89fdc855841c0f28f4aa55c7c93891b8b1c3f3f8cc477f5f
Angry_013.wav,E:\PROJECT 33\PROJECT 33\backend\sample_datasets\audio_dataset\Angry\Angry_013.wav,Angry,44144,edcaddee4da2464c89fdc855841c0f28f4aa55c7c93891b8b1c3f3f8cc477f5f
Angry_014.wav,E:\PROJECT 33\PROJECT 33\backend\sample_datasets\audio_dataset\Angry\Angry_014.wav,Angry,44144,edcaddee4da2464c89fdc855841c0f28f4aa55c7c93891b8b1c3f3f8cc477f5f
Angry_015.wav,E:\PROJECT 33\PROJECT 33\backend\sample_datasets\audio_dataset\Angry\Angry_015.wav,Angry,44144,edcaddee4da2464c89fdc855841c0f28f4aa55c7c93891b8b1c3f3f8cc477f5f
Angry_016.wav,E:\PROJECT 33\PROJECT 33\backend\sample_datasets\audio_dataset\Angry\Angry_016.wav,Angry,44144,edcaddee4da2464c89fdc855841c0f28f4aa55c7c93891b8b1c3f3f8cc477f5f
Angry_017.wav,E:\PROJECT 33\PROJECT 33\backend\sample_datasets\audio_dataset\Angry\Angry_017.wav,Angry,44144,edcaddee4da2464c89fdc855841c0f28f4aa55c7c93891b8b1c3f3f8cc477f5f
Angry_018.wav,E:\PROJECT 33\PROJECT 33\backend\sample_datasets\audio_dataset\Angry\Angry_018.wav,Angry,44144,edcaddee4da2464c89fdc855841c0f28f4aa55c7c93891b8b1c3f3f8cc477f5f
Angry_019.wav,E:\PROJECT 33\PROJECT 33\backend\sample_datasets\audio_dataset\Angry\Angry_019.wav,Angry,44144,edcaddee4da2464c89fdc855841c0f28f4aa55c7c93891b8b1c3f3f8cc477f5f
Angry_020.wav,E:\PROJECT 33\PROJECT 33\backend\sample_datasets\audio_dataset\Angry\Angry_020.wav,Angry,44144,edcaddee4da2464c89fdc855841c0f28f4aa55c7c93891b8b1c3f3f8cc477f5f
Angry_021.wav,E:\PROJECT 33\PROJECT 33\backend\sample_datasets\audio_dataset\Angry\Angry_021.wav,Angry,44144,edcaddee4da2464c89fdc855841c0f28f4aa55c7c93891b8b1c3f3f8cc477f5f
Angry_022.wav,E:\PROJECT 33\PROJECT 33\backend\sample_datasets\audio_dataset\Angry\Angry_022.wav,Angry,44144,edcaddee4da2464c89fdc855841c0f28f4aa55c7c93891b8b1c3f3f8cc477f5f
Angry_023.wav,E:\PROJECT 33\PROJECT 33\backend\sample_datasets\audio_dataset\Angry\Angry_023.wav,Angry,44144,edcaddee4da2464c89fdc855841c0f28f4aa55c7c93891b8b1c3f3f8cc477f5f
Angry_024.wav,E:\PROJECT 33\PROJECT 33\backend\sample_datasets\audio_dataset\Angry\Angry_024.wav,Angry,44144,edcaddee4da2464c89fdc855841c0f28f4aa55c7c93891b8b1c3f3f8cc477f5f
Angry_025.wav,E:\PROJECT 33\PROJECT 33\backend\sample_datasets\audio_dataset\Angry\Angry_025.wav,Angry,44144,edcaddee4da2464c89fdc855841c0f28f4aa55c7c93891b8b1c3f3f8cc477f5f
Angry_026.wav,E:\PROJECT 33\PROJECT 33\backend\sample_datasets\audio_dataset\Angry\Angry_026.wav,Angry,44144,edcaddee4da2464c89fdc855841c0f28f4aa55c7c93891b8b1c3f3f8cc477f5f
Angry_027.wav,E:\PROJECT 33\PROJECT 33\backend\sample_datasets\audio_dataset\Angry\Angry_027.wav,Angry,44144,edcaddee4da2464c89fdc855841c0f28f4aa55c7c93891b8b1c3f3f8cc477f5f
Angry_028.wav,E:\PROJECT 33\PROJECT 33\backend\sample_datasets\audio_dataset\Angry\Angry_028.wav,Angry,44144,edcaddee4da2464c89fdc855841c0f28f4aa55c7c93891b8b1c3f3f8cc477f5f
Angry_029.wav,E:\PROJECT 33\PROJECT 33\backend\sample_datasets\audio_dataset\Angry\Angry_029.wav,Angry,44144,edcaddee4da2464c89fdc855841c0f28f4aa55c7c93891b8b1c3f3f8cc477f5f
Angry_030.wav,E:\PROJECT 33\PROJECT 33\backend\sample_datasets\audio_dataset\Angry\Angry_030.wav,Angry,44144,edcaddee4da2464c89fdc855841c0f28f4aa55c7c93891b8b1c3f3f8cc477f5f
Angry_031.wav,E:\PROJECT 33\PROJECT 33\backend\sample_datasets\audio_dataset\Angry\Angry_031.wav,Angry,44144,edcaddee4da2464c89fdc855841c0f28f4aa55c7c93891b8b1c3f3f8cc477f5f
Angry_032.wav,E:\PROJECT 33\PROJECT 33\backend\sample_datasets\audio_dataset\Angry\Angry_032.wav,Angry,44144,edcaddee4da2464c89fdc855841c0f28f4aa55c7c93891b8b1c3f3f8cc477f5f
Angry_033.wav,E:\PROJECT 33\PROJECT 33\backend\sample_datasets\audio_dataset\Angry\Angry_033.wav,Angry,44144,edcaddee4da2464c89fdc855841c0f28f4aa55c7c93891b8b1c3f3f8cc477f5f
Angry_034.wav,E:\PROJECT 33\PROJECT 33\backend\sample_datasets\audio_dataset\Angry\Angry_034.wav,Angry,44144,edcaddee4da2464c89fdc855841c0f28f4aa55c7c93891b8b1c3f3f8cc477f5f
Angry_035.wav,E:\PROJECT 33\PROJECT 33\backend\sample_datasets\audio_dataset\Angry\Angry_035.wav,Angry,44144,edcaddee4da2464c89fdc855841c0f28f4aa55c7c93891b8b1c3f3f8cc477f5f
Angry_036.wav,E:\PROJECT 33\PROJECT 33\backend\sample_datasets\audio_dataset\Angry\Angry_036.wav,Angry,44144,edcaddee4da2464c89fdc855841c0f28f4aa55c7c93891b8b1c3f3f8cc477f5f
Angry_037.wav,E:\PROJECT 33\PROJECT 33\backend\sample_datasets\audio_dataset\Angry\Angry_037.wav,Angry,44144,edcaddee4da2464c89fdc855841c0f28f4aa55c7c93891b8b1c3f3f8cc477f5f
Angry_038.wav,E:\PROJECT 33\PROJECT 33\backend\sample_datasets\audio_dataset\Angry\Angry_038.wav,Angry,44144,edcaddee4da2464c89fdc855841c0f28f4aa55c7c93891b8b1c3f3f8cc477f5f
Angry_039.wav,E:\PROJECT 33\PROJECT 33\backend\sample_datasets\audio_dataset\Angry\Angry_039.wav,Angry,44144,edcaddee4da2464c89fdc855841c0f28f4aa55c7c93891b8b1c3f3f8cc477f5f
Angry_040.wav,E:\PROJECT 33\PROJECT 33\backend\sample_datasets\audio_dataset\Angry\Angry_040.wav,Angry,44144,edcaddee4da2464c89fdc855841c0f28f4aa55c7c93891b8b1c3f3f8cc477f5f
Angry_041.wav,E:\PROJECT 33\PROJECT 33\backend\sample_datasets\audio_dataset\Angry\Angry_041.wav,Angry,44144,edcaddee4da2464c89fdc855841c0f28f4aa55c7c93891b8b1c3f3f8cc477f5f
Angry_042.wav,E:\PROJECT 33\PROJECT 33\backend\sample_datasets\audio_dataset\Angry\Angry_042.wav,Angry,44144,edcaddee4da2464c89fdc855841c0f28f4aa55c7c93891b8b1c3f3f8cc477f5f
Angry_043.wav,E:\PROJECT 33\PROJECT 33\backend\sample_datasets\audio_dataset\Angry\Angry_043.wav,Angry,44144,edcaddee4da2464c89fdc855841c0f28f4aa55c7c93891b8b1c3f3f8cc477f5f
Angry_044.wav,E:\PROJECT 33\PROJECT 33\backend\sample_datasets\audio_dataset\Angry\Angry_044.wav,Angry,44144,edcaddee4da2464c89fdc855841c0f28f4aa55c7c93891b8b1c3f3f8cc477f5f
Angry_045.wav,E:\PROJECT 33\PROJECT 33\backend\sample_datasets\audio_dataset\Angry\Angry_045.wav,Angry,44144,edcaddee4da2464c89fdc855841c0f28f4aa55c7c93891b8b1c3f3f8cc477f5f
Angry_046.wav,E:\PROJECT 33\PROJECT 33\backend\sample_datasets\audio_dataset\Angry\Angry_046.wav,Angry,44144,edcaddee4da2464c89fdc855841c0f28f4aa55c7c93891b8b1c3f3f8cc477f5f
Angry_047.wav,E:\PROJECT 33\PROJECT 33\backend\sample_datasets\audio_dataset\Angry\Angry_047.wav,Angry,44144,edcaddee4da2464c89fdc855841c0f28f4aa55c7c93891b8b1c3f3f8cc477f5f
Angry_048.wav,E:\PROJECT 33\PROJECT 33\backend\sample_datasets\audio_dataset\Angry\Angry_048.wav,Angry,44144,edcaddee4da2464c89fdc855841c0f28f4aa55c7c93891b8b1c3f3f8cc477f5f
Angry_049.wav,E:\PROJECT 33\PROJECT 33\backend\sample_datasets\audio_dataset\Angry\Angry_049.wav,Angry,44144,edcaddee4da2464c89fdc855841c0f28f4aa55c7c93891b8b1c3f3f8cc477f5f
Angry_050.wav,E:\PROJECT 33\PROJECT 33\backend\sample_datasets\audio_dataset\Angry\Angry_050.wav,Angry,44144,edcaddee4da2464c89fdc855841c0f28f4aa55c7c93891b8b1c3f3f8cc477f5f
Angry_051.wav,E:\PROJECT 33\PROJECT 33\backend\sample_datasets\audio_dataset\Angry\Angry_051.wav,Angry,44144,edcaddee4da2464c89fdc855841c0f28f4aa55c7c93891b8b1c3f3f8cc477f5f
Angry_052.wav,E:\PROJECT 33\PROJECT 33\backend\sample_datasets\audio_dataset\Angry\Angry_052.wav,Angry,44144,edcaddee4da2464c89fdc855841c0f28f4aa55c7c93891b8b1c3f3f8cc477f5f
Angry_053.wav,E:\PROJECT 33\PROJECT 33\backend\sample_datasets\audio_dataset\Angry\Angry_053.wav,Angry,44144,edcaddee4da2464c89fdc855841c0f28f4aa55c7c93891b8b1c3f3f8cc477f5f
Angry_054.wav,E:\PROJECT 33\PROJECT 33\backend\sample_datasets\audio_dataset\Angry\Angry_054.wav,Angry,44144,edcaddee4da2464c89fdc855841c0f28f4aa55c7c93891b8b1c3f3f8cc477f5f
Angry_055.wav,E:\PROJECT 33\PROJECT 33\backend\sample_datasets\audio_dataset\Angry\Angry_055.wav,Angry,44144,edcaddee4da2464c89fdc855841c0f28f4aa55c7c93891b8b1c3f3f8cc477f5f
Angry_056.wav,E:\PROJECT 33\PROJECT 33\backend\sample_datasets\audio_dataset\Angry\Angry_056.wav,Angry,44144,edcaddee4da2464c89fdc855841c0f28f4aa55c7c93891b8b1c3f3f8cc477f5f
Angry_057.wav,E:\PROJECT 33\PROJECT 33\backend\sample_datasets\audio_dataset\Angry\Angry_057.wav,Angry,44144,edcaddee4da2464c89fdc855841c0f28f4aa55c7c93891b8b1c3f3f8cc477f5f
Angry_058.wav,E:\PROJECT 33\PROJECT 33\backend\sample_datasets\audio_dataset\Angry\Angry_058.wav,Angry,44144,edcaddee4da2464c89fdc855841c0f28f4aa55c7c93891b8b1c3f3f8cc477f5f
Angry_059.wav,E:\PROJECT 33\PROJECT 33\backend\sample_datasets\audio_dataset\Angry\Angry_059.wav,Angry,44144,edcaddee4da2464c89fdc855841c0f28f4aa55c7c93891b8b1c3f3f8cc477f5f
Angry_060.wav,E:\PROJECT 33\PROJECT 33\backend\sample_datasets\audio_dataset\Angry\Angry_060.wav,Angry,44144,edcaddee4da2464c89fdc855841c0f28f4aa55c7c93891b8b1c3f3f8cc477f5f
Angry_061.wav,E:\PROJECT 33\PROJECT 33\backend\sample_datasets\audio_dataset\Angry\Angry_061.wav,Angry,44144,edcaddee4da2464c89fdc855841c0f28f4aa55c7c93891b8b1c3f3f8cc477f5f
Angry_062.wav,E:\PROJECT 33\PROJECT 33\backend\sample_datasets\audio_dataset\Angry\Angry_062.wav,Angry,44144,edcaddee4da2464c89fdc855841c0f28f4aa55c7c93891b8b1c3f3f8cc477f5f
Angry_063.wav,E:\PROJECT 33\PROJECT 33\backend\sample_datasets\audio_dataset\Angry\Angry_063.wav,Angry,44144,edcaddee4da2464c89fdc855841c0f28f4aa55c7c93891b8b1c3f3f8cc477f5f
Angry_064.wav,E:\PROJECT 33\PROJECT 33\backend\sample_datasets\audio_dataset\Angry\Angry_064.wav,Angry,44144,edcaddee4da2464c89fdc855841c0f28f4aa55c7c93891b8b1c3f3f8cc477f5f
Angry_065.wav,E:\PROJECT 33\PROJECT 33\backend\sample_datasets\audio_dataset\Angry\Angry_065.wav,Angry,44144,edcaddee4da2464c89fdc855841c0f28f4aa55c7c93891b8b1c3f3f8cc477f5f
Angry_066.wav,E:\PROJECT 33\PROJECT 33\backend\sample_datasets\audio_dataset\Angry\Angry_066.wav,Angry,44144,edcaddee4da2464c89fdc855841c0f28f4aa55c7c93891b8b1c3f3f8cc477f5f
Angry_067.wav,E:\PROJECT 33\PROJECT 33\backend\sample_datasets\audio_dataset\Angry\Angry_067.wav,Angry,44144,edcaddee4da2464c89fdc855841c0f28f4aa55c7c93891b8b1c3f3f8cc477f5f
Angry_068.wav,E:\PROJECT 33\PROJECT 33\backend\sample_datasets\audio_dataset\Angry\Angry_068.wav,Angry,44144,edcaddee4da2464c89fdc855841c0f28f4aa55c7c93891b8b1c3f3f8cc477f5f
Angry_069.wav,E:\PROJECT 33\PROJECT 33\backend\sample_datasets\audio_dataset\Angry\Angry_069.wav,Angry,44144,edcaddee4da2464c89fdc855841c0f28f4aa55c7c93891b8b1c3f3f8cc477f5f
Angry_070.wav,E:\PROJECT 33\PROJECT 33\backend\sample_datasets\audio_dataset\Angry\Angry_070.wav,Angry,44144,edcaddee4da2464c89fdc855841c0f28f4aa55c7c93891b8b1c3f3f8cc477f5f
Angry_071.wav,E:\PROJECT 33\PROJECT 33\backend\sample_datasets\audio_dataset\Angry\Angry_071.wav,Angry,44144,edcaddee4da2464c89fdc855841c0f28f4aa55c7c93891b8b1c3f3f8cc477f5f
Angry_072.wav,E:\PROJECT 33\PROJECT 33\backend\sample_datasets\audio_dataset\Angry\Angry_072.wav,Angry,44144,edcaddee4da2464c89fdc855841c0f28f4aa55c7c93891b8b1c3f3f8cc477f5f
Angry_073.wav,E:\PROJECT 33\PROJECT 33\backend\sample_datasets\audio_dataset\Angry\Angry_073.wav,Angry,44144,edcaddee4da2464c89fdc855841c0f28f4aa55c7c93891b8b1c3f3f8cc477f5f
Angry_074.wav,E:\PROJECT 33\PROJECT 33\backend\sample_datasets\audio_dataset\Angry\Angry_074.wav,Angry,44144,edcaddee4da2464c89fdc855841c0f28f4aa55c7c93891b8b1c3f3f8cc477f5f
Angry_075.wav,E:\PROJECT 33\PROJECT 33\backend\sample_datasets\audio_dataset\Angry\Angry_075.wav,Angry,44144,edcaddee4da2464c89fdc855841c0f28f4aa55c7c93891b8b1c3f3f8cc477f5f
Angry_076.wav,E:\PROJECT 33\PROJECT 33\backend\sample_datasets\audio_dataset\Angry\Angry_076.wav,Angry,44144,edcaddee4da2464c89fdc855841c0f28f4aa55c7c93891b8b1c3f3f8cc477f5f
Angry_077.wav,E:\PROJECT 33\PROJECT 33\backend\sample_datasets\audio_dataset\Angry\Angry_077.wav,Angry,44144,edcaddee4da2464c89fdc855841c0f28f4aa55c7c93891b8b1c3f3f8cc477f5f
Angry_078.wav,E:\PROJECT 33\PROJECT 33\backend\sample_datasets\audio_dataset\Angry\Angry_078.wav,Angry,44144,edcaddee4da2464c89fdc855841c0f28f4aa55c7c93891b8b1c3f3f8cc477f5f
Angry_079.wav,E:\PROJECT 33\PROJECT 33\backend\sample_datasets\audio_dataset\Angry\Angry_079.wav,Angry,44144,edcaddee4da2464c89fdc855841c0f28f4aa55c7c93891b8b1c3f3f8cc477f5f
Angry_080.wav,E:\PROJECT 33\PROJECT 33\backend\sample_datasets\audio_dataset\Angry\Angry_080.wav,Angry,44144,edcaddee4da2464c89fdc855841c0f28f4aa55c7c93891b8b1c3f3f8cc477f5f
Angry_081.wav,E:\PROJECT 33\PROJECT 33\backend\sample_datasets\audio_dataset\Angry\Angry_081.wav,Angry,44144,edcaddee4da2464c89fdc855841c0f28f4aa55c7c93891b8b1c3f3f8cc477f5f
Angry_082.wav,E:\PROJECT 33\PROJECT 33\backend\sample_datasets\audio_dataset\Angry\Angry_082.wav,Angry,44144,edcaddee4da2464c89fdc855841c0f28f4aa55c7c93891b8b1c3f3f8cc477f5f
Angry_083.wav,E:\PROJECT 33\PROJECT 33\backend\sample_datasets\audio_dataset\Angry\Angry_083.wav,Angry,44144,edcaddee4da2464c89fdc855841c0f28f4aa55c7c93891b8b1c3f3f8cc477f5f
Angry_084.wav,E:\PROJECT 33\PROJECT 33\backend\sample_datasets\audio_dataset\Angry\Angry_084.wav,Angry,44144,edcaddee4da2464c89fdc855841c0f28f4aa55c7c93891b8b1c3f3f8cc477f5f
Angry_085.wav,E:\PROJECT 33\PROJECT 33\backend\sample_datasets\audio_dataset\Angry\Angry_085.wav,Angry,44144,edcaddee4da2464c89fdc855841c0f28f4aa55c7c93891b8b1c3f3f8cc477f5f
Angry_086.wav,E:\PROJECT 33\PROJECT 33\backend\sample_datasets\audio_dataset\Angry\Angry_086.wav,Angry,44144,edcaddee4da2464c89fdc855841c0f28f4aa55c7c93891b8b1c3f3f8cc477f5f
Angry_087.wav,E:\PROJECT 33\PROJECT 33\backend\sample_datasets\audio_dataset\Angry\Angry_087.wav,Angry,44144,edcaddee4da2464c89fdc855841c0f28f4aa55c7c93891b8b1c3f3f8cc477f5f
Angry_088.wav,E:\PROJECT 33\PROJECT 33\backend\sample_datasets\audio_dataset\Angry\Angry_088.wav,Angry,44144,edcaddee4da2464c89fdc855841c0f28f4aa55c7c93891b8b1c3f3f8cc477f5f
Angry_089.wav,E:\PROJECT 33\PROJECT 33\backend\sample_datasets\audio_dataset\Angry\Angry_089.wav,Angry,44144,edcaddee4da2464c89fdc855841c0f28f4aa55c7c93891b8b1c3f3f8cc477f5f
Angry_090.wav,E:\PROJECT 33\PROJECT 33\backend\sample_datasets\audio_dataset\Angry\Angry_090.wav,Angry,44144,edcaddee4da2464c89fdc855841c0f28f4aa55c7c93891b8b1c3f3f8cc477f5f
Angry_091.wav,E:\PROJECT 33\PROJECT 33\backend\sample_datasets\audio_dataset\Angry\Angry_091.wav,Angry,44144,edcaddee4da2464c89fdc855841c0f28f4aa55c7c93891b8b1c3f3f8cc477f5f
Angry_092.wav,E:\PROJECT 33\PROJECT 33\backend\sample_datasets\audio_dataset\Angry\Angry_092.wav,Angry,44144,edcaddee4da2464c89fdc855841c0f28f4aa55c7c93891b8b1c3f3f8cc477f5f
Angry_093.wav,E:\PROJECT 33\PROJECT 33\backend\sample_datasets\audio_dataset\Angry\Angry_093.wav,Angry,44144,edcaddee4da2464c89fdc855841c0f28f4aa55c7c93891b8b1c3f3f8cc477f5f
Angry_094.wav,E:\PROJECT 33\PROJECT 33\backend\sample_datasets\audio_dataset\Angry\Angry_094.wav,Angry,44144,edcaddee4da2464c89fdc855841c0f28f4aa55c7c93891b8b1c3f3f8cc477f5f
Angry_095.wav,E:\PROJECT 33\PROJECT 33\backend\sample_datasets\audio_dataset\Angry\Angry_095.wav,Angry,44144,edcaddee4da2464c89fdc855841c0f28f4aa55c7c93891b8b1c3f3f8cc477f5f
Angry_096.wav,E:\PROJECT 33\PROJECT 33\backend\sample_datasets\audio_dataset\Angry\Angry_096.wav,Angry,44144,edcaddee4da2464c89fdc855841c0f28f4aa55c7c93891b8b1c3f3f8cc477f5f
Angry_097.wav,E:\PROJECT 33\PROJECT 33\backend\sample_datasets\audio_dataset\Angry\Angry_097.wav,Angry,44144,edcaddee4da2464c89fdc855841c0f28f4aa55c7c93891b8b1c3f3f8cc477f5f
Angry_098.wav,E:\PROJECT 33\PROJECT 33\backend\sample_datasets\audio_dataset\Angry\Angry_098.wav,Angry,44144,edcaddee4da2464c89fdc855841c0f28f4aa55c7c93891b8b1c3f3f8cc477f5f
Angry_099.wav,E:\PROJECT 33\PROJECT 33\backend\sample_datasets\audio_dataset\Angry\Angry_099.wav,Angry,44144,edcaddee4da2464c89fdc855841c0f28f4aa55c7c93891b8b1c3f3f8cc477f5f
Angry_100.wav,E:\PROJECT 33\PROJECT 33\backend\sample_datasets\audio_dataset\Angry\Angry_100.wav,Angry,44144,edcaddee4da2464c89fdc855841c0f28f4aa55c7c93891b8b1c3f3f8cc477f5f
Angry_101.wav,E:\PROJECT 33\PROJECT 33\backend\sample_datasets\audio_dataset\Angry\Angry_101.wav,Angry,44144,edcaddee4da2464c89fdc855841c0f28f4aa55c7c93891b8b1c3f3f8cc477f5f
Angry_102.wav,E:\PROJECT 33\PROJECT 33\backend\sample_datasets\audio_dataset\Angry\Angry_102.wav,Angry,44144,edcaddee4da2464c89fdc855841c0f28f4aa55c7c93891b8b1c3f3f8cc477f5f
Angry_103.wav,E:\PROJECT 33\PROJECT 33\backend\sample_datasets\audio_dataset\Angry\Angry_103.wav,Angry,44144,edcaddee4da2464c89fdc855841c0f28f4aa55c7c93891b8b1c3f3f8cc477f5f
Angry_104.wav,E:\PROJECT 33\PROJECT 33\backend\sample_datasets\audio_dataset\Angry\Angry_104.wav,Angry,44144,edcaddee4da2464c89fdc855841c0f28f4aa55c7c93891b8b1c3f3f8cc477f5f
Angry_105.wav,E:\PROJECT 33\PROJECT 33\backend\sample_datasets\audio_dataset\Angry\Angry_105.wav,Angry,44144,edcaddee4da2464c89fdc855841c0f28f4aa55c7c93891b8b1c3f3f8cc477f5f
Angry_106.wav,E:\PROJECT 33\PROJECT 33\backend\sample_datasets\audio_dataset\Angry\Angry_106.wav,Angry,44144,edcaddee4da2464c89fdc855841c0f28f4aa55c7c93891b8b1c3f3f8cc477f5f
Angry_107.wav,E:\PROJECT 33\PROJECT 33\backend\sample_datasets\audio_dataset\Angry\Angry_107.wav,Angry,44144,edcaddee4da2464c89fdc855841c0f28f4aa55c7c93891b8b1c3f3f8cc477f5f
Angry_108.wav,E:\PROJECT 33\PROJECT 33\backend\sample_datasets\audio_dataset\Angry\Angry_108.wav,Angry,44144,edcaddee4da2464c89fdc855841c0f28f4aa55c7c93891b8b1c3f3f8cc477f5f
Angry_109.wav,E:\PROJECT 33\PROJECT 33\backend\sample_datasets\audio_dataset\Angry\Angry_109.wav,Angry,44144,edcaddee4da2464c89fdc855841c0f28f4aa55c7c93891b8b1c3f3f8cc477f5f
Angry_110.wav,E:\PROJECT 33\PROJECT 33\backend\sample_datasets\audio_dataset\Angry\Angry_110.wav,Angry,44144,edcaddee4da2464c89fdc855841c0f28f4aa55c7c93891b8b1c3f3f8cc477f5f
Angry_111.wav,E:\PROJECT 33\PROJECT 33\backend\sample_datasets\audio_dataset\Angry\Angry_111.wav,Angry,44144,edcaddee4da2464c89fdc855841c0f28f4aa55c7c93891b8b1c3f3f8cc477f5f
Angry_112.wav,E:\PROJECT 33\PROJECT 33\backend\sample_datasets\audio_dataset\Angry\Angry_112.wav,Angry,44144,edcaddee4da2464c89fdc855841c0f28f4aa55c7c93891b8b1c3f3f8cc477f5f
Angry_113.wav,E:\PROJECT 33\PROJECT 33\backend\sample_datasets\audio_dataset\Angry\Angry_113.wav,Angry,44144,edcaddee4da2464c89fdc855841c0f28f4aa55c7c93891b8b1c3f3f8cc477f5f
Angry_114.wav,E:\PROJECT 33\PROJECT 33\backend\sample_datasets\audio_dataset\Angry\Angry_114.wav,Angry,44144,edcaddee4da2464c89fdc855841c0f28f4aa55c7c93891b8b1c3f3f8cc477f5f
Angry_115.wav,E:\PROJECT 33\PROJECT 33\backend\sample_datasets\audio_dataset\Angry\Angry_115.wav,Angry,44144,edcaddee4da2464c89fdc855841c0f28f4aa55c7c93891b8b1c3f3f8cc477f5f
Angry_116.wav,E:\PROJECT 33\PROJECT 33\backend\sample_datasets\audio_dataset\Angry\Angry_116.wav,Angry,44144,edcaddee4da2464c89fdc855841c0f28f4aa55c7c93891b8b1c3f3f8cc477f5f
Angry_117.wav,E:\PROJECT 33\PROJECT 33\backend\sample_datasets\audio_dataset\Angry\Angry_117.wav,Angry,44144,edcaddee4da2464c89fdc855841c0f28f4aa55c7c93891b8b1c3f3f8cc477f5f
Angry_118.wav,E:\PROJECT 33\PROJECT 33\backend\sample_datasets\audio_dataset\Angry\Angry_118.wav,Angry,44144,edcaddee4da2464c89fdc855841c0f28f4aa55c7c93891b8b1c3f3f8cc477f5f
Angry_119.wav,E:\PROJECT 33\PROJECT 33\backend\sample_datasets\audio_dataset\Angry\Angry_119.wav,Angry,44144,edcaddee4da2464c89fdc855841c0f28f4aa55c7c93891b8b1c3f3f8cc477f5f
Angry_120.wav,E:\PROJECT 33\PROJECT 33\backend\sample_datasets\audio_dataset\Angry\Angry_120.wav,Angry,44144,edcaddee4da2464c89fdc855841c0f28f4aa55c7c93891b8b1c3f3f8cc477f5f
Angry_121.wav,E:\PROJECT 33\PROJECT 33\backend\sample_datasets\audio_dataset\Angry\Angry_121.wav,Angry,44144,edcaddee4da2464c89fdc855841c0f28f4aa55c7c93891b8b1c3f3f8cc477f5f
Angry_122.wav,E:\PROJECT 33\PROJECT 33\backend\sample_datasets\audio_dataset\Angry\Angry_122.wav,Angry,44144,edcaddee4da2464c89fdc855841c0f28f4aa55c7c93891b8b1c3f3f8cc477f5f
Angry_123.wav,E:\PROJECT 33\PROJECT 33\backend\sample_datasets\audio_dataset\Angry\Angry_123.wav,Angry,44144,edcaddee4da2464c89fdc855841c0f28f4aa55c7c93891b8b1c3f3f8cc477f5f
Angry_124.wav,E:\PROJECT 33\PROJECT 33\backend\sample_datasets\audio_dataset\Angry\Angry_124.wav,Angry,44144,edcaddee4da2464c89fdc855841c0f28f4aa55c7c93891b8b1c3f3f8cc477f5f
Angry_125.wav,E:\PROJECT 33\PROJECT 33\backend\sample_datasets\audio_dataset\Angry\Angry_125.wav,Angry,44144,edcaddee4da2464c89fdc855841c0f28f4aa55c7c93891b8b1c3f3f8cc477f5f
Angry_126.wav,E:\PROJECT 33\PROJECT 33\backend\sample_datasets\audio_dataset\Angry\Angry_126.wav,Angry,44144,edcaddee4da2464c89fdc855841c0f28f4aa55c7c93891b8b1c3f3f8cc477f5f
Angry_127.wav,E:\PROJECT 33\PROJECT 33\backend\sample_datasets\audio_dataset\Angry\Angry_127.wav,Angry,44144,edcaddee4da2464c89fdc855841c0f28f4aa55c7c93891b8b1c3f3f8cc477f5f
Angry_128.wav,E:\PROJECT 33\PROJECT 33\backend\sample_datasets\audio_dataset\Angry\Angry_128.wav,Angry,44144,edcaddee4da2464c89fdc855841c0f28f4aa55c7c93891b8b1c3f3f8cc477f5f
Angry_129.wav,E:\PROJECT 33\PROJECT 33\backend\sample_datasets\audio_dataset\Angry\Angry_129.wav,Angry,44144,edcaddee4da2464c89fdc855841c0f28f4aa55c7c93891b8b1c3f3f8cc477f5f
Angry_130.wav,E:\PROJECT 33\PROJECT 33\backend\sample_datasets\audio_dataset\Angry\Angry_130.wav,Angry,44144,edcaddee4da2464c89fdc855841c0f28f4aa55c7c93891b8b1c3f3f8cc477f5f
Angry_131.wav,E:\PROJECT 33\PROJECT 33\backend\sample_datasets\audio_dataset\Angry\Angry_131.wav,Angry,44144,edcaddee4da2464c89fdc855841c0f28f4aa55c7c93891b8b1c3f3f8cc477f5f
Angry_132.wav,E:\PROJECT 33\PROJECT 33\backend\sample_datasets\audio_dataset\Angry\Angry_132.wav,Angry,44144,edcaddee4da2464c89fdc855841c0f28f4aa55c7c93891b8b1c3f3f8cc477f5f
Angry_133.wav,E:\PROJECT 33\PROJECT 33\backend\sample_datasets\audio_dataset\Angry\Angry_133.wav,Angry,44144,edcaddee4da2464c89fdc855841c0f28f4aa55c7c93891b8b1c3f3f8cc477f5f
Angry_134.wav,E:\PROJECT 33\PROJECT 33\backend\sample_datasets\audio_dataset\Angry\Angry_134.wav,Angry,44144,edcaddee4da2464c89fdc855841c0f28f4aa55c7c93891b8b1c3f3f8cc477f5f
Angry_135.wav,E:\PROJECT 33\PROJECT 33\backend\sample_datasets\audio_dataset\Angry\Angry_135.wav,Angry,44144,edcaddee4da2464c89fdc855841c0f28f4aa55c7c93891b8b1c3f3f8cc477f5f
Angry_136.wav,E:\PROJECT 33\PROJECT 33\backend\sample_datasets\audio_dataset\Angry\Angry_136.wav,Angry,44144,edcaddee4da2464c89fdc855841c0f28f4aa55c7c93891b8b1c3f3f8cc477f5f
Angry_137.wav,E:\PROJECT 33\PROJECT 33\backend\sample_datasets\audio_dataset\Angry\Angry_137.wav,Angry,44144,edcaddee4da2464c89fdc855841c0f28f4aa55c7c93891b8b1c3f3f8cc477f5f
Angry_138.wav,E:\PROJECT 33\PROJECT 33\backend\sample_datasets\audio_dataset\Angry\Angry_138.wav,Angry,44144,edcaddee4da2464c89fdc855841c0f28f4aa55c7c93891b8b1c3f3f8cc477f5f
Angry_139.wav,E:\PROJECT 33\PROJECT 33\backend\sample_datasets\audio_dataset\Angry\Angry_139.wav,Angry,44144,edcaddee4da2464c89fdc855841c0f28f4aa55c7c93891b8b1c3f3f8cc477f5f
Angry_140.wav,E:\PROJECT 33\PROJECT 33\backend\sample_datasets\audio_dataset\Angry\Angry_140.wav,Angry,44144,edcaddee4da2464c89fdc855841c0f28f4aa55c7c93891b8b1c3f3f8cc477f5f
Angry_141.wav,E:\PROJECT 33\PROJECT 33\backend\sample_datasets\audio_dataset\Angry\Angry_141.wav,Angry,44144,edcaddee4da2464c89fdc855841c0f28f4aa55c7c93891b8b1c3f3f8cc477f5f
Angry_142.wav,E:\PROJECT 33\PROJECT 33\backend\sample_datasets\audio_dataset\Angry\Angry_142.wav,Angry,44144,edcaddee4da2464c89fdc855841c0f28f4aa55c7c93891b8b1c3f3f8cc477f5f
Angry_143.wav,E:\PROJECT 33\PROJECT 33\backend\sample_datasets\audio_dataset\Angry\Angry_143.wav,Angry,44144,edcaddee4da2464c89fdc855841c0f28f4aa55c7c93891b8b1c3f3f8cc477f5f
Angry_144.wav,E:\PROJECT 33\PROJECT 33\backend\sample_datasets\audio_dataset\Angry\Angry_144.wav,Angry,44144,edcaddee4da2464c89fdc855841c0f28f4aa55c7c93891b8b1c3f3f8cc477f5f
Angry_145.wav,E:\PROJECT 33\PROJECT 33\backend\sample_datasets\audio_dataset\Angry\Angry_145.wav,Angry,44144,edcaddee4da2464c89fdc855841c0f28f4aa55c7c93891b8b1c3f3f8cc477f5f
Angry_146.wav,E:\PROJECT 33\PROJECT 33\backend\sample_datasets\audio_dataset\Angry\Angry_146.wav,Angry,44144,edcaddee4da2464c89fdc855841c0f28f4aa55c7c93891b8b1c3f3f8cc477f5f
Angry_147.wav,E:\PROJECT 33\PROJECT 33\backend\sample_datasets\audio_dataset\Angry\Angry_147.wav,Angry,44144,edcaddee4da2464c89fdc855841c0f28f4aa55c7c93891b8b1c3f3f8cc477f5f
Angry_148.wav,E:\PROJECT 33\PROJECT 33\backend\sample_datasets\audio_dataset\Angry\Angry_148.wav,Angry,44144,edcaddee4da2464c89fdc855841c0f28f4aa55c7c93891b8b1c3f3f8cc477f5f
Angry_149.wav,E:\PROJECT 33\PROJECT 33\backend\sample_datasets\audio_dataset\Angry\Angry_149.wav,Angry,44144,edcaddee4da2464c89fdc855841c0f28f4aa55c7c93891b8b1c3f3f8cc477f5f
Angry_150.wav,E:\PROJECT 33\PROJECT 33\backend\sample_datasets\audio_dataset\Angry\Angry_150.wav,Angry,44144,edcaddee4da2464c89fdc855841c0f28f4aa55c7c93891b8b1c3f3f8cc477f5f
Angry_151.wav,E:\PROJECT 33\PROJECT 33\backend\sample_datasets\audio_dataset\Angry\Angry_151.wav,Angry,44144,edcaddee4da2464c89fdc855841c0f28f4aa55c7c93891b8b1c3f3f8cc477f5f
Angry_152.wav,E:\PROJECT 33\PROJECT 33\backend\sample_datasets\audio_dataset\Angry\Angry_152.wav,Angry,44144,edcaddee4da2464c89fdc855841c0f28f4aa55c7c93891b8b1c3f3f8cc477f5f
Angry_153.wav,E:\PROJECT 33\PROJECT 33\backend\sample_datasets\audio_dataset\Angry\Angry_153.wav,Angry,44144,edcaddee4da2464c89fdc855841c0f28f4aa55c7c93891b8b1c3f3f8cc477f5f
Angry_154.wav,E:\PROJECT 33\PROJECT 33\backend\sample_datasets\audio_dataset\Angry\Angry_154.wav,Angry,44144,edcaddee4da2464c89fdc855841c0f28f4aa55c7c93891b8b1c3f3f8cc477f5f
Angry_155.wav,E:\PROJECT 33\PROJECT 33\backend\sample_datasets\audio_dataset\Angry\Angry_155.wav,Angry,44144,edcaddee4da2464c89fdc855841c0f28f4aa55c7c93891b8b1c3f3f8cc477f5f
Angry_156.wav,E:\PROJECT 33\PROJECT 33\backend\sample_datasets\audio_dataset\Angry\Angry_156.wav,Angry,44144,edcaddee4da2464c89fdc855841c0f28f4aa55c7c93891b8b1c3f3f8cc477f5f
Angry_157.wav,E:\PROJECT 33\PROJECT 33\backend\sample_datasets\audio_dataset\Angry\Angry_157.wav,Angry,44144,edcaddee4da2464c89fdc855841c0f28f4aa55c7c93891b8b1c3f3f8cc477f5f
Angry_158.wav,E:\PROJECT 33\PROJECT 33\backend\sample_datasets\audio_dataset\Angry\Angry_158.wav,Angry,44144,edcaddee4da2464c89fdc855841c0f28f4aa55c7c93891b8b1c3f3f8cc477f5f
Angry_159.wav,E:\PROJECT 33\PROJECT 33\backend\sample_datasets\audio_dataset\Angry\Angry_159.wav,Angry,44144,edcaddee4da2464c89fdc855841c0f28f4aa55c7c93891b8b1c3f3f8cc477f5f
Angry_160.wav,E:\PROJECT 33\PROJECT 33\backend\sample_datasets\audio_dataset\Angry\Angry_160.wav,Angry,44144,edcaddee4da2464c89fdc855841c0f28f4aa55c7c93891b8b1c3f3f8cc477f5f
Angry_161.wav,E:\PROJECT 33\PROJECT 33\backend\sample_datasets\audio_dataset\Angry\Angry_161.wav,Angry,44144,edcaddee4da2464c89fdc855841c0f28f4aa55c7c93891b8b1c3f3f8cc477f5f
Angry_162.wav,E:\PROJECT 33\PROJECT 33\backend\sample_datasets\audio_dataset\Angry\Angry_162.wav,Angry,44144,edcaddee4da2464c89fdc855841c0f28f4aa55c7c93891b8b1c3f3f8cc477f5f
Angry_163.wav,E:\PROJECT 33\PROJECT 33\backend\sample_datasets\audio_dataset\Angry\Angry_163.wav,Angry,44144,edcaddee4da2464c89fdc855841c0f28f4aa55c7c93891b8b1c3f3f8cc477f5f
Angry_164.wav,E:\PROJECT 33\PROJECT 33\backend\sample_datasets\audio_dataset\Angry\Angry_164.wav,Angry,44144,edcaddee4da2464c89fdc855841c0f28f4aa55c7c93891b8b1c3f3f8cc477f5f
Angry_165.wav,E:\PROJECT 33\PROJECT 33\backend\sample_datasets\audio_dataset\Angry\Angry_165.wav,Angry,44144,edcaddee4da2464c89fdc855841c0f28f4aa55c7c93891b8b1c3f3f8cc477f5f
Angry_166.wav,E:\PROJECT 33\PROJECT 33\backend\sample_datasets\audio_dataset\Angry\Angry_166.wav,Angry,44144,edcaddee4da2464c89fdc855841c0f28f4aa55c7c93891b8b1c3f3f8cc477f5f
Angry_167.wav,E:\PROJECT 33\PROJECT 33\backend\sample_datasets\audio_dataset\Angry\Angry_167.wav,Angry,44144,edcaddee4da2464c89fdc855841c0f28f4aa55c7c93891b8b1c3f3f8cc477f5f
Angry_168.wav,E:\PROJECT 33\PROJECT 33\backend\sample_datasets\audio_dataset\Angry\Angry_168.wav,Angry,44144,edcaddee4da2464c89fdc855841c0f28f4aa55c7c93891b8b1c3f3f8cc477f5f
Angry_169.wav,E:\PROJECT 33\PROJECT 33\backend\sample_datasets\audio_dataset\Angry\Angry_169.wav,Angry,44144,edcaddee4da2464c89fdc855841c0f28f4aa55c7c93891b8b1c3f3f8cc477f5f
Angry_170.wav,E:\PROJECT 33\PROJECT 33\backend\sample_datasets\audio_dataset\Angry\Angry_170.wav,Angry,44144,edcaddee4da2464c89fdc855841c0f28f4aa55c7c93891b8b1c3f3f8cc477f5f
Angry_171.wav,E:\PROJECT 33\PROJECT 33\backend\sample_datasets\audio_dataset\Angry\Angry_171.wav,Angry,44144,edcaddee4da2464c89fdc855841c0f28f4aa55c7c93891b8b1c3f3f8cc477f5f
Angry_172.wav,E:\PROJECT 33\PROJECT 33\backend\sample_datasets\audio_dataset\Angry\Angry_172.wav,Angry,44144,edcaddee4da2464c89fdc855841c0f28f4aa55c7c93891b8b1c3f3f8cc477f5f
Angry_173.wav,E:\PROJECT 33\PROJECT 33\backend\sample_datasets\audio_dataset\Angry\Angry_173.wav,Angry,44144,edcaddee4da2464c89fdc855841c0f28f4aa55c7c93891b8b1c3f3f8cc477f5f
Angry_174.wav,E:\PROJECT 33\PROJECT 33\backend\sample_datasets\audio_dataset\Angry\Angry_174.wav,Angry,44144,edcaddee4da2464c89fdc855841c0f28f4aa55c7c93891b8b1c3f3f8cc477f5f
Angry_175.wav,E:\PROJECT 33\PROJECT 33\backend\sample_datasets\audio_dataset\Angry\Angry_175.wav,Angry,44144,edcaddee4da2464c89fdc855841c0f28f4aa55c7c93891b8b1c3f3f8cc477f5f
Angry_176.wav,E:\PROJECT 33\PROJECT 33\backend\sample_datasets\audio_dataset\Angry\Angry_176.wav,Angry,44144,edcaddee4da2464c89fdc855841c0f28f4aa55c7c93891b8b1c3f3f8cc477f5f
Angry_177.wav,E:\PROJECT 33\PROJECT 33\backend\sample_datasets\audio_dataset\Angry\Angry_177.wav,Angry,44144,edcaddee4da2464c89fdc855841c0f28f4aa55c7c93891b8b1c3f3f8cc477f5f
Angry_178.wav,E:\PROJECT 33\PROJECT 33\backend\sample_datasets\audio_dataset\Angry\Angry_178.wav,Angry,44144,edcaddee4da2464c89fdc855841c0f28f4aa55c7c93891b8b1c3f3f8cc477f5f
Angry_179.wav,E:\PROJECT 33\PROJECT 33\backend\sample_datasets\audio_dataset\Angry\Angry_179.wav,Angry,44144,edcaddee4da2464c89fdc855841c0f28f4aa55c7c93891b8b1c3f3f8cc477f5f
Angry_180.wav,E:\PROJECT 33\PROJECT 33\backend\sample_datasets\audio_dataset\Angry\Angry_180.wav,Angry,44144,edcaddee4da2464c89fdc855841c0f28f4aa55c7c93891b8b1c3f3f8cc477f5f
Angry_181.wav,E:\PROJECT 33\PROJECT 33\backend\sample_datasets\audio_dataset\Angry\Angry_181.wav,Angry,44144,edcaddee4da2464c89fdc855841c0f28f4aa55c7c93891b8b1c3f3f8cc477f5f
Angry_182.wav,E:\PROJECT 33\PROJECT 33\backend\sample_datasets\audio_dataset\Angry\Angry_182.wav,Angry,44144,edcaddee4da2464c89fdc855841c0f28f4aa55c7c93891b8b1c3f3f8cc477f5f
Angry_183.wav,E:\PROJECT 33\PROJECT 33\backend\sample_datasets\audio_dataset\Angry\Angry_183.wav,Angry,44144,edcaddee4da2464c89fdc855841c0f28f4aa55c7c93891b8b1c3f3f8cc477f5f
Angry_184.wav,E:\PROJECT 33\PROJECT 33\backend\sample_datasets\audio_dataset\Angry\Angry_184.wav,Angry,44144,edcaddee4da2464c89fdc855841c0f28f4aa55c7c93891b8b1c3f3f8cc477f5f
Angry_185.wav,E:\PROJECT 33\PROJECT 33\backend\sample_datasets\audio_dataset\Angry\Angry_185.wav,Angry,44144,edcaddee4da2464c89fdc855841c0f28f4aa55c7c93891b8b1c3f3f8cc477f5f
Angry_186.wav,E:\PROJECT 33\PROJECT 33\backend\sample_datasets\audio_dataset\Angry\Angry_186.wav,Angry,44144,edcaddee4da2464c89fdc855841c0f28f4aa55c7c93891b8b1c3f3f8cc477f5f
Angry_187.wav,E:\PROJECT 33\PROJECT 33\backend\sample_datasets\audio_dataset\Angry\Angry_187.wav,Angry,44144,edcaddee4da2464c89fdc855841c0f28f4aa55c7c93891b8b1c3f3f8cc477f5f
Angry_188.wav,E:\PROJECT 33\PROJECT 33\backend\sample_datasets\audio_dataset\Angry\Angry_188.wav,Angry,44144,edcaddee4da2464c89fdc855841c0f28f4aa55c7c93891b8b1c3f3f8cc477f5f
Angry_189.wav,E:\PROJECT 33\PROJECT 33\backend\sample_datasets\audio_dataset\Angry\Angry_189.wav,Angry,44144,edcaddee4da2464c89fdc855841c0f28f4aa55c7c93891b8b1c3f3f8cc477f5f
Angry_190.wav,E:\PROJECT 33\PROJECT 33\backend\sample_datasets\audio_dataset\Angry\Angry_190.wav,Angry,44144,edcaddee4da2464c89fdc855841c0f28f4aa55c7c93891b8b1c3f3f8cc477f5f
Angry_191.wav,E:\PROJECT 33\PROJECT 33\backend\sample_datasets\audio_dataset\Angry\Angry_191.wav,Angry,44144,edcaddee4da2464c89fdc855841c0f28f4aa55c7c93891b8b1c3f3f8cc477f5f
Angry_192.wav,E:\PROJECT 33\PROJECT 33\backend\sample_datasets\audio_dataset\Angry\Angry_192.wav,Angry,44144,edcaddee4da2464c89fdc855841c0f28f4aa55c7c93891b8b1c3f3f8cc477f5f
Angry_193.wav,E:\PROJECT 33\PROJECT 33\backend\sample_datasets\audio_dataset\Angry\Angry_193.wav,Angry,44144,edcaddee4da2464c89fdc855841c0f28f4aa55c7c93891b8b1c3f3f8cc477f5f
Angry_194.wav,E:\PROJECT 33\PROJECT 33\backend\sample_datasets\audio_dataset\Angry\Angry_194.wav,Angry,44144,edcaddee4da2464c89fdc855841c0f28f4aa55c7c93891b8b1c3f3f8cc477f5f
Angry_195.wav,E:\PROJECT 33\PROJECT 33\backend\sample_datasets\audio_dataset\Angry\Angry_195.wav,Angry,44144,edcaddee4da2464c89fdc855841c0f28f4aa55c7c93891b8b1c3f3f8cc477f5f
Angry_196.wav,E:\PROJECT 33\PROJECT 33\backend\sample_datasets\audio_dataset\Angry\Angry_196.wav,Angry,44144,edcaddee4da2464c89fdc855841c0f28f4aa55c7c93891b8b1c3f3f8cc477f5f
Angry_197.wav,E:\PROJECT 33\PROJECT 33\backend\sample_datasets\audio_dataset\Angry\Angry_197.wav,Angry,44144,edcaddee4da2464c89fdc855841c0f28f4aa55c7c93891b8b1c3f3f8cc477f5f
Angry_198.wav,E:\PROJECT 33\PROJECT 33\backend\sample_datasets\audio_dataset\Angry\Angry_198.wav,Angry,44144,edcaddee4da2464c89fdc855841c0f28f4aa55c7c93891b8b1c3f3f8cc477f5f
Angry_199.wav,E:\PROJECT 33\PROJECT 33\backend\sample_datasets\audio_dataset\Angry\Angry_199.wav,Angry,44144,edcaddee4da2464c89fdc855841c0f28f4aa55c7c93891b8b1c3f3f8cc477f5f
Angry_200.wav,E:\PROJECT 33\PROJECT 33\backend\sample_datasets\audio_dataset\Angry\Angry_200.wav,Angry,44144,edcaddee4da2464c89fdc855841c0f28f4aa55c7c93891b8b1c3f3f8cc477f5f
Angry_201.wav,E:\PROJECT 33\PROJECT 33\backend\sample_datasets\audio_dataset\Angry\Angry_201.wav,Angry,44144,edcaddee4da2464c89fdc855841c0f28f4aa55c7c93891b8b1c3f3f8cc477f5f
Angry_202.wav,E:\PROJECT 33\PROJECT 33\backend\sample_datasets\audio_dataset\Angry\Angry_202.wav,Angry,44144,edcaddee4da2464c89fdc855841c0f28f4aa55c7c93891b8b1c3f3f8cc477f5f
Angry_203.wav,E:\PROJECT 33\PROJECT 33\backend\sample_datasets\audio_dataset\Angry\Angry_203.wav,Angry,44144,edcaddee4da2464c89fdc855841c0f28f4aa55c7c93891b8b1c3f3f8cc477f5f
Angry_204.wav,E:\PROJECT 33\PROJECT 33\backend\sample_datasets\audio_dataset\Angry\Angry_204.wav,Angry,44144,edcaddee4da2464c89fdc855841c0f28f4aa55c7c93891b8b1c3f3f8cc477f5f
Angry_205.wav,E:\PROJECT 33\PROJECT 33\backend\sample_datasets\audio_dataset\Angry\Angry_205.wav,Angry,44144,edcaddee4da2464c89fdc855841c0f28f4aa55c7c93891b8b1c3f3f8cc477f5f
Angry_206.wav,E:\PROJECT 33\PROJECT 33\backend\sample_datasets\audio_dataset\Angry\Angry_206.wav,Angry,44144,edcaddee4da2464c89fdc855841c0f28f4aa55c7c93891b8b1c3f3f8cc477f5f
Angry_207.wav,E:\PROJECT 33\PROJECT 33\backend\sample_datasets\audio_dataset\Angry\Angry_207.wav,Angry,44144,edcaddee4da2464c89fdc855841c0f28f4aa55c7c93891b8b1c3f3f8cc477f5f
Angry_208.wav,E:\PROJECT 33\PROJECT 33\backend\sample_datasets\audio_dataset\Angry\Angry_208.wav,Angry,44144,edcaddee4da2464c89fdc855841c0f28f4aa55c7c93891b8b1c3f3f8cc477f5f
Angry_209.wav,E:\PROJECT 33\PROJECT 33\backend\sample_datasets\audio_dataset\Angry\Angry_209.wav,Angry,44144,edcaddee4da2464c89fdc855841c0f28f4aa55c7c93891b8b1c3f3f8cc477f5f
Angry_210.wav,E:\PROJECT 33\PROJECT 33\backend\sample_datasets\audio_dataset\Angry\Angry_210.wav,Angry,44144,edcaddee4da2464c89fdc855841c0f28f4aa55c7c93891b8b1c3f3f8cc477f5f
Angry_211.wav,E:\PROJECT 33\PROJECT 33\backend\sample_datasets\audio_dataset\Angry\Angry_211.wav,Angry,44144,edcaddee4da2464c89fdc855841c0f28f4aa55c7c93891b8b1c3f3f8cc477f5f
Angry_212.wav,E:\PROJECT 33\PROJECT 33\backend\sample_datasets\audio_dataset\Angry\Angry_212.wav,Angry,44144,edcaddee4da2464c89fdc855841c0f28f4aa55c7c93891b8b1c3f3f8cc477f5f
Angry_213.wav,E:\PROJECT 33\PROJECT 33\backend\sample_datasets\audio_dataset\Angry\Angry_213.wav,Angry,44144,edcaddee4da2464c89fdc855841c0f28f4aa55c7c93891b8b1c3f3f8cc477f5f
Angry_214.wav,E:\PROJECT 33\PROJECT 33\backend\sample_datasets\audio_dataset\Angry\Angry_214.wav,Angry,44144,edcaddee4da2464c89fdc855841c0f28f4aa55c7c93891b8b1c3f3f8cc477f5f
Angry_215.wav,E:\PROJECT 33\PROJECT 33\backend\sample_datasets\audio_dataset\Angry\Angry_215.wav,Angry,44144,edcaddee4da2464c89fdc855841c0f28f4aa55c7c93891b8b1c3f3f8cc477f5f
Angry_216.wav,E:\PROJECT 33\PROJECT 33\backend\sample_datasets\audio_dataset\Angry\Angry_216.wav,Angry,44144,edcaddee4da2464c89fdc855841c0f28f4aa55c7c93891b8b1c3f3f8cc477f5f
Angry_217.wav,E:\PROJECT 33\PROJECT 33\backend\sample_datasets\audio_dataset\Angry\Angry_217.wav,Angry,44144,edcaddee4da2464c89fdc855841c0f28f4aa55c7c93891b8b1c3f3f8cc477f5f
Angry_218.wav,E:\PROJECT 33\PROJECT 33\backend\sample_datasets\audio_dataset\Angry\Angry_218.wav,Angry,44144,edcaddee4da2464c89fdc855841c0f28f4aa55c7c93891b8b1c3f3f8cc477f5f
Angry_219.wav,E:\PROJECT 33\PROJECT 33\backend\sample_datasets\audio_dataset\Angry\Angry_219.wav,Angry,44144,edcaddee4da2464c89fdc855841c0f28f4aa55c7c93891b8b1c3f3f8cc477f5f
Angry_220.wav,E:\PROJECT 33\PROJECT 33\backend\sample_datasets\audio_dataset\Angry\Angry_220.wav,Angry,44144,edcaddee4da2464c89fdc855841c0f28f4aa55c7c93891b8b1c3f3f8cc477f5f
Angry_221.wav,E:\PROJECT 33\PROJECT 33\backend\sample_datasets\audio_dataset\Angry\Angry_221.wav,Angry,44144,edcaddee4da2464c89fdc855841c0f28f4aa55c7c93891b8b1c3f3f8cc477f5f
Angry_222.wav,E:\PROJECT 33\PROJECT 33\backend\sample_datasets\audio_dataset\Angry\Angry_222.wav,Angry,44144,edcaddee4da2464c89fdc855841c0f28f4aa55c7c93891b8b1c3f3f8cc477f5f
Angry_223.wav,E:\PROJECT 33\PROJECT 33\backend\sample_datasets\audio_dataset\Angry\Angry_223.wav,Angry,44144,edcaddee4da2464c89fdc855841c0f28f4aa55c7c93891b8b1c3f3f8cc477f5f
Angry_224.wav,E:\PROJECT 33\PROJECT 33\backend\sample_datasets\audio_dataset\Angry\Angry_224.wav,Angry,44144,edcaddee4da2464c89fdc855841c0f28f4aa55c7c93891b8b1c3f3f8cc477f5f
Angry_225.wav,E:\PROJECT 33\PROJECT 33\backend\sample_datasets\audio_dataset\Angry\Angry_225.wav,Angry,44144,edcaddee4da2464c89fdc855841c0f28f4aa55c7c93891b8b1c3f3f8cc477f5f
Angry_226.wav,E:\PROJECT 33\PROJECT 33\backend\sample_datasets\audio_dataset\Angry\Angry_226.wav,Angry,44144,edcaddee4da2464c89fdc855841c0f28f4aa55c7c93891b8b1c3f3f8cc477f5f
Angry_227.wav,E:\PROJECT 33\PROJECT 33\backend\sample_datasets\audio_dataset\Angry\Angry_227.wav,Angry,44144,edcaddee4da2464c89fdc855841c0f28f4aa55c7c93891b8b1c3f3f8cc477f5f
Angry_228.wav,E:\PROJECT 33\PROJECT 33\backend\sample_datasets\audio_dataset\Angry\Angry_228.wav,Angry,44144,edcaddee4da2464c89fdc855841c0f28f4aa55c7c93891b8b1c3f3f8cc477f5f
Angry_229.wav,E:\PROJECT 33\PROJECT 33\backend\sample_datasets\audio_dataset\Angry\Angry_229.wav,Angry,44144,edcaddee4da2464c89fdc855841c0f28f4aa55c7c93891b8b1c3f3f8cc477f5f
Angry_230.wav,E:\PROJECT 33\PROJECT 33\backend\sample_datasets\audio_dataset\Angry\Angry_230.wav,Angry,44144,edcaddee4da2464c89fdc855841c0f28f4aa55c7c93891b8b1c3f3f8cc477f5f
Angry_231.wav,E:\PROJECT 33\PROJECT 33\backend\sample_datasets\audio_dataset\Angry\Angry_231.wav,Angry,44144,edcaddee4da2464c89fdc855841c0f28f4aa55c7c93891b8b1c3f3f8cc477f5f
Angry_232.wav,E:\PROJECT 33\PROJECT 33\backend\sample_datasets\audio_dataset\Angry\Angry_232.wav,Angry,44144,edcaddee4da2464c89fdc855841c0f28f4aa55c7c93891b8b1c3f3f8cc477f5f
Angry_233.wav,E:\PROJECT 33\PROJECT 33\backend\sample_datasets\audio_dataset\Angry\Angry_233.wav,Angry,44144,edcaddee4da2464c89fdc855841c0f28f4aa55c7c93891b8b1c3f3f8cc477f5f
Angry_234.wav,E:\PROJECT 33\PROJECT 33\backend\sample_datasets\audio_dataset\Angry\Angry_234.wav,Angry,44144,edcaddee4da2464c89fdc855841c0f28f4aa55c7c93891b8b1c3f3f8cc477f5f
Angry_235.wav,E:\PROJECT 33\PROJECT 33\backend\sample_datasets\audio_dataset\Angry\Angry_235.wav,Angry,44144,edcaddee4da2464c89fdc855841c0f28f4aa55c7c93891b8b1c3f3f8cc477f5f
Angry_236.wav,E:\PROJECT 33\PROJECT 33\backend\sample_datasets\audio_dataset\Angry\Angry_236.wav,Angry,44144,edcaddee4da2464c89fdc855841c0f28f4aa55c7c93891b8b1c3f3f8cc477f5f
Angry_237.wav,E:\PROJECT 33\PROJECT 33\backend\sample_datasets\audio_dataset\Angry\Angry_237.wav,Angry,44144,edcaddee4da2464c89fdc855841c0f28f4aa55c7c93891b8b1c3f3f8cc477f5f
Angry_238.wav,E:\PROJECT 33\PROJECT 33\backend\sample_datasets\audio_dataset\Angry\Angry_238.wav,Angry,44144,edcaddee4da2464c89fdc855841c0f28f4aa55c7c93891b8b1c3f3f8cc477f5f
Angry_239.wav,E:\PROJECT 33\PROJECT 33\backend\sample_datasets\audio_dataset\Angry\Angry_239.wav,Angry,44144,edcaddee4da2464c89fdc855841c0f28f4aa55c7c93891b8b1c3f3f8cc477f5f
Angry_240.wav,E:\PROJECT 33\PROJECT 33\backend\sample_datasets\audio_dataset\Angry\Angry_240.wav,Angry,44144,edcaddee4da2464c89fdc855841c0f28f4aa55c7c93891b8b1c3f3f8cc477f5f
Angry_241.wav,E:\PROJECT 33\PROJECT 33\backend\sample_datasets\audio_dataset\Angry\Angry_241.wav,Angry,44144,edcaddee4da2464c89fdc855841c0f28f4aa55c7c93891b8b1c3f3f8cc477f5f
Angry_242.wav,E:\PROJECT 33\PROJECT 33\backend\sample_datasets\audio_dataset\Angry\Angry_242.wav,Angry,44144,edcaddee4da2464c89fdc855841c0f28f4aa55c7c93891b8b1c3f3f8cc477f5f
Angry_243.wav,E:\PROJECT 33\PROJECT 33\backend\sample_datasets\audio_dataset\Angry\Angry_243.wav,Angry,44144,edcaddee4da2464c89fdc855841c0f28f4aa55c7c93891b8b1c3f3f8cc477f5f
Angry_244.wav,E:\PROJECT 33\PROJECT 33\backend\sample_datasets\audio_dataset\Angry\Angry_244.wav,Angry,44144,edcaddee4da2464c89fdc855841c0f28f4aa55c7c93891b8b1c3f3f8cc477f5f
Angry_245.wav,E:\PROJECT 33\PROJECT 33\backend\sample_datasets\audio_dataset\Angry\Angry_245.wav,Angry,44144,edcaddee4da2464c89fdc855841c0f28f4aa55c7c93891b8b1c3f3f8cc477f5f
Angry_246.wav,E:\PROJECT 33\PROJECT 33\backend\sample_datasets\audio_dataset\Angry\Angry_246.wav,Angry,44144,edcaddee4da2464c89fdc855841c0f28f4aa55c7c93891b8b1c3f3f8cc477f5f
Angry_247.wav,E:\PROJECT 33\PROJECT 33\backend\sample_datasets\audio_dataset\Angry\Angry_247.wav,Angry,44144,edcaddee4da2464c89fdc855841c0f28f4aa55c7c93891b8b1c3f3f8cc477f5f
Angry_248.wav,E:\PROJECT 33\PROJECT 33\backend\sample_datasets\audio_dataset\Angry\Angry_248.wav,Angry,44144,edcaddee4da2464c89fdc855841c0f28f4aa55c7c93891b8b1c3f3f8cc477f5f
Angry_249.wav,E:\PROJECT 33\PROJECT 33\backend\sample_datasets\audio_dataset\Angry\Angry_249.wav,Angry,44144,edcaddee4da2464c89fdc855841c0f28f4aa55c7c93891b8b1c3f3f8cc477f5f
Disgust_000.wav,E:\PROJECT 33\PROJECT 33\backend\sample_datasets\audio_dataset\Disgust\Disgust_000.wav,Disgust,44144,2b36b85edd854917881d38cad85d7531c540505b40be9aed533849edc943cca2
Disgust_001.wav,E:\PROJECT 33\PROJECT 33\backend\sample_datasets\audio_dataset\Disgust\Disgust_001.wav,Disgust,44144,2b36b85edd854917881d38cad85d7531c540505b40be9aed533849edc943cca2
Disgust_002.wav,E:\PROJECT 33\PROJECT 33\backend\sample_datasets\audio_dataset\Disgust\Disgust_002.wav,Disgust,44144,2b36b85edd854917881d38cad85d7531c540505b40be9aed533849edc943cca2
Disgust_003.wav,E:\PROJECT 33\PROJECT 33\backend\sample_datasets\audio_dataset\Disgust\Disgust_003.wav,Disgust,44144,2b36b85edd854917881d38cad85d7531c540505b40be9aed533849edc943cca2
Disgust_004.wav,E:\PROJECT 33\PROJECT 33\backend\sample_datasets\audio_dataset\Disgust\Disgust_004.wav,Disgust,44144,2b36b85edd854917881d38cad85d7531c540505b40be9aed533849edc943cca2
Disgust_005.wav,E:\PROJECT 33\PROJECT 33\backend\sample_datasets\audio_dataset\Disgust\Disgust_005.wav,Disgust,44144,2b36b85edd854917881d38cad85d7531c540505b40be9aed533849edc943cca2
Disgust_006.wav,E:\PROJECT 33\PROJECT 33\backend\sample_datasets\audio_dataset\Disgust\Disgust_006.wav,Disgust,44144,2b36b85edd854917881d38cad85d7531c540505b40be9aed533849edc943cca2
Disgust_007.wav,E:\PROJECT 33\PROJECT 33\backend\sample_datasets\audio_dataset\Disgust\Disgust_007.wav,Disgust,44144,2b36b85edd854917881d38cad85d7531c540505b40be9aed533849edc943cca2
Disgust_008.wav,E:\PROJECT 33\PROJECT 33\backend\sample_datasets\audio_dataset\Disgust\Disgust_008.wav,Disgust,44144,2b36b85edd854917881d38cad85d7531c540505b40be9aed533849edc943cca2
Disgust_009.wav,E:\PROJECT 33\PROJECT 33\backend\sample_datasets\audio_dataset\Disgust\Disgust_009.wav,Disgust,44144,2b36b85edd854917881d38cad85d7531c540505b40be9aed533849edc943cca2
Disgust_010.wav,E:\PROJECT 33\PROJECT 33\backend\sample_datasets\audio_dataset\Disgust\Disgust_010.wav,Disgust,44144,2b36b85edd854917881d38cad85d7531c540505b40be9aed533849edc943cca2
Disgust_011.wav,E:\PROJECT 33\PROJECT 33\backend\sample_datasets\audio_dataset\Disgust\Disgust_011.wav,Disgust,44144,2b36b85edd854917881d38cad85d7531c540505b40be9aed533849edc943cca2
Disgust_012.wav,E:\PROJECT 33\PROJECT 33\backend\sample_datasets\audio_dataset\Disgust\Disgust_012.wav,Disgust,44144,2b36b85edd854917881d38cad85d7531c540505b40be9aed533849edc943cca2
Disgust_013.wav,E:\PROJECT 33\PROJECT 33\backend\sample_datasets\audio_dataset\Disgust\Disgust_013.wav,Disgust,44144,2b36b85edd854917881d38cad85d7531c540505b40be9aed533849edc943cca2
Disgust_014.wav,E:\PROJECT 33\PROJECT 33\backend\sample_datasets\audio_dataset\Disgust\Disgust_014.wav,Disgust,44144,2b36b85edd854917881d38cad85d7531c540505b40be9aed533849edc943cca2
Disgust_015.wav,E:\PROJECT 33\PROJECT 33\backend\sample_datasets\audio_dataset\Disgust\Disgust_015.wav,Disgust,44144,2b36b85edd854917881d38cad85d7531c540505b40be9aed533849edc943cca2
Disgust_016.wav,E:\PROJECT 33\PROJECT 33\backend\sample_datasets\audio_dataset\Disgust\Disgust_016.wav,Disgust,44144,2b36b85edd854917881d38cad85d7531c540505b40be9aed533849edc943cca2
Disgust_017.wav,E:\PROJECT 33\PROJECT 33\backend\sample_datasets\audio_dataset\Disgust\Disgust_017.wav,Disgust,44144,2b36b85edd854917881d38cad85d7531c540505b40be9aed533849edc943cca2
Disgust_018.wav,E:\PROJECT 33\PROJECT 33\backend\sample_datasets\audio_dataset\Disgust\Disgust_018.wav,Disgust,44144,2b36b85edd854917881d38cad85d7531c540505b40be9aed533849edc943cca2
Disgust_019.wav,E:\PROJECT 33\PROJECT 33\backend\sample_datasets\audio_dataset\Disgust\Disgust_019.wav,Disgust,44144,2b36b85edd854917881d38cad85d7531c540505b40be9aed533849edc943cca2
Disgust_020.wav,E:\PROJECT 33\PROJECT 33\backend\sample_datasets\audio_dataset\Disgust\Disgust_020.wav,Disgust,44144,2b36b85edd854917881d38cad85d7531c540505b40be9aed533849edc943cca2
Disgust_021.wav,E:\PROJECT 33\PROJECT 33\backend\sample_datasets\audio_dataset\Disgust\Disgust_021.wav,Disgust,44144,2b36b85edd854917881d38cad85d7531c540505b40be9aed533849edc943cca2
Disgust_022.wav,E:\PROJECT 33\PROJECT 33\backend\sample_datasets\audio_dataset\Disgust\Disgust_022.wav,Disgust,44144,2b36b85edd854917881d38cad85d7531c540505b40be9aed533849edc943cca2
Disgust_023.wav,E:\PROJECT 33\PROJECT 33\backend\sample_datasets\audio_dataset\Disgust\Disgust_023.wav,Disgust,44144,2b36b85edd854917881d38cad85d7531c540505b40be9aed533849edc943cca2
Disgust_024.wav,E:\PROJECT 33\PROJECT 33\backend\sample_datasets\audio_dataset\Disgust\Disgust_024.wav,Disgust,44144,2b36b85edd854917881d38cad85d7531c540505b40be9aed533849edc943cca2
Disgust_025.wav,E:\PROJECT 33\PROJECT 33\backend\sample_datasets\audio_dataset\Disgust\Disgust_025.wav,Disgust,44144,2b36b85edd854917881d38cad85d7531c540505b40be9aed533849edc943cca2
Disgust_026.wav,E:\PROJECT 33\PROJECT 33\backend\sample_datasets\audio_dataset\Disgust\Disgust_026.wav,Disgust,44144,2b36b85edd854917881d38cad85d7531c540505b40be9aed533849edc943cca2
Disgust_027.wav,E:\PROJECT 33\PROJECT 33\backend\sample_datasets\audio_dataset\Disgust\Disgust_027.wav,Disgust,44144,2b36b85edd854917881d38cad85d7531c540505b40be9aed533849edc943cca2
Disgust_028.wav,E:\PROJECT 33\PROJECT 33\backend\sample_datasets\audio_dataset\Disgust\Disgust_028.wav,Disgust,44144,2b36b85edd854917881d38cad85d7531c540505b40be9aed533849edc943cca2
Disgust_029.wav,E:\PROJECT 33\PROJECT 33\backend\sample_datasets\audio_dataset\Disgust\Disgust_029.wav,Disgust,44144,2b36b85edd854917881d38cad85d7531c540505b40be9aed533849edc943cca2
Disgust_030.wav,E:\PROJECT 33\PROJECT 33\backend\sample_datasets\audio_dataset\Disgust\Disgust_030.wav,Disgust,44144,2b36b85edd854917881d38cad85d7531c540505b40be9aed533849edc943cca2
Disgust_031.wav,E:\PROJECT 33\PROJECT 33\backend\sample_datasets\audio_dataset\Disgust\Disgust_031.wav,Disgust,44144,2b36b85edd854917881d38cad85d7531c540505b40be9aed533849edc943cca2
Disgust_032.wav,E:\PROJECT 33\PROJECT 33\backend\sample_datasets\audio_dataset\Disgust\Disgust_032.wav,Disgust,44144,2b36b85edd854917881d38cad85d7531c540505b40be9aed533849edc943cca2
Disgust_033.wav,E:\PROJECT 33\PROJECT 33\backend\sample_datasets\audio_dataset\Disgust\Disgust_033.wav,Disgust,44144,2b36b85edd854917881d38cad85d7531c540505b40be9aed533849edc943cca2
Disgust_034.wav,E:\PROJECT 33\PROJECT 33\backend\sample_datasets\audio_dataset\Disgust\Disgust_034.wav,Disgust,44144,2b36b85edd854917881d38cad85d7531c540505b40be9aed533849edc943cca2
Disgust_035.wav,E:\PROJECT 33\PROJECT 33\backend\sample_datasets\audio_dataset\Disgust\Disgust_035.wav,Disgust,44144,2b36b85edd854917881d38cad85d7531c540505b40be9aed533849edc943cca2
Disgust_036.wav,E:\PROJECT 33\PROJECT 33\backend\sample_datasets\audio_dataset\Disgust\Disgust_036.wav,Disgust,44144,2b36b85edd854917881d38cad85d7531c540505b40be9aed533849edc943cca2
Disgust_037.wav,E:\PROJECT 33\PROJECT 33\backend\sample_datasets\audio_dataset\Disgust\Disgust_037.wav,Disgust,44144,2b36b85edd854917881d38cad85d7531c540505b40be9aed533849edc943cca2
Disgust_038.wav,E:\PROJECT 33\PROJECT 33\backend\sample_datasets\audio_dataset\Disgust\Disgust_038.wav,Disgust,44144,2b36b85edd854917881d38cad85d7531c540505b40be9aed533849edc943cca2
Disgust_039.wav,E:\PROJECT 33\PROJECT 33\backend\sample_datasets\audio_dataset\Disgust\Disgust_039.wav,Disgust,44144,2b36b85edd854917881d38cad85d7531c540505b40be9aed533849edc943cca2
Disgust_040.wav,E:\PROJECT 33\PROJECT 33\backend\sample_datasets\audio_dataset\Disgust\Disgust_040.wav,Disgust,44144,2b36b85edd854917881d38cad85d7531c540505b40be9aed533849edc943cca2
Disgust_041.wav,E:\PROJECT 33\PROJECT 33\backend\sample_datasets\audio_dataset\Disgust\Disgust_041.wav,Disgust,44144,2b36b85edd854917881d38cad85d7531c540505b40be9aed533849edc943cca2
Disgust_042.wav,E:\PROJECT 33\PROJECT 33\backend\sample_datasets\audio_dataset\Disgust\Disgust_042.wav,Disgust,44144,2b36b85edd854917881d38cad85d7531c540505b40be9aed533849edc943cca2
Disgust_043.wav,E:\PROJECT 33\PROJECT 33\backend\sample_datasets\audio_dataset\Disgust\Disgust_043.wav,Disgust,44144,2b36b85edd854917881d38cad85d7531c540505b40be9aed533849edc943cca2
Disgust_044.wav,E:\PROJECT 33\PROJECT 33\backend\sample_datasets\audio_dataset\Disgust\Disgust_044.wav,Disgust,44144,2b36b85edd854917881d38cad85d7531c540505b40be9aed533849edc943cca2
Disgust_045.wav,E:\PROJECT 33\PROJECT 33\backend\sample_datasets\audio_dataset\Disgust\Disgust_045.wav,Disgust,44144,2b36b85edd854917881d38cad85d7531c540505b40be9aed533849edc943cca2
Disgust_046.wav,E:\PROJECT 33\PROJECT 33\backend\sample_datasets\audio_dataset\Disgust\Disgust_046.wav,Disgust,44144,2b36b85edd854917881d38cad85d7531c540505b40be9aed533849edc943cca2
Disgust_047.wav,E:\PROJECT 33\PROJECT 33\backend\sample_datasets\audio_dataset\Disgust\Disgust_047.wav,Disgust,44144,2b36b85edd854917881d38cad85d7531c540505b40be9aed533849edc943cca2
Disgust_048.wav,E:\PROJECT 33\PROJECT 33\backend\sample_datasets\audio_dataset\Disgust\Disgust_048.wav,Disgust,44144,2b36b85edd854917881d38cad85d7531c540505b40be9aed533849edc943cca2
Disgust_049.wav,E:\PROJECT 33\PROJECT 33\backend\sample_datasets\audio_dataset\Disgust\Disgust_049.wav,Disgust,44144,2b36b85edd854917881d38cad85d7531c540505b40be9aed533849edc943cca2
Disgust_050.wav,E:\PROJECT 33\PROJECT 33\backend\sample_datasets\audio_dataset\Disgust\Disgust_050.wav,Disgust,44144,2b36b85edd854917881d38cad85d7531c540505b40be9aed533849edc943cca2
Disgust_051.wav,E:\PROJECT 33\PROJECT 33\backend\sample_datasets\audio_dataset\Disgust\Disgust_051.wav,Disgust,44144,2b36b85edd854917881d38cad85d7531c540505b40be9aed533849edc943cca2
Disgust_052.wav,E:\PROJECT 33\PROJECT 33\backend\sample_datasets\audio_dataset\Disgust\Disgust_052.wav,Disgust,44144,2b36b85edd854917881d38cad85d7531c540505b40be9aed533849edc943cca2
Disgust_053.wav,E:\PROJECT 33\PROJECT 33\backend\sample_datasets\audio_dataset\Disgust\Disgust_053.wav,Disgust,44144,2b36b85edd854917881d38cad85d7531c540505b40be9aed533849edc943cca2
Disgust_054.wav,E:\PROJECT 33\PROJECT 33\backend\sample_datasets\audio_dataset\Disgust\Disgust_054.wav,Disgust,44144,2b36b85edd854917881d38cad85d7531c540505b40be9aed533849edc943cca2
Disgust_055.wav,E:\PROJECT 33\PROJECT 33\backend\sample_datasets\audio_dataset\Disgust\Disgust_055.wav,Disgust,44144,2b36b85edd854917881d38cad85d7531c540505b40be9aed533849edc943cca2
Disgust_056.wav,E:\PROJECT 33\PROJECT 33\backend\sample_datasets\audio_dataset\Disgust\Disgust_056.wav,Disgust,44144,2b36b85edd854917881d38cad85d7531c540505b40be9aed533849edc943cca2
Disgust_057.wav,E:\PROJECT 33\PROJECT 33\backend\sample_datasets\audio_dataset\Disgust\Disgust_057.wav,Disgust,44144,2b36b85edd854917881d38cad85d7531c540505b40be9aed533849edc943cca2
Disgust_058.wav,E:\PROJECT 33\PROJECT 33\backend\sample_datasets\audio_dataset\Disgust\Disgust_058.wav,Disgust,44144,2b36b85edd854917881d38cad85d7531c540505b40be9aed533849edc943cca2
Disgust_059.wav,E:\PROJECT 33\PROJECT 33\backend\sample_datasets\audio_dataset\Disgust\Disgust_059.wav,Disgust,44144,2b36b85edd854917881d38cad85d7531c540505b40be9aed533849edc943cca2
Disgust_060.wav,E:\PROJECT 33\PROJECT 33\backend\sample_datasets\audio_dataset\Disgust\Disgust_060.wav,Disgust,44144,2b36b85edd854917881d38cad85d7531c540505b40be9aed533849edc943cca2
Disgust_061.wav,E:\PROJECT 33\PROJECT 33\backend\sample_datasets\audio_dataset\Disgust\Disgust_061.wav,Disgust,44144,2b36b85edd854917881d38cad85d7531c540505b40be9aed533849edc943cca2
Disgust_062.wav,E:\PROJECT 33\PROJECT 33\backend\sample_datasets\audio_dataset\Disgust\Disgust_062.wav,Disgust,44144,2b36b85edd854917881d38cad85d7531c540505b40be9aed533849edc943cca2
Disgust_063.wav,E:\PROJECT 33\PROJECT 33\backend\sample_datasets\audio_dataset\Disgust\Disgust_063.wav,Disgust,44144,2b36b85edd854917881d38cad85d7531c540505b40be9aed533849edc943cca2
Disgust_064.wav,E:\PROJECT 33\PROJECT 33\backend\sample_datasets\audio_dataset\Disgust\Disgust_064.wav,Disgust,44144,2b36b85edd854917881d38cad85d7531c540505b40be9aed533849edc943cca2
Disgust_065.wav,E:\PROJECT 33\PROJECT 33\backend\sample_datasets\audio_dataset\Disgust\Disgust_065.wav,Disgust,44144,2b36b85edd854917881d38cad85d7531c540505b40be9aed533849edc943cca2
Disgust_066.wav,E:\PROJECT 33\PROJECT 33\backend\sample_datasets\audio_dataset\Disgust\Disgust_066.wav,Disgust,44144,2b36b85edd854917881d38cad85d7531c540505b40be9aed533849edc943cca2
Disgust_067.wav,E:\PROJECT 33\PROJECT 33\backend\sample_datasets\audio_dataset\Disgust\Disgust_067.wav,Disgust,44144,2b36b85edd854917881d38cad85d7531c540505b40be9aed533849edc943cca2
Disgust_068.wav,E:\PROJECT 33\PROJECT 33\backend\sample_datasets\audio_dataset\Disgust\Disgust_068.wav,Disgust,44144,2b36b85edd854917881d38cad85d7531c540505b40be9aed533849edc943cca2
Disgust_069.wav,E:\PROJECT 33\PROJECT 33\backend\sample_datasets\audio_dataset\Disgust\Disgust_069.wav,Disgust,44144,2b36b85edd854917881d38cad85d7531c540505b40be9aed533849edc943cca2
Disgust_070.wav,E:\PROJECT 33\PROJECT 33\backend\sample_datasets\audio_dataset\Disgust\Disgust_070.wav,Disgust,44144,2b36b85edd854917881d38cad85d7531c540505b40be9aed533849edc943cca2
Disgust_071.wav,E:\PROJECT 33\PROJECT 33\backend\sample_datasets\audio_dataset\Disgust\Disgust_071.wav,Disgust,44144,2b36b85edd854917881d38cad85d7531c540505b40be9aed533849edc943cca2
Disgust_072.wav,E:\PROJECT 33\PROJECT 33\backend\sample_datasets\audio_dataset\Disgust\Disgust_072.wav,Disgust,44144,2b36b85edd854917881d38cad85d7531c540505b40be9aed533849edc943cca2
Disgust_073.wav,E:\PROJECT 33\PROJECT 33\backend\sample_datasets\audio_dataset\Disgust\Disgust_073.wav,Disgust,44144,2b36b85edd854917881d38cad85d7531c540505b40be9aed533849edc943cca2
Disgust_074.wav,E:\PROJECT 33\PROJECT 33\backend\sample_datasets\audio_dataset\Disgust\Disgust_074.wav,Disgust,44144,2b36b85edd854917881d38cad85d7531c540505b40be9aed533849edc943cca2
Disgust_075.wav,E:\PROJECT 33\PROJECT 33\backend\sample_datasets\audio_dataset\Disgust\Disgust_075.wav,Disgust,44144,2b36b85edd854917881d38cad85d7531c540505b40be9aed533849edc943cca2
Disgust_076.wav,E:\PROJECT 33\PROJECT 33\backend\sample_datasets\audio_dataset\Disgust\Disgust_076.wav,Disgust,44144,2b36b85edd854917881d38cad85d7531c540505b40be9aed533849edc943cca2
Disgust_077.wav,E:\PROJECT 33\PROJECT 33\backend\sample_datasets\audio_dataset\Disgust\Disgust_077.wav,Disgust,44144,2b36b85edd854917881d38cad85d7531c540505b40be9aed533849edc943cca2
Disgust_078.wav,E:\PROJECT 33\PROJECT 33\backend\sample_datasets\audio_dataset\Disgust\Disgust_078.wav,Disgust,44144,2b36b85edd854917881d38cad85d7531c540505b40be9aed533849edc943cca2
Disgust_079.wav,E:\PROJECT 33\PROJECT 33\backend\sample_datasets\audio_dataset\Disgust\Disgust_079.wav,Disgust,44144,2b36b85edd854917881d38cad85d7531c540505b40be9aed533849edc943cca2
Disgust_080.wav,E:\PROJECT 33\PROJECT 33\backend\sample_datasets\audio_dataset\Disgust\Disgust_080.wav,Disgust,44144,2b36b85edd854917881d38cad85d7531c540505b40be9aed533849edc943cca2
Disgust_081.wav,E:\PROJECT 33\PROJECT 33\backend\sample_datasets\audio_dataset\Disgust\Disgust_081.wav,Disgust,44144,2b36b85edd854917881d38cad85d7531c540505b40be9aed533849edc943cca2
Disgust_082.wav,E:\PROJECT 33\PROJECT 33\backend\sample_datasets\audio_dataset\Disgust\Disgust_082.wav,Disgust,44144,2b36b85edd854917881d38cad85d7531c540505b40be9aed533849edc943cca2
Disgust_083.wav,E:\PROJECT 33\PROJECT 33\backend\sample_datasets\audio_dataset\Disgust\Disgust_083.wav,Disgust,44144,2b36b85edd854917881d38cad85d7531c540505b40be9aed533849edc943cca2
Disgust_084.wav,E:\PROJECT 33\PROJECT 33\backend\sample_datasets\audio_dataset\Disgust\Disgust_084.wav,Disgust,44144,2b36b85edd854917881d38cad85d7531c540505b40be9aed533849edc943cca2
Disgust_085.wav,E:\PROJECT 33\PROJECT 33\backend\sample_datasets\audio_dataset\Disgust\Disgust_085.wav,Disgust,44144,2b36b85edd854917881d38cad85d7531c540505b40be9aed533849edc943cca2
Disgust_086.wav,E:\PROJECT 33\PROJECT 33\backend\sample_datasets\audio_dataset\Disgust\Disgust_086.wav,Disgust,44144,2b36b85edd854917881d38cad85d7531c540505b40be9aed533849edc943cca2
Disgust_087.wav,E:\PROJECT 33\PROJECT 33\backend\sample_datasets\audio_dataset\Disgust\Disgust_087.wav,Disgust,44144,2b36b85edd854917881d38cad85d7531c540505b40be9aed533849edc943cca2
Disgust_088.wav,E:\PROJECT 33\PROJECT 33\backend\sample_datasets\audio_dataset\Disgust\Disgust_088.wav,Disgust,44144,2b36b85edd854917881d38cad85d7531c540505b40be9aed533849edc943cca2
Disgust_089.wav,E:\PROJECT 33\PROJECT 33\backend\sample_datasets\audio_dataset\Disgust\Disgust_089.wav,Disgust,44144,2b36b85edd854917881d38cad85d7531c540505b40be9aed533849edc943cca2
Disgust_090.wav,E:\PROJECT 33\PROJECT 33\backend\sample_datasets\audio_dataset\Disgust\Disgust_090.wav,Disgust,44144,2b36b85edd854917881d38cad85d7531c540505b40be9aed533849edc943cca2
Disgust_091.wav,E:\PROJECT 33\PROJECT 33\backend\sample_datasets\audio_dataset\Disgust\Disgust_091.wav,Disgust,44144,2b36b85edd854917881d38cad85d7531c540505b40be9aed533849edc943cca2
Disgust_092.wav,E:\PROJECT 33\PROJECT 33\backend\sample_datasets\audio_dataset\Disgust\Disgust_092.wav,Disgust,44144,2b36b85edd854917881d38cad85d7531c540505b40be9aed533849edc943cca2
Disgust_093.wav,E:\PROJECT 33\PROJECT 33\backend\sample_datasets\audio_dataset\Disgust\Disgust_093.wav,Disgust,44144,2b36b85edd854917881d38cad85d7531c540505b40be9aed533849edc943cca2
Disgust_094.wav,E:\PROJECT 33\PROJECT 33\backend\sample_datasets\audio_dataset\Disgust\Disgust_094.wav,Disgust,44144,2b36b85edd854917881d38cad85d7531c540505b40be9aed533849edc943cca2
Disgust_095.wav,E:\PROJECT 33\PROJECT 33\backend\sample_datasets\audio_dataset\Disgust\Disgust_095.wav,Disgust,44144,2b36b85edd854917881d38cad85d7531c540505b40be9aed533849edc943cca2
Disgust_096.wav,E:\PROJECT 33\PROJECT 33\backend\sample_datasets\audio_dataset\Disgust\Disgust_096.wav,Disgust,44144,2b36b85edd854917881d38cad85d7531c540505b40be9aed533849edc943cca2
Disgust_097.wav,E:\PROJECT 33\PROJECT 33\backend\sample_datasets\audio_dataset\Disgust\Disgust_097.wav,Disgust,44144,2b36b85edd854917881d38cad85d7531c540505b40be9aed533849edc943cca2
Disgust_098.wav,E:\PROJECT 33\PROJECT 33\backend\sample_datasets\audio_dataset\Disgust\Disgust_098.wav,Disgust,44144,2b36b85edd854917881d38cad85d7531c540505b40be9aed533849edc943cca2
Disgust_099.wav,E:\PROJECT 33\PROJECT 33\backend\sample_datasets\audio_dataset\Disgust\Disgust_099.wav,Disgust,44144,2b36b85edd854917881d38cad85d7531c540505b40be9aed533849edc943cca2
Disgust_100.wav,E:\PROJECT 33\PROJECT 33\backend\sample_datasets\audio_dataset\Disgust\Disgust_100.wav,Disgust,44144,2b36b85edd854917881d38cad85d7531c540505b40be9aed533849edc943cca2
Disgust_101.wav,E:\PROJECT 33\PROJECT 33\backend\sample_datasets\audio_dataset\Disgust\Disgust_101.wav,Disgust,44144,2b36b85edd854917881d38cad85d7531c540505b40be9aed533849edc943cca2
Disgust_102.wav,E:\PROJECT 33\PROJECT 33\backend\sample_datasets\audio_dataset\Disgust\Disgust_102.wav,Disgust,44144,2b36b85edd854917881d38cad85d7531c540505b40be9aed533849edc943cca2
Disgust_103.wav,E:\PROJECT 33\PROJECT 33\backend\sample_datasets\audio_dataset\Disgust\Disgust_103.wav,Disgust,44144,2b36b85edd854917881d38cad85d7531c540505b40be9aed533849edc943cca2
Disgust_104.wav,E:\PROJECT 33\PROJECT 33\backend\sample_datasets\audio_dataset\Disgust\Disgust_104.wav,Disgust,44144,2b36b85edd854917881d38cad85d7531c540505b40be9aed533849edc943cca2
Disgust_105.wav,E:\PROJECT 33\PROJECT 33\backend\sample_datasets\audio_dataset\Disgust\Disgust_105.wav,Disgust,44144,2b36b85edd854917881d38cad85d7531c540505b40be9aed533849edc943cca2
Disgust_106.wav,E:\PROJECT 33\PROJECT 33\backend\sample_datasets\audio_dataset\Disgust\Disgust_106.wav,Disgust,44144,2b36b85edd854917881d38cad85d7531c540505b40be9aed533849edc943cca2
Disgust_107.wav,E:\PROJECT 33\PROJECT 33\backend\sample_datasets\audio_dataset\Disgust\Disgust_107.wav,Disgust,44144,2b36b85edd854917881d38cad85d7531c540505b40be9aed533849edc943cca2
Disgust_108.wav,E:\PROJECT 33\PROJECT 33\backend\sample_datasets\audio_dataset\Disgust\Disgust_108.wav,Disgust,44144,2b36b85edd854917881d38cad85d7531c540505b40be9aed533849edc943cca2
Disgust_109.wav,E:\PROJECT 33\PROJECT 33\backend\sample_datasets\audio_dataset\Disgust\Disgust_109.wav,Disgust,44144,2b36b85edd854917881d38cad85d7531c540505b40be9aed533849edc943cca2
Disgust_110.wav,E:\PROJECT 33\PROJECT 33\backend\sample_datasets\audio_dataset\Disgust\Disgust_110.wav,Disgust,44144,2b36b85edd854917881d38cad85d7531c540505b40be9aed533849edc943cca2
Disgust_111.wav,E:\PROJECT 33\PROJECT 33\backend\sample_datasets\audio_dataset\Disgust\Disgust_111.wav,Disgust,44144,2b36b85edd854917881d38cad85d7531c540505b40be9aed533849edc943cca2
Disgust_112.wav,E:\PROJECT 33\PROJECT 33\backend\sample_datasets\audio_dataset\Disgust\Disgust_112.wav,Disgust,44144,2b36b85edd854917881d38cad85d7531c540505b40be9aed533849edc943cca2
Disgust_113.wav,E:\PROJECT 33\PROJECT 33\backend\sample_datasets\audio_dataset\Disgust\Disgust_113.wav,Disgust,44144,2b36b85edd854917881d38cad85d7531c540505b40be9aed533849edc943cca2
Disgust_114.wav,E:\PROJECT 33\PROJECT 33\backend\sample_datasets\audio_dataset\Disgust\Disgust_114.wav,Disgust,44144,2b36b85edd854917881d38cad85d7531c540505b40be9aed533849edc943cca2
Disgust_115.wav,E:\PROJECT 33\PROJECT 33\backend\sample_datasets\audio_dataset\Disgust\Disgust_115.wav,Disgust,44144,2b36b85edd854917881d38cad85d7531c540505b40be9aed533849edc943cca2
Disgust_116.wav,E:\PROJECT 33\PROJECT 33\backend\sample_datasets\audio_dataset\Disgust\Disgust_116.wav,Disgust,44144,2b36b85edd854917881d38cad85d7531c540505b40be9aed533849edc943cca2
Disgust_117.wav,E:\PROJECT 33\PROJECT 33\backend\sample_datasets\audio_dataset\Disgust\Disgust_117.wav,Disgust,44144,2b36b85edd854917881d38cad85d7531c540505b40be9aed533849edc943cca2
Disgust_118.wav,E:\PROJECT 33\PROJECT 33\backend\sample_datasets\audio_dataset\Disgust\Disgust_118.wav,Disgust,44144,2b36b85edd854917881d38cad85d7531c540505b40be9aed533849edc943cca2
Disgust_119.wav,E:\PROJECT 33\PROJECT 33\backend\sample_datasets\audio_dataset\Disgust\Disgust_119.wav,Disgust,44144,2b36b85edd854917881d38cad85d7531c540505b40be9aed533849edc943cca2
Disgust_120.wav,E:\PROJECT 33\PROJECT 33\backend\sample_datasets\audio_dataset\Disgust\Disgust_120.wav,Disgust,44144,2b36b85edd854917881d38cad85d7531c540505b40be9aed533849edc943cca2
Disgust_121.wav,E:\PROJECT 33\PROJECT 33\backend\sample_datasets\audio_dataset\Disgust\Disgust_121.wav,Disgust,44144,2b36b85edd854917881d38cad85d7531c540505b40be9aed533849edc943cca2
Disgust_122.wav,E:\PROJECT 33\PROJECT 33\backend\sample_datasets\audio_dataset\Disgust\Disgust_122.wav,Disgust,44144,2b36b85edd854917881d38cad85d7531c540505b40be9aed533849edc943cca2
Disgust_123.wav,E:\PROJECT 33\PROJECT 33\backend\sample_datasets\audio_dataset\Disgust\Disgust_123.wav,Disgust,44144,2b36b85edd854917881d38cad85d7531c540505b40be9aed533849edc943cca2
Disgust_124.wav,E:\PROJECT 33\PROJECT 33\backend\sample_datasets\audio_dataset\Disgust\Disgust_124.wav,Disgust,44144,2b36b85edd854917881d38cad85d7531c540505b40be9aed533849edc943cca2
Disgust_125.wav,E:\PROJECT 33\PROJECT 33\backend\sample_datasets\audio_dataset\Disgust\Disgust_125.wav,Disgust,44144,2b36b85edd854917881d38cad85d7531c540505b40be9aed533849edc943cca2
Disgust_126.wav,E:\PROJECT 33\PROJECT 33\backend\sample_datasets\audio_dataset\Disgust\Disgust_126.wav,Disgust,44144,2b36b85edd854917881d38cad85d7531c540505b40be9aed533849edc943cca2
Disgust_127.wav,E:\PROJECT 33\PROJECT 33\backend\sample_datasets\audio_dataset\Disgust\Disgust_127.wav,Disgust,44144,2b36b85edd854917881d38cad85d7531c540505b40be9aed533849edc943cca2
Disgust_128.wav,E:\PROJECT 33\PROJECT 33\backend\sample_datasets\audio_dataset\Disgust\Disgust_128.wav,Disgust,44144,2b36b85edd854917881d38cad85d7531c540505b40be9aed533849edc943cca2
Disgust_129.wav,E:\PROJECT 33\PROJECT 33\backend\sample_datasets\audio_dataset\Disgust\Disgust_129.wav,Disgust,44144,2b36b85edd854917881d38cad85d7531c540505b40be9aed533849edc943cca2
Disgust_130.wav,E:\PROJECT 33\PROJECT 33\backend\sample_datasets\audio_dataset\Disgust\Disgust_130.wav,Disgust,44144,2b36b85edd854917881d38cad85d7531c540505b40be9aed533849edc943cca2
Disgust_131.wav,E:\PROJECT 33\PROJECT 33\backend\sample_datasets\audio_dataset\Disgust\Disgust_131.wav,Disgust,44144,2b36b85edd854917881d38cad85d7531c540505b40be9aed533849edc943cca2
Disgust_132.wav,E:\PROJECT 33\PROJECT 33\backend\sample_datasets\audio_dataset\Disgust\Disgust_132.wav,Disgust,44144,2b36b85edd854917881d38cad85d7531c540505b40be9aed533849edc943cca2
Disgust_133.wav,E:\PROJECT 33\PROJECT 33\backend\sample_datasets\audio_dataset\Disgust\Disgust_133.wav,Disgust,44144,2b36b85edd854917881d38cad85d7531c540505b40be9aed533849edc943cca2
Disgust_134.wav,E:\PROJECT 33\PROJECT 33\backend\sample_datasets\audio_dataset\Disgust\Disgust_134.wav,Disgust,44144,2b36b85edd854917881d38cad85d7531c540505b40be9aed533849edc943cca2
Disgust_135.wav,E:\PROJECT 33\PROJECT 33\backend\sample_datasets\audio_dataset\Disgust\Disgust_135.wav,Disgust,44144,2b36b85edd854917881d38cad85d7531c540505b40be9aed533849edc943cca2
Disgust_136.wav,E:\PROJECT 33\PROJECT 33\backend\sample_datasets\audio_dataset\Disgust\Disgust_136.wav,Disgust,44144,2b36b85edd854917881d38cad85d7531c540505b40be9aed533849edc943cca2
Disgust_137.wav,E:\PROJECT 33\PROJECT 33\backend\sample_datasets\audio_dataset\Disgust\Disgust_137.wav,Disgust,44144,2b36b85edd854917881d38cad85d7531c540505b40be9aed533849edc943cca2
Disgust_138.wav,E:\PROJECT 33\PROJECT 33\backend\sample_datasets\audio_dataset\Disgust\Disgust_138.wav,Disgust,44144,2b36b85edd854917881d38cad85d7531c540505b40be9aed533849edc943cca2
Disgust_139.wav,E:\PROJECT 33\PROJECT 33\backend\sample_datasets\audio_dataset\Disgust\Disgust_139.wav,Disgust,44144,2b36b85edd854917881d38cad85d7531c540505b40be9aed533849edc943cca2
Disgust_140.wav,E:\PROJECT 33\PROJECT 33\backend\sample_datasets\audio_dataset\Disgust\Disgust_140.wav,Disgust,44144,2b36b85edd854917881d38cad85d7531c540505b40be9aed533849edc943cca2
Disgust_141.wav,E:\PROJECT 33\PROJECT 33\backend\sample_datasets\audio_dataset\Disgust\Disgust_141.wav,Disgust,44144,2b36b85edd854917881d38cad85d7531c540505b40be9aed533849edc943cca2
Disgust_142.wav,E:\PROJECT 33\PROJECT 33\backend\sample_datasets\audio_dataset\Disgust\Disgust_142.wav,Disgust,44144,2b36b85edd854917881d38cad85d7531c540505b40be9aed533849edc943cca2
Disgust_143.wav,E:\PROJECT 33\PROJECT 33\backend\sample_datasets\audio_dataset\Disgust\Disgust_143.wav,Disgust,44144,2b36b85edd854917881d38cad85d7531c540505b40be9aed533849edc943cca2
Disgust_144.wav,E:\PROJECT 33\PROJECT 33\backend\sample_datasets\audio_dataset\Disgust\Disgust_144.wav,Disgust,44144,2b36b85edd854917881d38cad85d7531c540505b40be9aed533849edc943cca2
Disgust_145.wav,E:\PROJECT 33\PROJECT 33\backend\sample_datasets\audio_dataset\Disgust\Disgust_145.wav,Disgust,44144,2b36b85edd854917881d38cad85d7531c540505b40be9aed533849edc943cca2
Disgust_146.wav,E:\PROJECT 33\PROJECT 33\backend\sample_datasets\audio_dataset\Disgust\Disgust_146.wav,Disgust,44144,2b36b85edd854917881d38cad85d7531c540505b40be9aed533849edc943cca2
Disgust_147.wav,E:\PROJECT 33\PROJECT 33\backend\sample_datasets\audio_dataset\Disgust\Disgust_147.wav,Disgust,44144,2b36b85edd854917881d38cad85d7531c540505b40be9aed533849edc943cca2
Disgust_148.wav,E:\PROJECT 33\PROJECT 33\backend\sample_datasets\audio_dataset\Disgust\Disgust_148.wav,Disgust,44144,2b36b85edd854917881d38cad85d7531c540505b40be9aed533849edc943cca2
Disgust_149.wav,E:\PROJECT 33\PROJECT 33\backend\sample_datasets\audio_dataset\Disgust\Disgust_149.wav,Disgust,44144,2b36b85edd854917881d38cad85d7531c540505b40be9aed533849edc943cca2
Disgust_150.wav,E:\PROJECT 33\PROJECT 33\backend\sample_datasets\audio_dataset\Disgust\Disgust_150.wav,Disgust,44144,2b36b85edd854917881d38cad85d7531c540505b40be9aed533849edc943cca2
Disgust_151.wav,E:\PROJECT 33\PROJECT 33\backend\sample_datasets\audio_dataset\Disgust\Disgust_151.wav,Disgust,44144,2b36b85edd854917881d38cad85d7531c540505b40be9aed533849edc943cca2
Disgust_152.wav,E:\PROJECT 33\PROJECT 33\backend\sample_datasets\audio_dataset\Disgust\Disgust_152.wav,Disgust,44144,2b36b85edd854917881d38cad85d7531c540505b40be9aed533849edc943cca2
Disgust_153.wav,E:\PROJECT 33\PROJECT 33\backend\sample_datasets\audio_dataset\Disgust\Disgust_153.wav,Disgust,44144,2b36b85edd854917881d38cad85d7531c540505b40be9aed533849edc943cca2
Disgust_154.wav,E:\PROJECT 33\PROJECT 33\backend\sample_datasets\audio_dataset\Disgust\Disgust_154.wav,Disgust,44144,2b36b85edd854917881d38cad85d7531c540505b40be9aed533849edc943cca2
Disgust_155.wav,E:\PROJECT 33\PROJECT 33\backend\sample_datasets\audio_dataset\Disgust\Disgust_155.wav,Disgust,44144,2b36b85edd854917881d38cad85d7531c540505b40be9aed533849edc943cca2
Disgust_156.wav,E:\PROJECT 33\PROJECT 33\backend\sample_datasets\audio_dataset\Disgust\Disgust_156.wav,Disgust,44144,2b36b85edd854917881d38cad85d7531c540505b40be9aed533849edc943cca2
Disgust_157.wav,E:\PROJECT 33\PROJECT 33\backend\sample_datasets\audio_dataset\Disgust\Disgust_157.wav,Disgust,44144,2b36b85edd854917881d38cad85d7531c540505b40be9aed533849edc943cca2
Disgust_158.wav,E:\PROJECT 33\PROJECT 33\backend\sample_datasets\audio_dataset\Disgust\Disgust_158.wav,Disgust,44144,2b36b85edd854917881d38cad85d7531c540505b40be9aed533849edc943cca2
Disgust_159.wav,E:\PROJECT 33\PROJECT 33\backend\sample_datasets\audio_dataset\Disgust\Disgust_159.wav,Disgust,44144,2b36b85edd854917881d38cad85d7531c540505b40be9aed533849edc943cca2
Disgust_160.wav,E:\PROJECT 33\PROJECT 33\backend\sample_datasets\audio_dataset\Disgust\Disgust_160.wav,Disgust,44144,2b36b85edd854917881d38cad85d7531c540505b40be9aed533849edc943cca2
Disgust_161.wav,E:\PROJECT 33\PROJECT 33\backend\sample_datasets\audio_dataset\Disgust\Disgust_161.wav,Disgust,44144,2b36b85edd854917881d38cad85d7531c540505b40be9aed533849edc943cca2
Disgust_162.wav,E:\PROJECT 33\PROJECT 33\backend\sample_datasets\audio_dataset\Disgust\Disgust_162.wav,Disgust,44144,2b36b85edd854917881d38cad85d7531c540505b40be9aed533849edc943cca2
Disgust_163.wav,E:\PROJECT 33\PROJECT 33\backend\sample_datasets\audio_dataset\Disgust\Disgust_163.wav,Disgust,44144,2b36b85edd854917881d38cad85d7531c540505b40be9aed533849edc943cca2
Disgust_164.wav,E:\PROJECT 33\PROJECT 33\backend\sample_datasets\audio_dataset\Disgust\Disgust_164.wav,Disgust,44144,2b36b85edd854917881d38cad85d7531c540505b40be9aed533849edc943cca2
Disgust_165.wav,E:\PROJECT 33\PROJECT 33\backend\sample_datasets\audio_dataset\Disgust\Disgust_165.wav,Disgust,44144,2b36b85edd854917881d38cad85d7531c540505b40be9aed533849edc943cca2
Disgust_166.wav,E:\PROJECT 33\PROJECT 33\backend\sample_datasets\audio_dataset\Disgust\Disgust_166.wav,Disgust,44144,2b36b85edd854917881d38cad85d7531c540505b40be9aed533849edc943cca2
Disgust_167.wav,E:\PROJECT 33\PROJECT 33\backend\sample_datasets\audio_dataset\Disgust\Disgust_167.wav,Disgust,44144,2b36b85edd854917881d38cad85d7531c540505b40be9aed533849edc943cca2
Disgust_168.wav,E:\PROJECT 33\PROJECT 33\backend\sample_datasets\audio_dataset\Disgust\Disgust_168.wav,Disgust,44144,2b36b85edd854917881d38cad85d7531c540505b40be9aed533849edc943cca2
Disgust_169.wav,E:\PROJECT 33\PROJECT 33\backend\sample_datasets\audio_dataset\Disgust\Disgust_169.wav,Disgust,44144,2b36b85edd854917881d38cad85d7531c540505b40be9aed533849edc943cca2
Disgust_170.wav,E:\PROJECT 33\PROJECT 33\backend\sample_datasets\audio_dataset\Disgust\Disgust_170.wav,Disgust,44144,2b36b85edd854917881d38cad85d7531c540505b40be9aed533849edc943cca2
Disgust_171.wav,E:\PROJECT 33\PROJECT 33\backend\sample_datasets\audio_dataset\Disgust\Disgust_171.wav,Disgust,44144,2b36b85edd854917881d38cad85d7531c540505b40be9aed533849edc943cca2
Disgust_172.wav,E:\PROJECT 33\PROJECT 33\backend\sample_datasets\audio_dataset\Disgust\Disgust_172.wav,Disgust,44144,2b36b85edd854917881d38cad85d7531c540505b40be9aed533849edc943cca2
Disgust_173.wav,E:\PROJECT 33\PROJECT 33\backend\sample_datasets\audio_dataset\Disgust\Disgust_173.wav,Disgust,44144,2b36b85edd854917881d38cad85d7531c540505b40be9aed533849edc943cca2
Disgust_174.wav,E:\PROJECT 33\PROJECT 33\backend\sample_datasets\audio_dataset\Disgust\Disgust_174.wav,Disgust,44144,2b36b85edd854917881d38cad85d7531c540505b40be9aed533849edc943cca2
Disgust_175.wav,E:\PROJECT 33\PROJECT 33\backend\sample_datasets\audio_dataset\Disgust\Disgust_175.wav,Disgust,44144,2b36b85edd854917881d38cad85d7531c540505b40be9aed533849edc943cca2
Disgust_176.wav,E:\PROJECT 33\PROJECT 33\backend\sample_datasets\audio_dataset\Disgust\Disgust_176.wav,Disgust,44144,2b36b85edd854917881d38cad85d7531c540505b40be9aed533849edc943cca2
Disgust_177.wav,E:\PROJECT 33\PROJECT 33\backend\sample_datasets\audio_dataset\Disgust\Disgust_177.wav,Disgust,44144,2b36b85edd854917881d38cad85d7531c540505b40be9aed533849edc943cca2
Disgust_178.wav,E:\PROJECT 33\PROJECT 33\backend\sample_datasets\audio_dataset\Disgust\Disgust_178.wav,Disgust,44144,2b36b85edd854917881d38cad85d7531c540505b40be9aed533849edc943cca2
Disgust_179.wav,E:\PROJECT 33\PROJECT 33\backend\sample_datasets\audio_dataset\Disgust\Disgust_179.wav,Disgust,44144,2b36b85edd854917881d38cad85d7531c540505b40be9aed533849edc943cca2
Disgust_180.wav,E:\PROJECT 33\PROJECT 33\backend\sample_datasets\audio_dataset\Disgust\Disgust_180.wav,Disgust,44144,2b36b85edd854917881d38cad85d7531c540505b40be9aed533849edc943cca2
Disgust_181.wav,E:\PROJECT 33\PROJECT 33\backend\sample_datasets\audio_dataset\Disgust\Disgust_181.wav,Disgust,44144,2b36b85edd854917881d38cad85d7531c540505b40be9aed533849edc943cca2
Disgust_182.wav,E:\PROJECT 33\PROJECT 33\backend\sample_datasets\audio_dataset\Disgust\Disgust_182.wav,Disgust,44144,2b36b85edd854917881d38cad85d7531c540505b40be9aed533849edc943cca2
Disgust_183.wav,E:\PROJECT 33\PROJECT 33\backend\sample_datasets\audio_dataset\Disgust\Disgust_183.wav,Disgust,44144,2b36b85edd854917881d38cad85d7531c540505b40be9aed533849edc943cca2
Disgust_184.wav,E:\PROJECT 33\PROJECT 33\backend\sample_datasets\audio_dataset\Disgust\Disgust_184.wav,Disgust,44144,2b36b85edd854917881d38cad85d7531c540505b40be9aed533849edc943cca2
Disgust_185.wav,E:\PROJECT 33\PROJECT 33\backend\sample_datasets\audio_dataset\Disgust\Disgust_185.wav,Disgust,44144,2b36b85edd854917881d38cad85d7531c540505b40be9aed533849edc943cca2
Disgust_186.wav,E:\PROJECT 33\PROJECT 33\backend\sample_datasets\audio_dataset\Disgust\Disgust_186.wav,Disgust,44144,2b36b85edd854917881d38cad85d7531c540505b40be9aed533849edc943cca2
Disgust_187.wav,E:\PROJECT 33\PROJECT 33\backend\sample_datasets\audio_dataset\Disgust\Disgust_187.wav,Disgust,44144,2b36b85edd854917881d38cad85d7531c540505b40be9aed533849edc943cca2
Disgust_188.wav,E:\PROJECT 33\PROJECT 33\backend\sample_datasets\audio_dataset\Disgust\Disgust_188.wav,Disgust,44144,2b36b85edd854917881d38cad85d7531c540505b40be9aed533849edc943cca2
Disgust_189.wav,E:\PROJECT 33\PROJECT 33\backend\sample_datasets\audio_dataset\Disgust\Disgust_189.wav,Disgust,44144,2b36b85edd854917881d38cad85d7531c540505b40be9aed533849edc943cca2
Disgust_190.wav,E:\PROJECT 33\PROJECT 33\backend\sample_datasets\audio_dataset\Disgust\Disgust_190.wav,Disgust,44144,2b36b85edd854917881d38cad85d7531c540505b40be9aed533849edc943cca2
Disgust_191.wav,E:\PROJECT 33\PROJECT 33\backend\sample_datasets\audio_dataset\Disgust\Disgust_191.wav,Disgust,44144,2b36b85edd854917881d38cad85d7531c540505b40be9aed533849edc943cca2
Disgust_192.wav,E:\PROJECT 33\PROJECT 33\backend\sample_datasets\audio_dataset\Disgust\Disgust_192.wav,Disgust,44144,2b36b85edd854917881d38cad85d7531c540505b40be9aed533849edc943cca2
Disgust_193.wav,E:\PROJECT 33\PROJECT 33\backend\sample_datasets\audio_dataset\Disgust\Disgust_193.wav,Disgust,44144,2b36b85edd854917881d38cad85d7531c540505b40be9aed533849edc943cca2
Disgust_194.wav,E:\PROJECT 33\PROJECT 33\backend\sample_datasets\audio_dataset\Disgust\Disgust_194.wav,Disgust,44144,2b36b85edd854917881d38cad85d7531c540505b40be9aed533849edc943cca2
Disgust_195.wav,E:\PROJECT 33\PROJECT 33\backend\sample_datasets\audio_dataset\Disgust\Disgust_195.wav,Disgust,44144,2b36b85edd854917881d38cad85d7531c540505b40be9aed533849edc943cca2
Disgust_196.wav,E:\PROJECT 33\PROJECT 33\backend\sample_datasets\audio_dataset\Disgust\Disgust_196.wav,Disgust,44144,2b36b85edd854917881d38cad85d7531c540505b40be9aed533849edc943cca2
Disgust_197.wav,E:\PROJECT 33\PROJECT 33\backend\sample_datasets\audio_dataset\Disgust\Disgust_197.wav,Disgust,44144,2b36b85edd854917881d38cad85d7531c540505b40be9aed533849edc943cca2
Disgust_198.wav,E:\PROJECT 33\PROJECT 33\backend\sample_datasets\audio_dataset\Disgust\Disgust_198.wav,Disgust,44144,2b36b85edd854917881d38cad85d7531c540505b40be9aed533849edc943cca2
Disgust_199.wav,E:\PROJECT 33\PROJECT 33\backend\sample_datasets\audio_dataset\Disgust\Disgust_199.wav,Disgust,44144,2b36b85edd854917881d38cad85d7531c540505b40be9aed533849edc943cca2
Disgust_200.wav,E:\PROJECT 33\PROJECT 33\backend\sample_datasets\audio_dataset\Disgust\Disgust_200.wav,Disgust,44144,2b36b85edd854917881d38cad85d7531c540505b40be9aed533849edc943cca2
Disgust_201.wav,E:\PROJECT 33\PROJECT 33\backend\sample_datasets\audio_dataset\Disgust\Disgust_201.wav,Disgust,44144,2b36b85edd854917881d38cad85d7531c540505b40be9aed533849edc943cca2
Disgust_202.wav,E:\PROJECT 33\PROJECT 33\backend\sample_datasets\audio_dataset\Disgust\Disgust_202.wav,Disgust,44144,2b36b85edd854917881d38cad85d7531c540505b40be9aed533849edc943cca2
Disgust_203.wav,E:\PROJECT 33\PROJECT 33\backend\sample_datasets\audio_dataset\Disgust\Disgust_203.wav,Disgust,44144,2b36b85edd854917881d38cad85d7531c540505b40be9aed533849edc943cca2
Disgust_204.wav,E:\PROJECT 33\PROJECT 33\backend\sample_datasets\audio_dataset\Disgust\Disgust_204.wav,Disgust,44144,2b36b85edd854917881d38cad85d7531c540505b40be9aed533849edc943cca2
Disgust_205.wav,E:\PROJECT 33\PROJECT 33\backend\sample_datasets\audio_dataset\Disgust\Disgust_205.wav,Disgust,44144,2b36b85edd854917881d38cad85d7531c540505b40be9aed533849edc943cca2
Disgust_206.wav,E:\PROJECT 33\PROJECT 33\backend\sample_datasets\audio_dataset\Disgust\Disgust_206.wav,Disgust,44144,2b36b85edd854917881d38cad85d7531c540505b40be9aed533849edc943cca2
Disgust_207.wav,E:\PROJECT 33\PROJECT 33\backend\sample_datasets\audio_dataset\Disgust\Disgust_207.wav,Disgust,44144,2b36b85edd854917881d38cad85d7531c540505b40be9aed533849edc943cca2
Disgust_208.wav,E:\PROJECT 33\PROJECT 33\backend\sample_datasets\audio_dataset\Disgust\Disgust_208.wav,Disgust,44144,2b36b85edd854917881d38cad85d7531c540505b40be9aed533849edc943cca2
Disgust_209.wav,E:\PROJECT 33\PROJECT 33\backend\sample_datasets\audio_dataset\Disgust\Disgust_209.wav,Disgust,44144,2b36b85edd854917881d38cad85d7531c540505b40be9aed533849edc943cca2
Disgust_210.wav,E:\PROJECT 33\PROJECT 33\backend\sample_datasets\audio_dataset\Disgust\Disgust_210.wav,Disgust,44144,2b36b85edd854917881d38cad85d7531c540505b40be9aed533849edc943cca2
Disgust_211.wav,E:\PROJECT 33\PROJECT 33\backend\sample_datasets\audio_dataset\Disgust\Disgust_211.wav,Disgust,44144,2b36b85edd854917881d38cad85d7531c540505b40be9aed533849edc943cca2
Disgust_212.wav,E:\PROJECT 33\PROJECT 33\backend\sample_datasets\audio_dataset\Disgust\Disgust_212.wav,Disgust,44144,2b36b85edd854917881d38cad85d7531c540505b40be9aed533849edc943cca2
Disgust_213.wav,E:\PROJECT 33\PROJECT 33\backend\sample_datasets\audio_dataset\Disgust\Disgust_213.wav,Disgust,44144,2b36b85edd854917881d38cad85d7531c540505b40be9aed533849edc943cca2
Disgust_214.wav,E:\PROJECT 33\PROJECT 33\backend\sample_datasets\audio_dataset\Disgust\Disgust_214.wav,Disgust,44144,2b36b85edd854917881d38cad85d7531c540505b40be9aed533849edc943cca2
Disgust_215.wav,E:\PROJECT 33\PROJECT 33\backend\sample_datasets\audio_dataset\Disgust\Disgust_215.wav,Disgust,44144,2b36b85edd854917881d38cad85d7531c540505b40be9aed533849edc943cca2
Disgust_216.wav,E:\PROJECT 33\PROJECT 33\backend\sample_datasets\audio_dataset\Disgust\Disgust_216.wav,Disgust,44144,2b36b85edd854917881d38cad85d7531c540505b40be9aed533849edc943cca2
Disgust_217.wav,E:\PROJECT 33\PROJECT 33\backend\sample_datasets\audio_dataset\Disgust\Disgust_217.wav,Disgust,44144,2b36b85edd854917881d38cad85d7531c540505b40be9aed533849edc943cca2
Disgust_218.wav,E:\PROJECT 33\PROJECT 33\backend\sample_datasets\audio_dataset\Disgust\Disgust_218.wav,Disgust,44144,2b36b85edd854917881d38cad85d7531c540505b40be9aed533849edc943cca2
Disgust_219.wav,E:\PROJECT 33\PROJECT 33\backend\sample_datasets\audio_dataset\Disgust\Disgust_219.wav,Disgust,44144,2b36b85edd854917881d38cad85d7531c540505b40be9aed533849edc943cca2
Disgust_220.wav,E:\PROJECT 33\PROJECT 33\backend\sample_datasets\audio_dataset\Disgust\Disgust_220.wav,Disgust,44144,2b36b85edd854917881d38cad85d7531c540505b40be9aed533849edc943cca2
Disgust_221.wav,E:\PROJECT 33\PROJECT 33\backend\sample_datasets\audio_dataset\Disgust\Disgust_221.wav,Disgust,44144,2b36b85edd854917881d38cad85d7531c540505b40be9aed533849edc943cca2
Disgust_222.wav,E:\PROJECT 33\PROJECT 33\backend\sample_datasets\audio_dataset\Disgust\Disgust_222.wav,Disgust,44144,2b36b85edd854917881d38cad85d7531c540505b40be9aed533849edc943cca2
Disgust_223.wav,E:\PROJECT 33\PROJECT 33\backend\sample_datasets\audio_dataset\Disgust\Disgust_223.wav,Disgust,44144,2b36b85edd854917881d38cad85d7531c540505b40be9aed533849edc943cca2
Disgust_224.wav,E:\PROJECT 33\PROJECT 33\backend\sample_datasets\audio_dataset\Disgust\Disgust_224.wav,Disgust,44144,2b36b85edd854917881d38cad85d7531c540505b40be9aed533849edc943cca2
Disgust_225.wav,E:\PROJECT 33\PROJECT 33\backend\sample_datasets\audio_dataset\Disgust\Disgust_225.wav,Disgust,44144,2b36b85edd854917881d38cad85d7531c540505b40be9aed533849edc943cca2
Disgust_226.wav,E:\PROJECT 33\PROJECT 33\backend\sample_datasets\audio_dataset\Disgust\Disgust_226.wav,Disgust,44144,2b36b85edd854917881d38cad85d7531c540505b40be9aed533849edc943cca2
Disgust_227.wav,E:\PROJECT 33\PROJECT 33\backend\sample_datasets\audio_dataset\Disgust\Disgust_227.wav,Disgust,44144,2b36b85edd854917881d38cad85d7531c540505b40be9aed533849edc943cca2
Disgust_228.wav,E:\PROJECT 33\PROJECT 33\backend\sample_datasets\audio_dataset\Disgust\Disgust_228.wav,Disgust,44144,2b36b85edd854917881d38cad85d7531c540505b40be9aed533849edc943cca2
Disgust_229.wav,E:\PROJECT 33\PROJECT 33\backend\sample_datasets\audio_dataset\Disgust\Disgust_229.wav,Disgust,44144,2b36b85edd854917881d38cad85d7531c540505b40be9aed533849edc943cca2
Disgust_230.wav,E:\PROJECT 33\PROJECT 33\backend\sample_datasets\audio_dataset\Disgust\Disgust_230.wav,Disgust,44144,2b36b85edd854917881d38cad85d7531c540505b40be9aed533849edc943cca2
Disgust_231.wav,E:\PROJECT 33\PROJECT 33\backend\sample_datasets\audio_dataset\Disgust\Disgust_231.wav,Disgust,44144,2b36b85edd854917881d38cad85d7531c540505b40be9aed533849edc943cca2
Disgust_232.wav,E:\PROJECT 33\PROJECT 33\backend\sample_datasets\audio_dataset\Disgust\Disgust_232.wav,Disgust,44144,2b36b85edd854917881d38cad85d7531c540505b40be9aed533849edc943cca2
Disgust_233.wav,E:\PROJECT 33\PROJECT 33\backend\sample_datasets\audio_dataset\Disgust\Disgust_233.wav,Disgust,44144,2b36b85edd854917881d38cad85d7531c540505b40be9aed533849edc943cca2
Disgust_234.wav,E:\PROJECT 33\PROJECT 33\backend\sample_datasets\audio_dataset\Disgust\Disgust_234.wav,Disgust,44144,2b36b85edd854917881d38cad85d7531c540505b40be9aed533849edc943cca2
Disgust_235.wav,E:\PROJECT 33\PROJECT 33\backend\sample_datasets\audio_dataset\Disgust\Disgust_235.wav,Disgust,44144,2b36b85edd854917881d38cad85d7531c540505b40be9aed533849edc943cca2
Disgust_236.wav,E:\PROJECT 33\PROJECT 33\backend\sample_datasets\audio_dataset\Disgust\Disgust_236.wav,Disgust,44144,2b36b85edd854917881d38cad85d7531c540505b40be9aed533849edc943cca2
Disgust_237.wav,E:\PROJECT 33\PROJECT 33\backend\sample_datasets\audio_dataset\Disgust\Disgust_237.wav,Disgust,44144,2b36b85edd854917881d38cad85d7531c540505b40be9aed533849edc943cca2
Disgust_238.wav,E:\PROJECT 33\PROJECT 33\backend\sample_datasets\audio_dataset\Disgust\Disgust_238.wav,Disgust,44144,2b36b85edd854917881d38cad85d7531c540505b40be9aed533849edc943cca2
Disgust_239.wav,E:\PROJECT 33\PROJECT 33\backend\sample_datasets\audio_dataset\Disgust\Disgust_239.wav,Disgust,44144,2b36b85edd854917881d38cad85d7531c540505b40be9aed533849edc943cca2
Disgust_240.wav,E:\PROJECT 33\PROJECT 33\backend\sample_datasets\audio_dataset\Disgust\Disgust_240.wav,Disgust,44144,2b36b85edd854917881d38cad85d7531c540505b40be9aed533849edc943cca2
Disgust_241.wav,E:\PROJECT 33\PROJECT 33\backend\sample_datasets\audio_dataset\Disgust\Disgust_241.wav,Disgust,44144,2b36b85edd854917881d38cad85d7531c540505b40be9aed533849edc943cca2
Disgust_242.wav,E:\PROJECT 33\PROJECT 33\backend\sample_datasets\audio_dataset\Disgust\Disgust_242.wav,Disgust,44144,2b36b85edd854917881d38cad85d7531c540505b40be9aed533849edc943cca2
Disgust_243.wav,E:\PROJECT 33\PROJECT 33\backend\sample_datasets\audio_dataset\Disgust\Disgust_243.wav,Disgust,44144,2b36b85edd854917881d38cad85d7531c540505b40be9aed533849edc943cca2
Disgust_244.wav,E:\PROJECT 33\PROJECT 33\backend\sample_datasets\audio_dataset\Disgust\Disgust_244.wav,Disgust,44144,2b36b85edd854917881d38cad85d7531c540505b40be9aed533849edc943cca2
Disgust_245.wav,E:\PROJECT 33\PROJECT 33\backend\sample_datasets\audio_dataset\Disgust\Disgust_245.wav,Disgust,44144,2b36b85edd854917881d38cad85d7531c540505b40be9aed533849edc943cca2
Disgust_246.wav,E:\PROJECT 33\PROJECT 33\backend\sample_datasets\audio_dataset\Disgust\Disgust_246.wav,Disgust,44144,2b36b85edd854917881d38cad85d7531c540505b40be9aed533849edc943cca2
Disgust_247.wav,E:\PROJECT 33\PROJECT 33\backend\sample_datasets\audio_dataset\Disgust\Disgust_247.wav,Disgust,44144,2b36b85edd854917881d38cad85d7531c540505b40be9aed533849edc943cca2
Disgust_248.wav,E:\PROJECT 33\PROJECT 33\backend\sample_datasets\audio_dataset\Disgust\Disgust_248.wav,Disgust,44144,2b36b85edd854917881d38cad85d7531c540505b40be9aed533849edc943cca2
Disgust_249.wav,E:\PROJECT 33\PROJECT 33\backend\sample_datasets\audio_dataset\Disgust\Disgust_249.wav,Disgust,44144,2b36b85edd854917881d38cad85d7531c540505b40be9aed533849edc943cca2
Fear_000.wav,E:\PROJECT 33\PROJECT 33\backend\sample_datasets\audio_dataset\Fear\Fear_000.wav,Fear,44144,c970003007f2e3532230e2b92abaeab97f0da70f9d2518f7bf4f397a56f59e31
Fear_001.wav,E:\PROJECT 33\PROJECT 33\backend\sample_datasets\audio_dataset\Fear\Fear_001.wav,Fear,44144,c970003007f2e3532230e2b92abaeab97f0da70f9d2518f7bf4f397a56f59e31
Fear_002.wav,E:\PROJECT 33\PROJECT 33\backend\sample_datasets\audio_dataset\Fear\Fear_002.wav,Fear,44144,c970003007f2e3532230e2b92abaeab97f0da70f9d2518f7bf4f397a56f59e31
Fear_003.wav,E:\PROJECT 33\PROJECT 33\backend\sample_datasets\audio_dataset\Fear\Fear_003.wav,Fear,44144,c970003007f2e3532230e2b92abaeab97f0da70f9d2518f7bf4f397a56f59e31
Fear_004.wav,E:\PROJECT 33\PROJECT 33\backend\sample_datasets\audio_dataset\Fear\Fear_004.wav,Fear,44144,c970003007f2e3532230e2b92abaeab97f0da70f9d2518f7bf4f397a56f59e31
Fear_005.wav,E:\PROJECT 33\PROJECT 33\backend\sample_datasets\audio_dataset\Fear\Fear_005.wav,Fear,44144,c970003007f2e3532230e2b92abaeab97f0da70f9d2518f7bf4f397a56f59e31
Fear_006.wav,E:\PROJECT 33\PROJECT 33\backend\sample_datasets\audio_dataset\Fear\Fear_006.wav,Fear,44144,c970003007f2e3532230e2b92abaeab97f0da70f9d2518f7bf4f397a56f59e31
Fear_007.wav,E:\PROJECT 33\PROJECT 33\backend\sample_datasets\audio_dataset\Fear\Fear_007.wav,Fear,44144,c970003007f2e3532230e2b92abaeab97f0da70f9d2518f7bf4f397a56f59e31
Fear_008.wav,E:\PROJECT 33\PROJECT 33\backend\sample_datasets\audio_dataset\Fear\Fear_008.wav,Fear,44144,c970003007f2e3532230e2b92abaeab97f0da70f9d2518f7bf4f397a56f59e31
Fear_009.wav,E:\PROJECT 33\PROJECT 33\backend\sample_datasets\audio_dataset\Fear\Fear_009.wav,Fear,44144,c970003007f2e3532230e2b92abaeab97f0da70f9d2518f7bf4f397a56f59e31
Fear_010.wav,E:\PROJECT 33\PROJECT 33\backend\sample_datasets\audio_dataset\Fear\Fear_010.wav,Fear,44144,c970003007f2e3532230e2b92abaeab97f0da70f9d2518f7bf4f397a56f59e31
Fear_011.wav,E:\PROJECT 33\PROJECT 33\backend\sample_datasets\audio_dataset\Fear\Fear_011.wav,Fear,44144,c970003007f2e3532230e2b92abaeab97f0da70f9d2518f7bf4f397a56f59e31
Fear_012.wav,E:\PROJECT 33\PROJECT 33\backend\sample_datasets\audio_dataset\Fear\Fear_012.wav,Fear,44144,c970003007f2e3532230e2b92abaeab97f0da70f9d2518f7bf4f397a56f59e31
Fear_013.wav,E:\PROJECT 33\PROJECT 33\backend\sample_datasets\audio_dataset\Fear\Fear_013.wav,Fear,44144,c970003007f2e3532230e2b92abaeab97f0da70f9d2518f7bf4f397a56f59e31
Fear_014.wav,E:\PROJECT 33\PROJECT 33\backend\sample_datasets\audio_dataset\Fear\Fear_014.wav,Fear,44144,c970003007f2e3532230e2b92abaeab97f0da70f9d2518f7bf4f397a56f59e31
Fear_015.wav,E:\PROJECT 33\PROJECT 33\backend\sample_datasets\audio_dataset\Fear\Fear_015.wav,Fear,44144,c970003007f2e3532230e2b92abaeab97f0da70f9d2518f7bf4f397a56f59e31
Fear_016.wav,E:\PROJECT 33\PROJECT 33\backend\sample_datasets\audio_dataset\Fear\Fear_016.wav,Fear,44144,c970003007f2e3532230e2b92abaeab97f0da70f9d2518f7bf4f397a56f59e31
Fear_017.wav,E:\PROJECT 33\PROJECT 33\backend\sample_datasets\audio_dataset\Fear\Fear_017.wav,Fear,44144,c970003007f2e3532230e2b92abaeab97f0da70f9d2518f7bf4f397a56f59e31
Fear_018.wav,E:\PROJECT 33\PROJECT 33\backend\sample_datasets\audio_dataset\Fear\Fear_018.wav,Fear,44144,c970003007f2e3532230e2b92abaeab97f0da70f9d2518f7bf4f397a56f59e31
Fear_019.wav,E:\PROJECT 33\PROJECT 33\backend\sample_datasets\audio_dataset\Fear\Fear_019.wav,Fear,44144,c970003007f2e3532230e2b92abaeab97f0da70f9d2518f7bf4f397a56f59e31
Fear_020.wav,E:\PROJECT 33\PROJECT 33\backend\sample_datasets\audio_dataset\Fear\Fear_020.wav,Fear,44144,c970003007f2e3532230e2b92abaeab97f0da70f9d2518f7bf4f397a56f59e31
Fear_021.wav,E:\PROJECT 33\PROJECT 33\backend\sample_datasets\audio_dataset\Fear\Fear_021.wav,Fear,44144,c970003007f2e3532230e2b92abaeab97f0da70f9d2518f7bf4f397a56f59e31
Fear_022.wav,E:\PROJECT 33\PROJECT 33\backend\sample_datasets\audio_dataset\Fear\Fear_022.wav,Fear,44144,c970003007f2e3532230e2b92abaeab97f0da70f9d2518f7bf4f397a56f59e31
Fear_023.wav,E:\PROJECT 33\PROJECT 33\backend\sample_datasets\audio_dataset\Fear\Fear_023.wav,Fear,44144,c970003007f2e3532230e2b92abaeab97f0da70f9d2518f7bf4f397a56f59e31
Fear_024.wav,E:\PROJECT 33\PROJECT 33\backend\sample_datasets\audio_dataset\Fear\Fear_024.wav,Fear,44144,c970003007f2e3532230e2b92abaeab97f0da70f9d2518f7bf4f397a56f59e31
Fear_025.wav,E:\PROJECT 33\PROJECT 33\backend\sample_datasets\audio_dataset\Fear\Fear_025.wav,Fear,44144,c970003007f2e3532230e2b92abaeab97f0da70f9d2518f7bf4f397a56f59e31
Fear_026.wav,E:\PROJECT 33\PROJECT 33\backend\sample_datasets\audio_dataset\Fear\Fear_026.wav,Fear,44144,c970003007f2e3532230e2b92abaeab97f0da70f9d2518f7bf4f397a56f59e31
Fear_027.wav,E:\PROJECT 33\PROJECT 33\backend\sample_datasets\audio_dataset\Fear\Fear_027.wav,Fear,44144,c970003007f2e3532230e2b92abaeab97f0da70f9d2518f7bf4f397a56f59e31
Fear_028.wav,E:\PROJECT 33\PROJECT 33\backend\sample_datasets\audio_dataset\Fear\Fear_028.wav,Fear,44144,c970003007f2e3532230e2b92abaeab97f0da70f9d2518f7bf4f397a56f59e31
Fear_029.wav,E:\PROJECT 33\PROJECT 33\backend\sample_datasets\audio_dataset\Fear\Fear_029.wav,Fear,44144,c970003007f2e3532230e2b92abaeab97f0da70f9d2518f7bf4f397a56f59e31
Fear_030.wav,E:\PROJECT 33\PROJECT 33\backend\sample_datasets\audio_dataset\Fear\Fear_030.wav,Fear,44144,c970003007f2e3532230e2b92abaeab97f0da70f9d2518f7bf4f397a56f59e31
Fear_031.wav,E:\PROJECT 33\PROJECT 33\backend\sample_datasets\audio_dataset\Fear\Fear_031.wav,Fear,44144,c970003007f2e3532230e2b92abaeab97f0da70f9d2518f7bf4f397a56f59e31
Fear_032.wav,E:\PROJECT 33\PROJECT 33\backend\sample_datasets\audio_dataset\Fear\Fear_032.wav,Fear,44144,c970003007f2e3532230e2b92abaeab97f0da70f9d2518f7bf4f397a56f59e31
Fear_033.wav,E:\PROJECT 33\PROJECT 33\backend\sample_datasets\audio_dataset\Fear\Fear_033.wav,Fear,44144,c970003007f2e3532230e2b92abaeab97f0da70f9d2518f7bf4f397a56f59e31
Fear_034.wav,E:\PROJECT 33\PROJECT 33\backend\sample_datasets\audio_dataset\Fear\Fear_034.wav,Fear,44144,c970003007f2e3532230e2b92abaeab97f0da70f9d2518f7bf4f397a56f59e31
Fear_035.wav,E:\PROJECT 33\PROJECT 33\backend\sample_datasets\audio_dataset\Fear\Fear_035.wav,Fear,44144,c970003007f2e3532230e2b92abaeab97f0da70f9d2518f7bf4f397a56f59e31
Fear_036.wav,E:\PROJECT 33\PROJECT 33\backend\sample_datasets\audio_dataset\Fear\Fear_036.wav,Fear,44144,c970003007f2e3532230e2b92abaeab97f0da70f9d2518f7bf4f397a56f59e31
Fear_037.wav,E:\PROJECT 33\PROJECT 33\backend\sample_datasets\audio_dataset\Fear\Fear_037.wav,Fear,44144,c970003007f2e3532230e2b92abaeab97f0da70f9d2518f7bf4f397a56f59e31
Fear_038.wav,E:\PROJECT 33\PROJECT 33\backend\sample_datasets\audio_dataset\Fear\Fear_038.wav,Fear,44144,c970003007f2e3532230e2b92abaeab97f0da70f9d2518f7bf4f397a56f59e31
Fear_039.wav,E:\PROJECT 33\PROJECT 33\backend\sample_datasets\audio_dataset\Fear\Fear_039.wav,Fear,44144,c970003007f2e3532230e2b92abaeab97f0da70f9d2518f7bf4f397a56f59e31
Fear_040.wav,E:\PROJECT 33\PROJECT 33\backend\sample_datasets\audio_dataset\Fear\Fear_040.wav,Fear,44144,c970003007f2e3532230e2b92abaeab97f0da70f9d2518f7bf4f397a56f59e31
Fear_041.wav,E:\PROJECT 33\PROJECT 33\backend\sample_datasets\audio_dataset\Fear\Fear_041.wav,Fear,44144,c970003007f2e3532230e2b92abaeab97f0da70f9d2518f7bf4f397a56f59e31
Fear_042.wav,E:\PROJECT 33\PROJECT 33\backend\sample_datasets\audio_dataset\Fear\Fear_042.wav,Fear,44144,c970003007f2e3532230e2b92abaeab97f0da70f9d2518f7bf4f397a56f59e31
Fear_043.wav,E:\PROJECT 33\PROJECT 33\backend\sample_datasets\audio_dataset\Fear\Fear_043.wav,Fear,44144,c970003007f2e3532230e2b92abaeab97f0da70f9d2518f7bf4f397a56f59e31
Fear_044.wav,E:\PROJECT 33\PROJECT 33\backend\sample_datasets\audio_dataset\Fear\Fear_044.wav,Fear,44144,c970003007f2e3532230e2b92abaeab97f0da70f9d2518f7bf4f397a56f59e31
Fear_045.wav,E:\PROJECT 33\PROJECT 33\backend\sample_datasets\audio_dataset\Fear\Fear_045.wav,Fear,44144,c970003007f2e3532230e2b92abaeab97f0da70f9d2518f7bf4f397a56f59e31
Fear_046.wav,E:\PROJECT 33\PROJECT 33\backend\sample_datasets\audio_dataset\Fear\Fear_046.wav,Fear,44144,c970003007f2e3532230e2b92abaeab97f0da70f9d2518f7bf4f397a56f59e31
Fear_047.wav,E:\PROJECT 33\PROJECT 33\backend\sample_datasets\audio_dataset\Fear\Fear_047.wav,Fear,44144,c970003007f2e3532230e2b92abaeab97f0da70f9d2518f7bf4f397a56f59e31
Fear_048.wav,E:\PROJECT 33\PROJECT 33\backend\sample_datasets\audio_dataset\Fear\Fear_048.wav,Fear,44144,c970003007f2e3532230e2b92abaeab97f0da70f9d2518f7bf4f397a56f59e31
Fear_049.wav,E:\PROJECT 33\PROJECT 33\backend\sample_datasets\audio_dataset\Fear\Fear_049.wav,Fear,44144,c970003007f2e3532230e2b92abaeab97f0da70f9d2518f7bf4f397a56f59e31
Fear_050.wav,E:\PROJECT 33\PROJECT 33\backend\sample_datasets\audio_dataset\Fear\Fear_050.wav,Fear,44144,c970003007f2e3532230e2b92abaeab97f0da70f9d2518f7bf4f397a56f59e31
Fear_051.wav,E:\PROJECT 33\PROJECT 33\backend\sample_datasets\audio_dataset\Fear\Fear_051.wav,Fear,44144,c970003007f2e3532230e2b92abaeab97f0da70f9d2518f7bf4f397a56f59e31
Fear_052.wav,E:\PROJECT 33\PROJECT 33\backend\sample_datasets\audio_dataset\Fear\Fear_052.wav,Fear,44144,c970003007f2e3532230e2b92abaeab97f0da70f9d2518f7bf4f397a56f59e31
Fear_053.wav,E:\PROJECT 33\PROJECT 33\backend\sample_datasets\audio_dataset\Fear\Fear_053.wav,Fear,44144,c970003007f2e3532230e2b92abaeab97f0da70f9d2518f7bf4f397a56f59e31
Fear_054.wav,E:\PROJECT 33\PROJECT 33\backend\sample_datasets\audio_dataset\Fear\Fear_054.wav,Fear,44144,c970003007f2e3532230e2b92abaeab97f0da70f9d2518f7bf4f397a56f59e31
Fear_055.wav,E:\PROJECT 33\PROJECT 33\backend\sample_datasets\audio_dataset\Fear\Fear_055.wav,Fear,44144,c970003007f2e3532230e2b92abaeab97f0da70f9d2518f7bf4f397a56f59e31
Fear_056.wav,E:\PROJECT 33\PROJECT 33\backend\sample_datasets\audio_dataset\Fear\Fear_056.wav,Fear,44144,c970003007f2e3532230e2b92abaeab97f0da70f9d2518f7bf4f397a56f59e31
Fear_057.wav,E:\PROJECT 33\PROJECT 33\backend\sample_datasets\audio_dataset\Fear\Fear_057.wav,Fear,44144,c970003007f2e3532230e2b92abaeab97f0da70f9d2518f7bf4f397a56f59e31
Fear_058.wav,E:\PROJECT 33\PROJECT 33\backend\sample_datasets\audio_dataset\Fear\Fear_058.wav,Fear,44144,c970003007f2e3532230e2b92abaeab97f0da70f9d2518f7bf4f397a56f59e31
Fear_059.wav,E:\PROJECT 33\PROJECT 33\backend\sample_datasets\audio_dataset\Fear\Fear_059.wav,Fear,44144,c970003007f2e3532230e2b92abaeab97f0da70f9d2518f7bf4f397a56f59e31
Fear_060.wav,E:\PROJECT 33\PROJECT 33\backend\sample_datasets\audio_dataset\Fear\Fear_060.wav,Fear,44144,c970003007f2e3532230e2b92abaeab97f0da70f9d2518f7bf4f397a56f59e31
Fear_061.wav,E:\PROJECT 33\PROJECT 33\backend\sample_datasets\audio_dataset\Fear\Fear_061.wav,Fear,44144,c970003007f2e3532230e2b92abaeab97f0da70f9d2518f7bf4f397a56f59e31
Fear_062.wav,E:\PROJECT 33\PROJECT 33\backend\sample_datasets\audio_dataset\Fear\Fear_062.wav,Fear,44144,c970003007f2e3532230e2b92abaeab97f0da70f9d2518f7bf4f397a56f59e31
Fear_063.wav,E:\PROJECT 33\PROJECT 33\backend\sample_datasets\audio_dataset\Fear\Fear_063.wav,Fear,44144,c970003007f2e3532230e2b92abaeab97f0da70f9d2518f7bf4f397a56f59e31
Fear_064.wav,E:\PROJECT 33\PROJECT 33\backend\sample_datasets\audio_dataset\Fear\Fear_064.wav,Fear,44144,c970003007f2e3532230e2b92abaeab97f0da70f9d2518f7bf4f397a56f59e31
Fear_065.wav,E:\PROJECT 33\PROJECT 33\backend\sample_datasets\audio_dataset\Fear\Fear_065.wav,Fear,44144,c970003007f2e3532230e2b92abaeab97f0da70f9d2518f7bf4f397a56f59e31
Fear_066.wav,E:\PROJECT 33\PROJECT 33\backend\sample_datasets\audio_dataset\Fear\Fear_066.wav,Fear,44144,c970003007f2e3532230e2b92abaeab97f0da70f9d2518f7bf4f397a56f59e31
Fear_067.wav,E:\PROJECT 33\PROJECT 33\backend\sample_datasets\audio_dataset\Fear\Fear_067.wav,Fear,44144,c970003007f2e3532230e2b92abaeab97f0da70f9d2518f7bf4f397a56f59e31
Fear_068.wav,E:\PROJECT 33\PROJECT 33\backend\sample_datasets\audio_dataset\Fear\Fear_068.wav,Fear,44144,c970003007f2e3532230e2b92abaeab97f0da70f9d2518f7bf4f397a56f59e31
Fear_069.wav,E:\PROJECT 33\PROJECT 33\backend\sample_datasets\audio_dataset\Fear\Fear_069.wav,Fear,44144,c970003007f2e3532230e2b92abaeab97f0da70f9d2518f7bf4f397a56f59e31
Fear_070.wav,E:\PROJECT 33\PROJECT 33\backend\sample_datasets\audio_dataset\Fear\Fear_070.wav,Fear,44144,c970003007f2e3532230e2b92abaeab97f0da70f9d2518f7bf4f397a56f59e31
Fear_071.wav,E:\PROJECT 33\PROJECT 33\backend\sample_datasets\audio_dataset\Fear\Fear_071.wav,Fear,44144,c970003007f2e3532230e2b92abaeab97f0da70f9d2518f7bf4f397a56f59e31
Fear_072.wav,E:\PROJECT 33\PROJECT 33\backend\sample_datasets\audio_dataset\Fear\Fear_072.wav,Fear,44144,c970003007f2e3532230e2b92abaeab97f0da70f9d2518f7bf4f397a56f59e31
Fear_073.wav,E:\PROJECT 33\PROJECT 33\backend\sample_datasets\audio_dataset\Fear\Fear_073.wav,Fear,44144,c970003007f2e3532230e2b92abaeab97f0da70f9d2518f7bf4f397a56f59e31
Fear_074.wav,E:\PROJECT 33\PROJECT 33\backend\sample_datasets\audio_dataset\Fear\Fear_074.wav,Fear,44144,c970003007f2e3532230e2b92abaeab97f0da70f9d2518f7bf4f397a56f59e31
Fear_075.wav,E:\PROJECT 33\PROJECT 33\backend\sample_datasets\audio_dataset\Fear\Fear_075.wav,Fear,44144,c970003007f2e3532230e2b92abaeab97f0da70f9d2518f7bf4f397a56f59e31
Fear_076.wav,E:\PROJECT 33\PROJECT 33\backend\sample_datasets\audio_dataset\Fear\Fear_076.wav,Fear,44144,c970003007f2e3532230e2b92abaeab97f0da70f9d2518f7bf4f397a56f59e31
Fear_077.wav,E:\PROJECT 33\PROJECT 33\backend\sample_datasets\audio_dataset\Fear\Fear_077.wav,Fear,44144,c970003007f2e3532230e2b92abaeab97f0da70f9d2518f7bf4f397a56f59e31
Fear_078.wav,E:\PROJECT 33\PROJECT 33\backend\sample_datasets\audio_dataset\Fear\Fear_078.wav,Fear,44144,c970003007f2e3532230e2b92abaeab97f0da70f9d2518f7bf4f397a56f59e31
Fear_079.wav,E:\PROJECT 33\PROJECT 33\backend\sample_datasets\audio_dataset\Fear\Fear_079.wav,Fear,44144,c970003007f2e3532230e2b92abaeab97f0da70f9d2518f7bf4f397a56f59e31
Fear_080.wav,E:\PROJECT 33\PROJECT 33\backend\sample_datasets\audio_dataset\Fear\Fear_080.wav,Fear,44144,c970003007f2e3532230e2b92abaeab97f0da70f9d2518f7bf4f397a56f59e31
Fear_081.wav,E:\PROJECT 33\PROJECT 33\backend\sample_datasets\audio_dataset\Fear\Fear_081.wav,Fear,44144,c970003007f2e3532230e2b92abaeab97f0da70f9d2518f7bf4f397a56f59e31
Fear_082.wav,E:\PROJECT 33\PROJECT 33\backend\sample_datasets\audio_dataset\Fear\Fear_082.wav,Fear,44144,c970003007f2e3532230e2b92abaeab97f0da70f9d2518f7bf4f397a56f59e31
Fear_083.wav,E:\PROJECT 33\PROJECT 33\backend\sample_datasets\audio_dataset\Fear\Fear_083.wav,Fear,44144,c970003007f2e3532230e2b92abaeab97f0da70f9d2518f7bf4f397a56f59e31
Fear_084.wav,E:\PROJECT 33\PROJECT 33\backend\sample_datasets\audio_dataset\Fear\Fear_084.wav,Fear,44144,c970003007f2e3532230e2b92abaeab97f0da70f9d2518f7bf4f397a56f59e31
Fear_085.wav,E:\PROJECT 33\PROJECT 33\backend\sample_datasets\audio_dataset\Fear\Fear_085.wav,Fear,44144,c970003007f2e3532230e2b92abaeab97f0da70f9d2518f7bf4f397a56f59e31
Fear_086.wav,E:\PROJECT 33\PROJECT 33\backend\sample_datasets\audio_dataset\Fear\Fear_086.wav,Fear,44144,c970003007f2e3532230e2b92abaeab97f0da70f9d2518f7bf4f397a56f59e31
Fear_087.wav,E:\PROJECT 33\PROJECT 33\backend\sample_datasets\audio_dataset\Fear\Fear_087.wav,Fear,44144,c970003007f2e3532230e2b92abaeab97f0da70f9d2518f7bf4f397a56f59e31
Fear_088.wav,E:\PROJECT 33\PROJECT 33\backend\sample_datasets\audio_dataset\Fear\Fear_088.wav,Fear,44144,c970003007f2e3532230e2b92abaeab97f0da70f9d2518f7bf4f397a56f59e31
Fear_089.wav,E:\PROJECT 33\PROJECT 33\backend\sample_datasets\audio_dataset\Fear\Fear_089.wav,Fear,44144,c970003007f2e3532230e2b92abaeab97f0da70f9d2518f7bf4f397a56f59e31
Fear_090.wav,E:\PROJECT 33\PROJECT 33\backend\sample_datasets\audio_dataset\Fear\Fear_090.wav,Fear,44144,c970003007f2e3532230e2b92abaeab97f0da70f9d2518f7bf4f397a56f59e31
Fear_091.wav,E:\PROJECT 33\PROJECT 33\backend\sample_datasets\audio_dataset\Fear\Fear_091.wav,Fear,44144,c970003007f2e3532230e2b92abaeab97f0da70f9d2518f7bf4f397a56f59e31
Fear_092.wav,E:\PROJECT 33\PROJECT 33\backend\sample_datasets\audio_dataset\Fear\Fear_092.wav,Fear,44144,c970003007f2e3532230e2b92abaeab97f0da70f9d2518f7bf4f397a56f59e31
Fear_093.wav,E:\PROJECT 33\PROJECT 33\backend\sample_datasets\audio_dataset\Fear\Fear_093.wav,Fear,44144,c970003007f2e3532230e2b92abaeab97f0da70f9d2518f7bf4f397a56f59e31
Fear_094.wav,E:\PROJECT 33\PROJECT 33\backend\sample_datasets\audio_dataset\Fear\Fear_094.wav,Fear,44144,c970003007f2e3532230e2b92abaeab97f0da70f9d2518f7bf4f397a56f59e31
Fear_095.wav,E:\PROJECT 33\PROJECT 33\backend\sample_datasets\audio_dataset\Fear\Fear_095.wav,Fear,44144,c970003007f2e3532230e2b92abaeab97f0da70f9d2518f7bf4f397a56f59e31
Fear_096.wav,E:\PROJECT 33\PROJECT 33\backend\sample_datasets\audio_dataset\Fear\Fear_096.wav,Fear,44144,c970003007f2e3532230e2b92abaeab97f0da70f9d2518f7bf4f397a56f59e31
Fear_097.wav,E:\PROJECT 33\PROJECT 33\backend\sample_datasets\audio_dataset\Fear\Fear_097.wav,Fear,44144,c970003007f2e3532230e2b92abaeab97f0da70f9d2518f7bf4f397a56f59e31
Fear_098.wav,E:\PROJECT 33\PROJECT 33\backend\sample_datasets\audio_dataset\Fear\Fear_098.wav,Fear,44144,c970003007f2e3532230e2b92abaeab97f0da70f9d2518f7bf4f397a56f59e31
Fear_099.wav,E:\PROJECT 33\PROJECT 33\backend\sample_datasets\audio_dataset\Fear\Fear_099.wav,Fear,44144,c970003007f2e3532230e2b92abaeab97f0da70f9d2518f7bf4f397a56f59e31
Fear_100.wav,E:\PROJECT 33\PROJECT 33\backend\sample_datasets\audio_dataset\Fear\Fear_100.wav,Fear,44144,c970003007f2e3532230e2b92abaeab97f0da70f9d2518f7bf4f397a56f59e31
Fear_101.wav,E:\PROJECT 33\PROJECT 33\backend\sample_datasets\audio_dataset\Fear\Fear_101.wav,Fear,44144,c970003007f2e3532230e2b92abaeab97f0da70f9d2518f7bf4f397a56f59e31
Fear_102.wav,E:\PROJECT 33\PROJECT 33\backend\sample_datasets\audio_dataset\Fear\Fear_102.wav,Fear,44144,c970003007f2e3532230e2b92abaeab97f0da70f9d2518f7bf4f397a56f59e31
Fear_103.wav,E:\PROJECT 33\PROJECT 33\backend\sample_datasets\audio_dataset\Fear\Fear_103.wav,Fear,44144,c970003007f2e3532230e2b92abaeab97f0da70f9d2518f7bf4f397a56f59e31
Fear_104.wav,E:\PROJECT 33\PROJECT 33\backend\sample_datasets\audio_dataset\Fear\Fear_104.wav,Fear,44144,c970003007f2e3532230e2b92abaeab97f0da70f9d2518f7bf4f397a56f59e31
Fear_105.wav,E:\PROJECT 33\PROJECT 33\backend\sample_datasets\audio_dataset\Fear\Fear_105.wav,Fear,44144,c970003007f2e3532230e2b92abaeab97f0da70f9d2518f7bf4f397a56f59e31
Fear_106.wav,E:\PROJECT 33\PROJECT 33\backend\sample_datasets\audio_dataset\Fear\Fear_106.wav,Fear,44144,c970003007f2e3532230e2b92abaeab97f0da70f9d2518f7bf4f397a56f59e31
Fear_107.wav,E:\PROJECT 33\PROJECT 33\backend\sample_datasets\audio_dataset\Fear\Fear_107.wav,Fear,44144,c970003007f2e3532230e2b92abaeab97f0da70f9d2518f7bf4f397a56f59e31
Fear_108.wav,E:\PROJECT 33\PROJECT 33\backend\sample_datasets\audio_dataset\Fear\Fear_108.wav,Fear,44144,c970003007f2e3532230e2b92abaeab97f0da70f9d2518f7bf4f397a56f59e31
Fear_109.wav,E:\PROJECT 33\PROJECT 33\backend\sample_datasets\audio_dataset\Fear\Fear_109.wav,Fear,44144,c970003007f2e3532230e2b92abaeab97f0da70f9d2518f7bf4f397a56f59e31
Fear_110.wav,E:\PROJECT 33\PROJECT 33\backend\sample_datasets\audio_dataset\Fear\Fear_110.wav,Fear,44144,c970003007f2e3532230e2b92abaeab97f0da70f9d2518f7bf4f397a56f59e31
Fear_111.wav,E:\PROJECT 33\PROJECT 33\backend\sample_datasets\audio_dataset\Fear\Fear_111.wav,Fear,44144,c970003007f2e3532230e2b92abaeab97f0da70f9d2518f7bf4f397a56f59e31
Fear_112.wav,E:\PROJECT 33\PROJECT 33\backend\sample_datasets\audio_dataset\Fear\Fear_112.wav,Fear,44144,c970003007f2e3532230e2b92abaeab97f0da70f9d2518f7bf4f397a56f59e31
Fear_113.wav,E:\PROJECT 33\PROJECT 33\backend\sample_datasets\audio_dataset\Fear\Fear_113.wav,Fear,44144,c970003007f2e3532230e2b92abaeab97f0da70f9d2518f7bf4f397a56f59e31
Fear_114.wav,E:\PROJECT 33\PROJECT 33\backend\sample_datasets\audio_dataset\Fear\Fear_114.wav,Fear,44144,c970003007f2e3532230e2b92abaeab97f0da70f9d2518f7bf4f397a56f59e31
Fear_115.wav,E:\PROJECT 33\PROJECT 33\backend\sample_datasets\audio_dataset\Fear\Fear_115.wav,Fear,44144,c970003007f2e3532230e2b92abaeab97f0da70f9d2518f7bf4f397a56f59e31
Fear_116.wav,E:\PROJECT 33\PROJECT 33\backend\sample_datasets\audio_dataset\Fear\Fear_116.wav,Fear,44144,c970003007f2e3532230e2b92abaeab97f0da70f9d2518f7bf4f397a56f59e31
Fear_117.wav,E:\PROJECT 33\PROJECT 33\backend\sample_datasets\audio_dataset\Fear\Fear_117.wav,Fear,44144,c970003007f2e3532230e2b92abaeab97f0da70f9d2518f7bf4f397a56f59e31
Fear_118.wav,E:\PROJECT 33\PROJECT 33\backend\sample_datasets\audio_dataset\Fear\Fear_118.wav,Fear,44144,c970003007f2e3532230e2b92abaeab97f0da70f9d2518f7bf4f397a56f59e31
Fear_119.wav,E:\PROJECT 33\PROJECT 33\backend\sample_datasets\audio_dataset\Fear\Fear_119.wav,Fear,44144,c970003007f2e3532230e2b92abaeab97f0da70f9d2518f7bf4f397a56f59e31
Fear_120.wav,E:\PROJECT 33\PROJECT 33\backend\sample_datasets\audio_dataset\Fear\Fear_120.wav,Fear,44144,c970003007f2e3532230e2b92abaeab97f0da70f9d2518f7bf4f397a56f59e31
Fear_121.wav,E:\PROJECT 33\PROJECT 33\backend\sample_datasets\audio_dataset\Fear\Fear_121.wav,Fear,44144,c970003007f2e3532230e2b92abaeab97f0da70f9d2518f7bf4f397a56f59e31
Fear_122.wav,E:\PROJECT 33\PROJECT 33\backend\sample_datasets\audio_dataset\Fear\Fear_122.wav,Fear,44144,c970003007f2e3532230e2b92abaeab97f0da70f9d2518f7bf4f397a56f59e31
Fear_123.wav,E:\PROJECT 33\PROJECT 33\backend\sample_datasets\audio_dataset\Fear\Fear_123.wav,Fear,44144,c970003007f2e3532230e2b92abaeab97f0da70f9d2518f7bf4f397a56f59e31
Fear_124.wav,E:\PROJECT 33\PROJECT 33\backend\sample_datasets\audio_dataset\Fear\Fear_124.wav,Fear,44144,c970003007f2e3532230e2b92abaeab97f0da70f9d2518f7bf4f397a56f59e31
Fear_125.wav,E:\PROJECT 33\PROJECT 33\backend\sample_datasets\audio_dataset\Fear\Fear_125.wav,Fear,44144,c970003007f2e3532230e2b92abaeab97f0da70f9d2518f7bf4f397a56f59e31
Fear_126.wav,E:\PROJECT 33\PROJECT 33\backend\sample_datasets\audio_dataset\Fear\Fear_126.wav,Fear,44144,c970003007f2e3532230e2b92abaeab97f0da70f9d2518f7bf4f397a56f59e31
Fear_127.wav,E:\PROJECT 33\PROJECT 33\backend\sample_datasets\audio_dataset\Fear\Fear_127.wav,Fear,44144,c970003007f2e3532230e2b92abaeab97f0da70f9d2518f7bf4f397a56f59e31
Fear_128.wav,E:\PROJECT 33\PROJECT 33\backend\sample_datasets\audio_dataset\Fear\Fear_128.wav,Fear,44144,c970003007f2e3532230e2b92abaeab97f0da70f9d2518f7bf4f397a56f59e31
Fear_129.wav,E:\PROJECT 33\PROJECT 33\backend\sample_datasets\audio_dataset\Fear\Fear_129.wav,Fear,44144,c970003007f2e3532230e2b92abaeab97f0da70f9d2518f7bf4f397a56f59e31
Fear_130.wav,E:\PROJECT 33\PROJECT 33\backend\sample_datasets\audio_dataset\Fear\Fear_130.wav,Fear,44144,c970003007f2e3532230e2b92abaeab97f0da70f9d2518f7bf4f397a56f59e31
Fear_131.wav,E:\PROJECT 33\PROJECT 33\backend\sample_datasets\audio_dataset\Fear\Fear_131.wav,Fear,44144,c970003007f2e3532230e2b92abaeab97f0da70f9d2518f7bf4f397a56f59e31
Fear_132.wav,E:\PROJECT 33\PROJECT 33\backend\sample_datasets\audio_dataset\Fear\Fear_132.wav,Fear,44144,c970003007f2e3532230e2b92abaeab97f0da70f9d2518f7bf4f397a56f59e31
Fear_133.wav,E:\PROJECT 33\PROJECT 33\backend\sample_datasets\audio_dataset\Fear\Fear_133.wav,Fear,44144,c970003007f2e3532230e2b92abaeab97f0da70f9d2518f7bf4f397a56f59e31
Fear_134.wav,E:\PROJECT 33\PROJECT 33\backend\sample_datasets\audio_dataset\Fear\Fear_134.wav,Fear,44144,c970003007f2e3532230e2b92abaeab97f0da70f9d2518f7bf4f397a56f59e31
Fear_135.wav,E:\PROJECT 33\PROJECT 33\backend\sample_datasets\audio_dataset\Fear\Fear_135.wav,Fear,44144,c970003007f2e3532230e2b92abaeab97f0da70f9d2518f7bf4f397a56f59e31
Fear_136.wav,E:\PROJECT 33\PROJECT 33\backend\sample_datasets\audio_dataset\Fear\Fear_136.wav,Fear,44144,c970003007f2e3532230e2b92abaeab97f0da70f9d2518f7bf4f397a56f59e31
Fear_137.wav,E:\PROJECT 33\PROJECT 33\backend\sample_datasets\audio_dataset\Fear\Fear_137.wav,Fear,44144,c970003007f2e3532230e2b92abaeab97f0da70f9d2518f7bf4f397a56f59e31
Fear_138.wav,E:\PROJECT 33\PROJECT 33\backend\sample_datasets\audio_dataset\Fear\Fear_138.wav,Fear,44144,c970003007f2e3532230e2b92abaeab97f0da70f9d2518f7bf4f397a56f59e31
Fear_139.wav,E:\PROJECT 33\PROJECT 33\backend\sample_datasets\audio_dataset\Fear\Fear_139.wav,Fear,44144,c970003007f2e3532230e2b92abaeab97f0da70f9d2518f7bf4f397a56f59e31
Fear_140.wav,E:\PROJECT 33\PROJECT 33\backend\sample_datasets\audio_dataset\Fear\Fear_140.wav,Fear,44144,c970003007f2e3532230e2b92abaeab97f0da70f9d2518f7bf4f397a56f59e31
Fear_141.wav,E:\PROJECT 33\PROJECT 33\backend\sample_datasets\audio_dataset\Fear\Fear_141.wav,Fear,44144,c970003007f2e3532230e2b92abaeab97f0da70f9d2518f7bf4f397a56f59e31
Fear_142.wav,E:\PROJECT 33\PROJECT 33\backend\sample_datasets\audio_dataset\Fear\Fear_142.wav,Fear,44144,c970003007f2e3532230e2b92abaeab97f0da70f9d2518f7bf4f397a56f59e31
Fear_143.wav,E:\PROJECT 33\PROJECT 33\backend\sample_datasets\audio_dataset\Fear\Fear_143.wav,Fear,44144,c970003007f2e3532230e2b92abaeab97f0da70f9d2518f7bf4f397a56f59e31
Fear_144.wav,E:\PROJECT 33\PROJECT 33\backend\sample_datasets\audio_dataset\Fear\Fear_144.wav,Fear,44144,c970003007f2e3532230e2b92abaeab97f0da70f9d2518f7bf4f397a56f59e31
Fear_145.wav,E:\PROJECT 33\PROJECT 33\backend\sample_datasets\audio_dataset\Fear\Fear_145.wav,Fear,44144,c970003007f2e3532230e2b92abaeab97f0da70f9d2518f7bf4f397a56f59e31
Fear_146.wav,E:\PROJECT 33\PROJECT 33\backend\sample_datasets\audio_dataset\Fear\Fear_146.wav,Fear,44144,c970003007f2e3532230e2b92abaeab97f0da70f9d2518f7bf4f397a56f59e31
Fear_147.wav,E:\PROJECT 33\PROJECT 33\backend\sample_datasets\audio_dataset\Fear\Fear_147.wav,Fear,44144,c970003007f2e3532230e2b92abaeab97f0da70f9d2518f7bf4f397a56f59e31
Fear_148.wav,E:\PROJECT 33\PROJECT 33\backend\sample_datasets\audio_dataset\Fear\Fear_148.wav,Fear,44144,c970003007f2e3532230e2b92abaeab97f0da70f9d2518f7bf4f397a56f59e31
Fear_149.wav,E:\PROJECT 33\PROJECT 33\backend\sample_datasets\audio_dataset\Fear\Fear_149.wav,Fear,44144,c970003007f2e3532230e2b92abaeab97f0da70f9d2518f7bf4f397a56f59e31
Fear_150.wav,E:\PROJECT 33\PROJECT 33\backend\sample_datasets\audio_dataset\Fear\Fear_150.wav,Fear,44144,c970003007f2e3532230e2b92abaeab97f0da70f9d2518f7bf4f397a56f59e31
Fear_151.wav,E:\PROJECT 33\PROJECT 33\backend\sample_datasets\audio_dataset\Fear\Fear_151.wav,Fear,44144,c970003007f2e3532230e2b92abaeab97f0da70f9d2518f7bf4f397a56f59e31
Fear_152.wav,E:\PROJECT 33\PROJECT 33\backend\sample_datasets\audio_dataset\Fear\Fear_152.wav,Fear,44144,c970003007f2e3532230e2b92abaeab97f0da70f9d2518f7bf4f397a56f59e31
Fear_153.wav,E:\PROJECT 33\PROJECT 33\backend\sample_datasets\audio_dataset\Fear\Fear_153.wav,Fear,44144,c970003007f2e3532230e2b92abaeab97f0da70f9d2518f7bf4f397a56f59e31
Fear_154.wav,E:\PROJECT 33\PROJECT 33\backend\sample_datasets\audio_dataset\Fear\Fear_154.wav,Fear,44144,c970003007f2e3532230e2b92abaeab97f0da70f9d2518f7bf4f397a56f59e31
Fear_155.wav,E:\PROJECT 33\PROJECT 33\backend\sample_datasets\audio_dataset\Fear\Fear_155.wav,Fear,44144,c970003007f2e3532230e2b92abaeab97f0da70f9d2518f7bf4f397a56f59e31
Fear_156.wav,E:\PROJECT 33\PROJECT 33\backend\sample_datasets\audio_dataset\Fear\Fear_156.wav,Fear,44144,c970003007f2e3532230e2b92abaeab97f0da70f9d2518f7bf4f397a56f59e31
Fear_157.wav,E:\PROJECT 33\PROJECT 33\backend\sample_datasets\audio_dataset\Fear\Fear_157.wav,Fear,44144,c970003007f2e3532230e2b92abaeab97f0da70f9d2518f7bf4f397a56f59e31
Fear_158.wav,E:\PROJECT 33\PROJECT 33\backend\sample_datasets\audio_dataset\Fear\Fear_158.wav,Fear,44144,c970003007f2e3532230e2b92abaeab97f0da70f9d2518f7bf4f397a56f59e31
Fear_159.wav,E:\PROJECT 33\PROJECT 33\backend\sample_datasets\audio_dataset\Fear\Fear_159.wav,Fear,44144,c970003007f2e3532230e2b92abaeab97f0da70f9d2518f7bf4f397a56f59e31
Fear_160.wav,E:\PROJECT 33\PROJECT 33\backend\sample_datasets\audio_dataset\Fear\Fear_160.wav,Fear,44144,c970003007f2e3532230e2b92abaeab97f0da70f9d2518f7bf4f397a56f59e31
Fear_161.wav,E:\PROJECT 33\PROJECT 33\backend\sample_datasets\audio_dataset\Fear\Fear_161.wav,Fear,44144,c970003007f2e3532230e2b92abaeab97f0da70f9d2518f7bf4f397a56f59e31
Fear_162.wav,E:\PROJECT 33\PROJECT 33\backend\sample_datasets\audio_dataset\Fear\Fear_162.wav,Fear,44144,c970003007f2e3532230e2b92abaeab97f0da70f9d2518f7bf4f397a56f59e31
Fear_163.wav,E:\PROJECT 33\PROJECT 33\backend\sample_datasets\audio_dataset\Fear\Fear_163.wav,Fear,44144,c970003007f2e3532230e2b92abaeab97f0da70f9d2518f7bf4f397a56f59e31
Fear_164.wav,E:\PROJECT 33\PROJECT 33\backend\sample_datasets\audio_dataset\Fear\Fear_164.wav,Fear,44144,c970003007f2e3532230e2b92abaeab97f0da70f9d2518f7bf4f397a56f59e31
Fear_165.wav,E:\PROJECT 33\PROJECT 33\backend\sample_datasets\audio_dataset\Fear\Fear_165.wav,Fear,44144,c970003007f2e3532230e2b92abaeab97f0da70f9d2518f7bf4f397a56f59e31
Fear_166.wav,E:\PROJECT 33\PROJECT 33\backend\sample_datasets\audio_dataset\Fear\Fear_166.wav,Fear,44144,c970003007f2e3532230e2b92abaeab97f0da70f9d2518f7bf4f397a56f59e31
Fear_167.wav,E:\PROJECT 33\PROJECT 33\backend\sample_datasets\audio_dataset\Fear\Fear_167.wav,Fear,44144,c970003007f2e3532230e2b92abaeab97f0da70f9d2518f7bf4f397a56f59e31
Fear_168.wav,E:\PROJECT 33\PROJECT 33\backend\sample_datasets\audio_dataset\Fear\Fear_168.wav,Fear,44144,c970003007f2e3532230e2b92abaeab97f0da70f9d2518f7bf4f397a56f59e31
Fear_169.wav,E:\PROJECT 33\PROJECT 33\backend\sample_datasets\audio_dataset\Fear\Fear_169.wav,Fear,44144,c970003007f2e3532230e2b92abaeab97f0da70f9d2518f7bf4f397a56f59e31
Fear_170.wav,E:\PROJECT 33\PROJECT 33\backend\sample_datasets\audio_dataset\Fear\Fear_170.wav,Fear,44144,c970003007f2e3532230e2b92abaeab97f0da70f9d2518f7bf4f397a56f59e31
Fear_171.wav,E:\PROJECT 33\PROJECT 33\backend\sample_datasets\audio_dataset\Fear\Fear_171.wav,Fear,44144,c970003007f2e3532230e2b92abaeab97f0da70f9d2518f7bf4f397a56f59e31
Fear_172.wav,E:\PROJECT 33\PROJECT 33\backend\sample_datasets\audio_dataset\Fear\Fear_172.wav,Fear,44144,c970003007f2e3532230e2b92abaeab97f0da70f9d2518f7bf4f397a56f59e31
Fear_173.wav,E:\PROJECT 33\PROJECT 33\backend\sample_datasets\audio_dataset\Fear\Fear_173.wav,Fear,44144,c970003007f2e3532230e2b92abaeab97f0da70f9d2518f7bf4f397a56f59e31
Fear_174.wav,E:\PROJECT 33\PROJECT 33\backend\sample_datasets\audio_dataset\Fear\Fear_174.wav,Fear,44144,c970003007f2e3532230e2b92abaeab97f0da70f9d2518f7bf4f397a56f59e31
Fear_175.wav,E:\PROJECT 33\PROJECT 33\backend\sample_datasets\audio_dataset\Fear\Fear_175.wav,Fear,44144,c970003007f2e3532230e2b92abaeab97f0da70f9d2518f7bf4f397a56f59e31
Fear_176.wav,E:\PROJECT 33\PROJECT 33\backend\sample_datasets\audio_dataset\Fear\Fear_176.wav,Fear,44144,c970003007f2e3532230e2b92abaeab97f0da70f9d2518f7bf4f397a56f59e31
Fear_177.wav,E:\PROJECT 33\PROJECT 33\backend\sample_datasets\audio_dataset\Fear\Fear_177.wav,Fear,44144,c970003007f2e3532230e2b92abaeab97f0da70f9d2518f7bf4f397a56f59e31
Fear_178.wav,E:\PROJECT 33\PROJECT 33\backend\sample_datasets\audio_dataset\Fear\Fear_178.wav,Fear,44144,c970003007f2e3532230e2b92abaeab97f0da70f9d2518f7bf4f397a56f59e31
Fear_179.wav,E:\PROJECT 33\PROJECT 33\backend\sample_datasets\audio_dataset\Fear\Fear_179.wav,Fear,44144,c970003007f2e3532230e2b92abaeab97f0da70f9d2518f7bf4f397a56f59e31
Fear_180.wav,E:\PROJECT 33\PROJECT 33\backend\sample_datasets\audio_dataset\Fear\Fear_180.wav,Fear,44144,c970003007f2e3532230e2b92abaeab97f0da70f9d2518f7bf4f397a56f59e31
Fear_181.wav,E:\PROJECT 33\PROJECT 33\backend\sample_datasets\audio_dataset\Fear\Fear_181.wav,Fear,44144,c970003007f2e3532230e2b92abaeab97f0da70f9d2518f7bf4f397a56f59e31
Fear_182.wav,E:\PROJECT 33\PROJECT 33\backend\sample_datasets\audio_dataset\Fear\Fear_182.wav,Fear,44144,c970003007f2e3532230e2b92abaeab97f0da70f9d2518f7bf4f397a56f59e31
Fear_183.wav,E:\PROJECT 33\PROJECT 33\backend\sample_datasets\audio_dataset\Fear\Fear_183.wav,Fear,44144,c970003007f2e3532230e2b92abaeab97f0da70f9d2518f7bf4f397a56f59e31
Fear_184.wav,E:\PROJECT 33\PROJECT 33\backend\sample_datasets\audio_dataset\Fear\Fear_184.wav,Fear,44144,c970003007f2e3532230e2b92abaeab97f0da70f9d2518f7bf4f397a56f59e31
Fear_185.wav,E:\PROJECT 33\PROJECT 33\backend\sample_datasets\audio_dataset\Fear\Fear_185.wav,Fear,44144,c970003007f2e3532230e2b92abaeab97f0da70f9d2518f7bf4f397a56f59e31
Fear_186.wav,E:\PROJECT 33\PROJECT 33\backend\sample_datasets\audio_dataset\Fear\Fear_186.wav,Fear,44144,c970003007f2e3532230e2b92abaeab97f0da70f9d2518f7bf4f397a56f59e31
Fear_187.wav,E:\PROJECT 33\PROJECT 33\backend\sample_datasets\audio_dataset\Fear\Fear_187.wav,Fear,44144,c970003007f2e3532230e2b92abaeab97f0da70f9d2518f7bf4f397a56f59e31
Fear_188.wav,E:\PROJECT 33\PROJECT 33\backend\sample_datasets\audio_dataset\Fear\Fear_188.wav,Fear,44144,c970003007f2e3532230e2b92abaeab97f0da70f9d2518f7bf4f397a56f59e31
Fear_189.wav,E:\PROJECT 33\PROJECT 33\backend\sample_datasets\audio_dataset\Fear\Fear_189.wav,Fear,44144,c970003007f2e3532230e2b92abaeab97f0da70f9d2518f7bf4f397a56f59e31
Fear_190.wav,E:\PROJECT 33\PROJECT 33\backend\sample_datasets\audio_dataset\Fear\Fear_190.wav,Fear,44144,c970003007f2e3532230e2b92abaeab97f0da70f9d2518f7bf4f397a56f59e31
Fear_191.wav,E:\PROJECT 33\PROJECT 33\backend\sample_datasets\audio_dataset\Fear\Fear_191.wav,Fear,44144,c970003007f2e3532230e2b92abaeab97f0da70f9d2518f7bf4f397a56f59e31
Fear_192.wav,E:\PROJECT 33\PROJECT 33\backend\sample_datasets\audio_dataset\Fear\Fear_192.wav,Fear,44144,c970003007f2e3532230e2b92abaeab97f0da70f9d2518f7bf4f397a56f59e31
Fear_193.wav,E:\PROJECT 33\PROJECT 33\backend\sample_datasets\audio_dataset\Fear\Fear_193.wav,Fear,44144,c970003007f2e3532230e2b92abaeab97f0da70f9d2518f7bf4f397a56f59e31
Fear_194.wav,E:\PROJECT 33\PROJECT 33\backend\sample_datasets\audio_dataset\Fear\Fear_194.wav,Fear,44144,c970003007f2e3532230e2b92abaeab97f0da70f9d2518f7bf4f397a56f59e31
Fear_195.wav,E:\PROJECT 33\PROJECT 33\backend\sample_datasets\audio_dataset\Fear\Fear_195.wav,Fear,44144,c970003007f2e3532230e2b92abaeab97f0da70f9d2518f7bf4f397a56f59e31
Fear_196.wav,E:\PROJECT 33\PROJECT 33\backend\sample_datasets\audio_dataset\Fear\Fear_196.wav,Fear,44144,c970003007f2e3532230e2b92abaeab97f0da70f9d2518f7bf4f397a56f59e31
Fear_197.wav,E:\PROJECT 33\PROJECT 33\backend\sample_datasets\audio_dataset\Fear\Fear_197.wav,Fear,44144,c970003007f2e3532230e2b92abaeab97f0da70f9d2518f7bf4f397a56f59e31
Fear_198.wav,E:\PROJECT 33\PROJECT 33\backend\sample_datasets\audio_dataset\Fear\Fear_198.wav,Fear,44144,c970003007f2e3532230e2b92abaeab97f0da70f9d2518f7bf4f397a56f59e31
Fear_199.wav,E:\PROJECT 33\PROJECT 33\backend\sample_datasets\audio_dataset\Fear\Fear_199.wav,Fear,44144,c970003007f2e3532230e2b92abaeab97f0da70f9d2518f7bf4f397a56f59e31
Fear_200.wav,E:\PROJECT 33\PROJECT 33\backend\sample_datasets\audio_dataset\Fear\Fear_200.wav,Fear,44144,c970003007f2e3532230e2b92abaeab97f0da70f9d2518f7bf4f397a56f59e31
Fear_201.wav,E:\PROJECT 33\PROJECT 33\backend\sample_datasets\audio_dataset\Fear\Fear_201.wav,Fear,44144,c970003007f2e3532230e2b92abaeab97f0da70f9d2518f7bf4f397a56f59e31
Fear_202.wav,E:\PROJECT 33\PROJECT 33\backend\sample_datasets\audio_dataset\Fear\Fear_202.wav,Fear,44144,c970003007f2e3532230e2b92abaeab97f0da70f9d2518f7bf4f397a56f59e31
Fear_203.wav,E:\PROJECT 33\PROJECT 33\backend\sample_datasets\audio_dataset\Fear\Fear_203.wav,Fear,44144,c970003007f2e3532230e2b92abaeab97f0da70f9d2518f7bf4f397a56f59e31
Fear_204.wav,E:\PROJECT 33\PROJECT 33\backend\sample_datasets\audio_dataset\Fear\Fear_204.wav,Fear,44144,c970003007f2e3532230e2b92abaeab97f0da70f9d2518f7bf4f397a56f59e31
Fear_205.wav,E:\PROJECT 33\PROJECT 33\backend\sample_datasets\audio_dataset\Fear\Fear_205.wav,Fear,44144,c970003007f2e3532230e2b92abaeab97f0da70f9d2518f7bf4f397a56f59e31
Fear_206.wav,E:\PROJECT 33\PROJECT 33\backend\sample_datasets\audio_dataset\Fear\Fear_206.wav,Fear,44144,c970003007f2e3532230e2b92abaeab97f0da70f9d2518f7bf4f397a56f59e31
Fear_207.wav,E:\PROJECT 33\PROJECT 33\backend\sample_datasets\audio_dataset\Fear\Fear_207.wav,Fear,44144,c970003007f2e3532230e2b92abaeab97f0da70f9d2518f7bf4f397a56f59e31
Fear_208.wav,E:\PROJECT 33\PROJECT 33\backend\sample_datasets\audio_dataset\Fear\Fear_208.wav,Fear,44144,c970003007f2e3532230e2b92abaeab97f0da70f9d2518f7bf4f397a56f59e31
Fear_209.wav,E:\PROJECT 33\PROJECT 33\backend\sample_datasets\audio_dataset\Fear\Fear_209.wav,Fear,44144,c970003007f2e3532230e2b92abaeab97f0da70f9d2518f7bf4f397a56f59e31
Fear_210.wav,E:\PROJECT 33\PROJECT 33\backend\sample_datasets\audio_dataset\Fear\Fear_210.wav,Fear,44144,c970003007f2e3532230e2b92abaeab97f0da70f9d2518f7bf4f397a56f59e31
Fear_211.wav,E:\PROJECT 33\PROJECT 33\backend\sample_datasets\audio_dataset\Fear\Fear_211.wav,Fear,44144,c970003007f2e3532230e2b92abaeab97f0da70f9d2518f7bf4f397a56f59e31
Fear_212.wav,E:\PROJECT 33\PROJECT 33\backend\sample_datasets\audio_dataset\Fear\Fear_212.wav,Fear,44144,c970003007f2e3532230e2b92abaeab97f0da70f9d2518f7bf4f397a56f59e31
Fear_213.wav,E:\PROJECT 33\PROJECT 33\backend\sample_datasets\audio_dataset\Fear\Fear_213.wav,Fear,44144,c970003007f2e3532230e2b92abaeab97f0da70f9d2518f7bf4f397a56f59e31
Fear_214.wav,E:\PROJECT 33\PROJECT 33\backend\sample_datasets\audio_dataset\Fear\Fear_214.wav,Fear,44144,c970003007f2e3532230e2b92abaeab97f0da70f9d2518f7bf4f397a56f59e31
Fear_215.wav,E:\PROJECT 33\PROJECT 33\backend\sample_datasets\audio_dataset\Fear\Fear_215.wav,Fear,44144,c970003007f2e3532230e2b92abaeab97f0da70f9d2518f7bf4f397a56f59e31
Fear_216.wav,E:\PROJECT 33\PROJECT 33\backend\sample_datasets\audio_dataset\Fear\Fear_216.wav,Fear,44144,c970003007f2e3532230e2b92abaeab97f0da70f9d2518f7bf4f397a56f59e31
Fear_217.wav,E:\PROJECT 33\PROJECT 33\backend\sample_datasets\audio_dataset\Fear\Fear_217.wav,Fear,44144,c970003007f2e3532230e2b92abaeab97f0da70f9d2518f7bf4f397a56f59e31
Fear_218.wav,E:\PROJECT 33\PROJECT 33\backend\sample_datasets\audio_dataset\Fear\Fear_218.wav,Fear,44144,c970003007f2e3532230e2b92abaeab97f0da70f9d2518f7bf4f397a56f59e31
Fear_219.wav,E:\PROJECT 33\PROJECT 33\backend\sample_datasets\audio_dataset\Fear\Fear_219.wav,Fear,44144,c970003007f2e3532230e2b92abaeab97f0da70f9d2518f7bf4f397a56f59e31
Fear_220.wav,E:\PROJECT 33\PROJECT 33\backend\sample_datasets\audio_dataset\Fear\Fear_220.wav,Fear,44144,c970003007f2e3532230e2b92abaeab97f0da70f9d2518f7bf4f397a56f59e31
Fear_221.wav,E:\PROJECT 33\PROJECT 33\backend\sample_datasets\audio_dataset\Fear\Fear_221.wav,Fear,44144,c970003007f2e3532230e2b92abaeab97f0da70f9d2518f7bf4f397a56f59e31
Fear_222.wav,E:\PROJECT 33\PROJECT 33\backend\sample_datasets\audio_dataset\Fear\Fear_222.wav,Fear,44144,c970003007f2e3532230e2b92abaeab97f0da70f9d2518f7bf4f397a56f59e31
Fear_223.wav,E:\PROJECT 33\PROJECT 33\backend\sample_datasets\audio_dataset\Fear\Fear_223.wav,Fear,44144,c970003007f2e3532230e2b92abaeab97f0da70f9d2518f7bf4f397a56f59e31
Fear_224.wav,E:\PROJECT 33\PROJECT 33\backend\sample_datasets\audio_dataset\Fear\Fear_224.wav,Fear,44144,c970003007f2e3532230e2b92abaeab97f0da70f9d2518f7bf4f397a56f59e31
Fear_225.wav,E:\PROJECT 33\PROJECT 33\backend\sample_datasets\audio_dataset\Fear\Fear_225.wav,Fear,44144,c970003007f2e3532230e2b92abaeab97f0da70f9d2518f7bf4f397a56f59e31
Fear_226.wav,E:\PROJECT 33\PROJECT 33\backend\sample_datasets\audio_dataset\Fear\Fear_226.wav,Fear,44144,c970003007f2e3532230e2b92abaeab97f0da70f9d2518f7bf4f397a56f59e31
Fear_227.wav,E:\PROJECT 33\PROJECT 33\backend\sample_datasets\audio_dataset\Fear\Fear_227.wav,Fear,44144,c970003007f2e3532230e2b92abaeab97f0da70f9d2518f7bf4f397a56f59e31
Fear_228.wav,E:\PROJECT 33\PROJECT 33\backend\sample_datasets\audio_dataset\Fear\Fear_228.wav,Fear,44144,c970003007f2e3532230e2b92abaeab97f0da70f9d2518f7bf4f397a56f59e31
Fear_229.wav,E:\PROJECT 33\PROJECT 33\backend\sample_datasets\audio_dataset\Fear\Fear_229.wav,Fear,44144,c970003007f2e3532230e2b92abaeab97f0da70f9d2518f7bf4f397a56f59e31
Fear_230.wav,E:\PROJECT 33\PROJECT 33\backend\sample_datasets\audio_dataset\Fear\Fear_230.wav,Fear,44144,c970003007f2e3532230e2b92abaeab97f0da70f9d2518f7bf4f397a56f59e31
Fear_231.wav,E:\PROJECT 33\PROJECT 33\backend\sample_datasets\audio_dataset\Fear\Fear_231.wav,Fear,44144,c970003007f2e3532230e2b92abaeab97f0da70f9d2518f7bf4f397a56f59e31
Fear_232.wav,E:\PROJECT 33\PROJECT 33\backend\sample_datasets\audio_dataset\Fear\Fear_232.wav,Fear,44144,c970003007f2e3532230e2b92abaeab97f0da70f9d2518f7bf4f397a56f59e31
Fear_233.wav,E:\PROJECT 33\PROJECT 33\backend\sample_datasets\audio_dataset\Fear\Fear_233.wav,Fear,44144,c970003007f2e3532230e2b92abaeab97f0da70f9d2518f7bf4f397a56f59e31
Fear_234.wav,E:\PROJECT 33\PROJECT 33\backend\sample_datasets\audio_dataset\Fear\Fear_234.wav,Fear,44144,c970003007f2e3532230e2b92abaeab97f0da70f9d2518f7bf4f397a56f59e31
Fear_235.wav,E:\PROJECT 33\PROJECT 33\backend\sample_datasets\audio_dataset\Fear\Fear_235.wav,Fear,44144,c970003007f2e3532230e2b92abaeab97f0da70f9d2518f7bf4f397a56f59e31
Fear_236.wav,E:\PROJECT 33\PROJECT 33\backend\sample_datasets\audio_dataset\Fear\Fear_236.wav,Fear,44144,c970003007f2e3532230e2b92abaeab97f0da70f9d2518f7bf4f397a56f59e31
Fear_237.wav,E:\PROJECT 33\PROJECT 33\backend\sample_datasets\audio_dataset\Fear\Fear_237.wav,Fear,44144,c970003007f2e3532230e2b92abaeab97f0da70f9d2518f7bf4f397a56f59e31
Fear_238.wav,E:\PROJECT 33\PROJECT 33\backend\sample_datasets\audio_dataset\Fear\Fear_238.wav,Fear,44144,c970003007f2e3532230e2b92abaeab97f0da70f9d2518f7bf4f397a56f59e31
Fear_239.wav,E:\PROJECT 33\PROJECT 33\backend\sample_datasets\audio_dataset\Fear\Fear_239.wav,Fear,44144,c970003007f2e3532230e2b92abaeab97f0da70f9d2518f7bf4f397a56f59e31
Fear_240.wav,E:\PROJECT 33\PROJECT 33\backend\sample_datasets\audio_dataset\Fear\Fear_240.wav,Fear,44144,c970003007f2e3532230e2b92abaeab97f0da70f9d2518f7bf4f397a56f59e31
Fear_241.wav,E:\PROJECT 33\PROJECT 33\backend\sample_datasets\audio_dataset\Fear\Fear_241.wav,Fear,44144,c970003007f2e3532230e2b92abaeab97f0da70f9d2518f7bf4f397a56f59e31
Fear_242.wav,E:\PROJECT 33\PROJECT 33\backend\sample_datasets\audio_dataset\Fear\Fear_242.wav,Fear,44144,c970003007f2e3532230e2b92abaeab97f0da70f9d2518f7bf4f397a56f59e31
Fear_243.wav,E:\PROJECT 33\PROJECT 33\backend\sample_datasets\audio_dataset\Fear\Fear_243.wav,Fear,44144,c970003007f2e3532230e2b92abaeab97f0da70f9d2518f7bf4f397a56f59e31
Fear_244.wav,E:\PROJECT 33\PROJECT 33\backend\sample_datasets\audio_dataset\Fear\Fear_244.wav,Fear,44144,c970003007f2e3532230e2b92abaeab97f0da70f9d2518f7bf4f397a56f59e31
Fear_245.wav,E:\PROJECT 33\PROJECT 33\backend\sample_datasets\audio_dataset\Fear\Fear_245.wav,Fear,44144,c970003007f2e3532230e2b92abaeab97f0da70f9d2518f7bf4f397a56f59e31
Fear_246.wav,E:\PROJECT 33\PROJECT 33\backend\sample_datasets\audio_dataset\Fear\Fear_246.wav,Fear,44144,c970003007f2e3532230e2b92abaeab97f0da70f9d2518f7bf4f397a56f59e31
Fear_247.wav,E:\PROJECT 33\PROJECT 33\backend\sample_datasets\audio_dataset\Fear\Fear_247.wav,Fear,44144,c970003007f2e3532230e2b92abaeab97f0da70f9d2518f7bf4f397a56f59e31
Fear_248.wav,E:\PROJECT 33\PROJECT 33\backend\sample_datasets\audio_dataset\Fear\Fear_248.wav,Fear,44144,c970003007f2e3532230e2b92abaeab97f0da70f9d2518f7bf4f397a56f59e31
Fear_249.wav,E:\PROJECT 33\PROJECT 33\backend\sample_datasets\audio_dataset\Fear\Fear_249.wav,Fear,44144,c970003007f2e3532230e2b92abaeab97f0da70f9d2518f7bf4f397a56f59e31
Happy_000.wav,E:\PROJECT 33\PROJECT 33\backend\sample_datasets\audio_dataset\Happy\Happy_000.wav,Happy,44144,2f7b576af678b27adc45050aefadd4ab64b57bbe91eb8ba2a693668be872dbc8
Happy_001.wav,E:\PROJECT 33\PROJECT 33\backend\sample_datasets\audio_dataset\Happy\Happy_001.wav,Happy,44144,2f7b576af678b27adc45050aefadd4ab64b57bbe91eb8ba2a693668be872dbc8
Happy_002.wav,E:\PROJECT 33\PROJECT 33\backend\sample_datasets\audio_dataset\Happy\Happy_002.wav,Happy,44144,2f7b576af678b27adc45050aefadd4ab64b57bbe91eb8ba2a693668be872dbc8
Happy_003.wav,E:\PROJECT 33\PROJECT 33\backend\sample_datasets\audio_dataset\Happy\Happy_003.wav,Happy,44144,2f7b576af678b27adc45050aefadd4ab64b57bbe91eb8ba2a693668be872dbc8
Happy_004.wav,E:\PROJECT 33\PROJECT 33\backend\sample_datasets\audio_dataset\Happy\Happy_004.wav,Happy,44144,2f7b576af678b27adc45050aefadd4ab64b57bbe91eb8ba2a693668be872dbc8
Happy_005.wav,E:\PROJECT 33\PROJECT 33\backend\sample_datasets\audio_dataset\Happy\Happy_005.wav,Happy,44144,2f7b576af678b27adc45050aefadd4ab64b57bbe91eb8ba2a693668be872dbc8
Happy_006.wav,E:\PROJECT 33\PROJECT 33\backend\sample_datasets\audio_dataset\Happy\Happy_006.wav,Happy,44144,2f7b576af678b27adc45050aefadd4ab64b57bbe91eb8ba2a693668be872dbc8
Happy_007.wav,E:\PROJECT 33\PROJECT 33\backend\sample_datasets\audio_dataset\Happy\Happy_007.wav,Happy,44144,2f7b576af678b27adc45050aefadd4ab64b57bbe91eb8ba2a693668be872dbc8
Happy_008.wav,E:\PROJECT 33\PROJECT 33\backend\sample_datasets\audio_dataset\Happy\Happy_008.wav,Happy,44144,2f7b576af678b27adc45050aefadd4ab64b57bbe91eb8ba2a693668be872dbc8
Happy_009.wav,E:\PROJECT 33\PROJECT 33\backend\sample_datasets\audio_dataset\Happy\Happy_009.wav,Happy,44144,2f7b576af678b27adc45050aefadd4ab64b57bbe91eb8ba2a693668be872dbc8
Happy_010.wav,E:\PROJECT 33\PROJECT 33\backend\sample_datasets\audio_dataset\Happy\Happy_010.wav,Happy,44144,2f7b576af678b27adc45050aefadd4ab64b57bbe91eb8ba2a693668be872dbc8
Happy_011.wav,E:\PROJECT 33\PROJECT 33\backend\sample_datasets\audio_dataset\Happy\Happy_011.wav,Happy,44144,2f7b576af678b27adc45050aefadd4ab64b57bbe91eb8ba2a693668be872dbc8
Happy_012.wav,E:\PROJECT 33\PROJECT 33\backend\sample_datasets\audio_dataset\Happy\Happy_012.wav,Happy,44144,2f7b576af678b27adc45050aefadd4ab64b57bbe91eb8ba2a693668be872dbc8
Happy_013.wav,E:\PROJECT 33\PROJECT 33\backend\sample_datasets\audio_dataset\Happy\Happy_013.wav,Happy,44144,2f7b576af678b27adc45050aefadd4ab64b57bbe91eb8ba2a693668be872dbc8
Happy_014.wav,E:\PROJECT 33\PROJECT 33\backend\sample_datasets\audio_dataset\Happy\Happy_014.wav,Happy,44144,2f7b576af678b27adc45050aefadd4ab64b57bbe91eb8ba2a693668be872dbc8
Happy_015.wav,E:\PROJECT 33\PROJECT 33\backend\sample_datasets\audio_dataset\Happy\Happy_015.wav,Happy,44144,2f7b576af678b27adc45050aefadd4ab64b57bbe91eb8ba2a693668be872dbc8
Happy_016.wav,E:\PROJECT 33\PROJECT 33\backend\sample_datasets\audio_dataset\Happy\Happy_016.wav,Happy,44144,2f7b576af678b27adc45050aefadd4ab64b57bbe91eb8ba2a693668be872dbc8
Happy_017.wav,E:\PROJECT 33\PROJECT 33\backend\sample_datasets\audio_dataset\Happy\Happy_017.wav,Happy,44144,2f7b576af678b27adc45050aefadd4ab64b57bbe91eb8ba2a693668be872dbc8
Happy_018.wav,E:\PROJECT 33\PROJECT 33\backend\sample_datasets\audio_dataset\Happy\Happy_018.wav,Happy,44144,2f7b576af678b27adc45050aefadd4ab64b57bbe91eb8ba2a693668be872dbc8
Happy_019.wav,E:\PROJECT 33\PROJECT 33\backend\sample_datasets\audio_dataset\Happy\Happy_019.wav,Happy,44144,2f7b576af678b27adc45050aefadd4ab64b57bbe91eb8ba2a693668be872dbc8
Happy_020.wav,E:\PROJECT 33\PROJECT 33\backend\sample_datasets\audio_dataset\Happy\Happy_020.wav,Happy,44144,2f7b576af678b27adc45050aefadd4ab64b57bbe91eb8ba2a693668be872dbc8
Happy_021.wav,E:\PROJECT 33\PROJECT 33\backend\sample_datasets\audio_dataset\Happy\Happy_021.wav,Happy,44144,2f7b576af678b27adc45050aefadd4ab64b57bbe91eb8ba2a693668be872dbc8
Happy_022.wav,E:\PROJECT 33\PROJECT 33\backend\sample_datasets\audio_dataset\Happy\Happy_022.wav,Happy,44144,2f7b576af678b27adc45050aefadd4ab64b57bbe91eb8ba2a693668be872dbc8
Happy_023.wav,E:\PROJECT 33\PROJECT 33\backend\sample_datasets\audio_dataset\Happy\Happy_023.wav,Happy,44144,2f7b576af678b27adc45050aefadd4ab64b57bbe91eb8ba2a693668be872dbc8
Happy_024.wav,E:\PROJECT 33\PROJECT 33\backend\sample_datasets\audio_dataset\Happy\Happy_024.wav,Happy,44144,2f7b576af678b27adc45050aefadd4ab64b57bbe91eb8ba2a693668be872dbc8
Happy_025.wav,E:\PROJECT 33\PROJECT 33\backend\sample_datasets\audio_dataset\Happy\Happy_025.wav,Happy,44144,2f7b576af678b27adc45050aefadd4ab64b57bbe91eb8ba2a693668be872dbc8
Happy_026.wav,E:\PROJECT 33\PROJECT 33\backend\sample_datasets\audio_dataset\Happy\Happy_026.wav,Happy,44144,2f7b576af678b27adc45050aefadd4ab64b57bbe91eb8ba2a693668be872dbc8
Happy_027.wav,E:\PROJECT 33\PROJECT 33\backend\sample_datasets\audio_dataset\Happy\Happy_027.wav,Happy,44144,2f7b576af678b27adc45050aefadd4ab64b57bbe91eb8ba2a693668be872dbc8
Happy_028.wav,E:\PROJECT 33\PROJECT 33\backend\sample_datasets\audio_dataset\Happy\Happy_028.wav,Happy,44144,2f7b576af678b27adc45050aefadd4ab64b57bbe91eb8ba2a693668be872dbc8
Happy_029.wav,E:\PROJECT 33\PROJECT 33\backend\sample_datasets\audio_dataset\Happy\Happy_029.wav,Happy,44144,2f7b576af678b27adc45050aefadd4ab64b57bbe91eb8ba2a693668be872dbc8
Happy_030.wav,E:\PROJECT 33\PROJECT 33\backend\sample_datasets\audio_dataset\Happy\Happy_030.wav,Happy,44144,2f7b576af678b27adc45050aefadd4ab64b57bbe91eb8ba2a693668be872dbc8
Happy_031.wav,E:\PROJECT 33\PROJECT 33\backend\sample_datasets\audio_dataset\Happy\Happy_031.wav,Happy,44144,2f7b576af678b27adc45050aefadd4ab64b57bbe91eb8ba2a693668be872dbc8
Happy_032.wav,E:\PROJECT 33\PROJECT 33\backend\sample_datasets\audio_dataset\Happy\Happy_032.wav,Happy,44144,2f7b576af678b27adc45050aefadd4ab64b57bbe91eb8ba2a693668be872dbc8
Happy_033.wav,E:\PROJECT 33\PROJECT 33\backend\sample_datasets\audio_dataset\Happy\Happy_033.wav,Happy,44144,2f7b576af678b27adc45050aefadd4ab64b57bbe91eb8ba2a693668be872dbc8
Happy_034.wav,E:\PROJECT 33\PROJECT 33\backend\sample_datasets\audio_dataset\Happy\Happy_034.wav,Happy,44144,2f7b576af678b27adc45050aefadd4ab64b57bbe91eb8ba2a693668be872dbc8
Happy_035.wav,E:\PROJECT 33\PROJECT 33\backend\sample_datasets\audio_dataset\Happy\Happy_035.wav,Happy,44144,2f7b576af678b27adc45050aefadd4ab64b57bbe91eb8ba2a693668be872dbc8
Happy_036.wav,E:\PROJECT 33\PROJECT 33\backend\sample_datasets\audio_dataset\Happy\Happy_036.wav,Happy,44144,2f7b576af678b27adc45050aefadd4ab64b57bbe91eb8ba2a693668be872dbc8
Happy_037.wav,E:\PROJECT 33\PROJECT 33\backend\sample_datasets\audio_dataset\Happy\Happy_037.wav,Happy,44144,2f7b576af678b27adc45050aefadd4ab64b57bbe91eb8ba2a693668be872dbc8
Happy_038.wav,E:\PROJECT 33\PROJECT 33\backend\sample_datasets\audio_dataset\Happy\Happy_038.wav,Happy,44144,2f7b576af678b27adc45050aefadd4ab64b57bbe91eb8ba2a693668be872dbc8
Happy_039.wav,E:\PROJECT 33\PROJECT 33\backend\sample_datasets\audio_dataset\Happy\Happy_039.wav,Happy,44144,2f7b576af678b27adc45050aefadd4ab64b57bbe91eb8ba2a693668be872dbc8
Happy_040.wav,E:\PROJECT 33\PROJECT 33\backend\sample_datasets\audio_dataset\Happy\Happy_040.wav,Happy,44144,2f7b576af678b27adc45050aefadd4ab64b57bbe91eb8ba2a693668be872dbc8
Happy_041.wav,E:\PROJECT 33\PROJECT 33\backend\sample_datasets\audio_dataset\Happy\Happy_041.wav,Happy,44144,2f7b576af678b27adc45050aefadd4ab64b57bbe91eb8ba2a693668be872dbc8
Happy_042.wav,E:\PROJECT 33\PROJECT 33\backend\sample_datasets\audio_dataset\Happy\Happy_042.wav,Happy,44144,2f7b576af678b27adc45050aefadd4ab64b57bbe91eb8ba2a693668be872dbc8
Happy_043.wav,E:\PROJECT 33\PROJECT 33\backend\sample_datasets\audio_dataset\Happy\Happy_043.wav,Happy,44144,2f7b576af678b27adc45050aefadd4ab64b57bbe91eb8ba2a693668be872dbc8
Happy_044.wav,E:\PROJECT 33\PROJECT 33\backend\sample_datasets\audio_dataset\Happy\Happy_044.wav,Happy,44144,2f7b576af678b27adc45050aefadd4ab64b57bbe91eb8ba2a693668be872dbc8
Happy_045.wav,E:\PROJECT 33\PROJECT 33\backend\sample_datasets\audio_dataset\Happy\Happy_045.wav,Happy,44144,2f7b576af678b27adc45050aefadd4ab64b57bbe91eb8ba2a693668be872dbc8
Happy_046.wav,E:\PROJECT 33\PROJECT 33\backend\sample_datasets\audio_dataset\Happy\Happy_046.wav,Happy,44144,2f7b576af678b27adc45050aefadd4ab64b57bbe91eb8ba2a693668be872dbc8
Happy_047.wav,E:\PROJECT 33\PROJECT 33\backend\sample_datasets\audio_dataset\Happy\Happy_047.wav,Happy,44144,2f7b576af678b27adc45050aefadd4ab64b57bbe91eb8ba2a693668be872dbc8
Happy_048.wav,E:\PROJECT 33\PROJECT 33\backend\sample_datasets\audio_dataset\Happy\Happy_048.wav,Happy,44144,2f7b576af678b27adc45050aefadd4ab64b57bbe91eb8ba2a693668be872dbc8
Happy_049.wav,E:\PROJECT 33\PROJECT 33\backend\sample_datasets\audio_dataset\Happy\Happy_049.wav,Happy,44144,2f7b576af678b27adc45050aefadd4ab64b57bbe91eb8ba2a693668be872dbc8
Happy_050.wav,E:\PROJECT 33\PROJECT 33\backend\sample_datasets\audio_dataset\Happy\Happy_050.wav,Happy,44144,2f7b576af678b27adc45050aefadd4ab64b57bbe91eb8ba2a693668be872dbc8
Happy_051.wav,E:\PROJECT 33\PROJECT 33\backend\sample_datasets\audio_dataset\Happy\Happy_051.wav,Happy,44144,2f7b576af678b27adc45050aefadd4ab64b57bbe91eb8ba2a693668be872dbc8
Happy_052.wav,E:\PROJECT 33\PROJECT 33\backend\sample_datasets\audio_dataset\Happy\Happy_052.wav,Happy,44144,2f7b576af678b27adc45050aefadd4ab64b57bbe91eb8ba2a693668be872dbc8
Happy_053.wav,E:\PROJECT 33\PROJECT 33\backend\sample_datasets\audio_dataset\Happy\Happy_053.wav,Happy,44144,2f7b576af678b27adc45050aefadd4ab64b57bbe91eb8ba2a693668be872dbc8
Happy_054.wav,E:\PROJECT 33\PROJECT 33\backend\sample_datasets\audio_dataset\Happy\Happy_054.wav,Happy,44144,2f7b576af678b27adc45050aefadd4ab64b57bbe91eb8ba2a693668be872dbc8
Happy_055.wav,E:\PROJECT 33\PROJECT 33\backend\sample_datasets\audio_dataset\Happy\Happy_055.wav,Happy,44144,2f7b576af678b27adc45050aefadd4ab64b57bbe91eb8ba2a693668be872dbc8
Happy_056.wav,E:\PROJECT 33\PROJECT 33\backend\sample_datasets\audio_dataset\Happy\Happy_056.wav,Happy,44144,2f7b576af678b27adc45050aefadd4ab64b57bbe91eb8ba2a693668be872dbc8
Happy_057.wav,E:\PROJECT 33\PROJECT 33\backend\sample_datasets\audio_dataset\Happy\Happy_057.wav,Happy,44144,2f7b576af678b27adc45050aefadd4ab64b57bbe91eb8ba2a693668be872dbc8
Happy_058.wav,E:\PROJECT 33\PROJECT 33\backend\sample_datasets\audio_dataset\Happy\Happy_058.wav,Happy,44144,2f7b576af678b27adc45050aefadd4ab64b57bbe91eb8ba2a693668be872dbc8
Happy_059.wav,E:\PROJECT 33\PROJECT 33\backend\sample_datasets\audio_dataset\Happy\Happy_059.wav,Happy,44144,2f7b576af678b27adc45050aefadd4ab64b57bbe91eb8ba2a693668be872dbc8
Happy_060.wav,E:\PROJECT 33\PROJECT 33\backend\sample_datasets\audio_dataset\Happy\Happy_060.wav,Happy,44144,2f7b576af678b27adc45050aefadd4ab64b57bbe91eb8ba2a693668be872dbc8
Happy_061.wav,E:\PROJECT 33\PROJECT 33\backend\sample_datasets\audio_dataset\Happy\Happy_061.wav,Happy,44144,2f7b576af678b27adc45050aefadd4ab64b57bbe91eb8ba2a693668be872dbc8
Happy_062.wav,E:\PROJECT 33\PROJECT 33\backend\sample_datasets\audio_dataset\Happy\Happy_062.wav,Happy,44144,2f7b576af678b27adc45050aefadd4ab64b57bbe91eb8ba2a693668be872dbc8
Happy_063.wav,E:\PROJECT 33\PROJECT 33\backend\sample_datasets\audio_dataset\Happy\Happy_063.wav,Happy,44144,2f7b576af678b27adc45050aefadd4ab64b57bbe91eb8ba2a693668be872dbc8
Happy_064.wav,E:\PROJECT 33\PROJECT 33\backend\sample_datasets\audio_dataset\Happy\Happy_064.wav,Happy,44144,2f7b576af678b27adc45050aefadd4ab64b57bbe91eb8ba2a693668be872dbc8
Happy_065.wav,E:\PROJECT 33\PROJECT 33\backend\sample_datasets\audio_dataset\Happy\Happy_065.wav,Happy,44144,2f7b576af678b27adc45050aefadd4ab64b57bbe91eb8ba2a693668be872dbc8
Happy_066.wav,E:\PROJECT 33\PROJECT 33\backend\sample_datasets\audio_dataset\Happy\Happy_066.wav,Happy,44144,2f7b576af678b27adc45050aefadd4ab64b57bbe91eb8ba2a693668be872dbc8
Happy_067.wav,E:\PROJECT 33\PROJECT 33\backend\sample_datasets\audio_dataset\Happy\Happy_067.wav,Happy,44144,2f7b576af678b27adc45050aefadd4ab64b57bbe91eb8ba2a693668be872dbc8
Happy_068.wav,E:\PROJECT 33\PROJECT 33\backend\sample_datasets\audio_dataset\Happy\Happy_068.wav,Happy,44144,2f7b576af678b27adc45050aefadd4ab64b57bbe91eb8ba2a693668be872dbc8
Happy_069.wav,E:\PROJECT 33\PROJECT 33\backend\sample_datasets\audio_dataset\Happy\Happy_069.wav,Happy,44144,2f7b576af678b27adc45050aefadd4ab64b57bbe91eb8ba2a693668be872dbc8
Happy_070.wav,E:\PROJECT 33\PROJECT 33\backend\sample_datasets\audio_dataset\Happy\Happy_070.wav,Happy,44144,2f7b576af678b27adc45050aefadd4ab64b57bbe91eb8ba2a693668be872dbc8
Happy_071.wav,E:\PROJECT 33\PROJECT 33\backend\sample_datasets\audio_dataset\Happy\Happy_071.wav,Happy,44144,2f7b576af678b27adc45050aefadd4ab64b57bbe91eb8ba2a693668be872dbc8
Happy_072.wav,E:\PROJECT 33\PROJECT 33\backend\sample_datasets\audio_dataset\Happy\Happy_072.wav,Happy,44144,2f7b576af678b27adc45050aefadd4ab64b57bbe91eb8ba2a693668be872dbc8
Happy_073.wav,E:\PROJECT 33\PROJECT 33\backend\sample_datasets\audio_dataset\Happy\Happy_073.wav,Happy,44144,2f7b576af678b27adc45050aefadd4ab64b57bbe91eb8ba2a693668be872dbc8
Happy_074.wav,E:\PROJECT 33\PROJECT 33\backend\sample_datasets\audio_dataset\Happy\Happy_074.wav,Happy,44144,2f7b576af678b27adc45050aefadd4ab64b57bbe91eb8ba2a693668be872dbc8
Happy_075.wav,E:\PROJECT 33\PROJECT 33\backend\sample_datasets\audio_dataset\Happy\Happy_075.wav,Happy,44144,2f7b576af678b27adc45050aefadd4ab64b57bbe91eb8ba2a693668be872dbc8
Happy_076.wav,E:\PROJECT 33\PROJECT 33\backend\sample_datasets\audio_dataset\Happy\Happy_076.wav,Happy,44144,2f7b576af678b27adc45050aefadd4ab64b57bbe91eb8ba2a693668be872dbc8
Happy_077.wav,E:\PROJECT 33\PROJECT 33\backend\sample_datasets\audio_dataset\Happy\Happy_077.wav,Happy,44144,2f7b576af678b27adc45050aefadd4ab64b57bbe91eb8ba2a693668be872dbc8
Happy_078.wav,E:\PROJECT 33\PROJECT 33\backend\sample_datasets\audio_dataset\Happy\Happy_078.wav,Happy,44144,2f7b576af678b27adc45050aefadd4ab64b57bbe91eb8ba2a693668be872dbc8
Happy_079.wav,E:\PROJECT 33\PROJECT 33\backend\sample_datasets\audio_dataset\Happy\Happy_079.wav,Happy,44144,2f7b576af678b27adc45050aefadd4ab64b57bbe91eb8ba2a693668be872dbc8
Happy_080.wav,E:\PROJECT 33\PROJECT 33\backend\sample_datasets\audio_dataset\Happy\Happy_080.wav,Happy,44144,2f7b576af678b27adc45050aefadd4ab64b57bbe91eb8ba2a693668be872dbc8
Happy_081.wav,E:\PROJECT 33\PROJECT 33\backend\sample_datasets\audio_dataset\Happy\Happy_081.wav,Happy,44144,2f7b576af678b27adc45050aefadd4ab64b57bbe91eb8ba2a693668be872dbc8
Happy_082.wav,E:\PROJECT 33\PROJECT 33\backend\sample_datasets\audio_dataset\Happy\Happy_082.wav,Happy,44144,2f7b576af678b27adc45050aefadd4ab64b57bbe91eb8ba2a693668be872dbc8
Happy_083.wav,E:\PROJECT 33\PROJECT 33\backend\sample_datasets\audio_dataset\Happy\Happy_083.wav,Happy,44144,2f7b576af678b27adc45050aefadd4ab64b57bbe91eb8ba2a693668be872dbc8
Happy_084.wav,E:\PROJECT 33\PROJECT 33\backend\sample_datasets\audio_dataset\Happy\Happy_084.wav,Happy,44144,2f7b576af678b27adc45050aefadd4ab64b57bbe91eb8ba2a693668be872dbc8
Happy_085.wav,E:\PROJECT 33\PROJECT 33\backend\sample_datasets\audio_dataset\Happy\Happy_085.wav,Happy,44144,2f7b576af678b27adc45050aefadd4ab64b57bbe91eb8ba2a693668be872dbc8
Happy_086.wav,E:\PROJECT 33\PROJECT 33\backend\sample_datasets\audio_dataset\Happy\Happy_086.wav,Happy,44144,2f7b576af678b27adc45050aefadd4ab64b57bbe91eb8ba2a693668be872dbc8
Happy_087.wav,E:\PROJECT 33\PROJECT 33\backend\sample_datasets\audio_dataset\Happy\Happy_087.wav,Happy,44144,2f7b576af678b27adc45050aefadd4ab64b57bbe91eb8ba2a693668be872dbc8
Happy_088.wav,E:\PROJECT 33\PROJECT 33\backend\sample_datasets\audio_dataset\Happy\Happy_088.wav,Happy,44144,2f7b576af678b27adc45050aefadd4ab64b57bbe91eb8ba2a693668be872dbc8
Happy_089.wav,E:\PROJECT 33\PROJECT 33\backend\sample_datasets\audio_dataset\Happy\Happy_089.wav,Happy,44144,2f7b576af678b27adc45050aefadd4ab64b57bbe91eb8ba2a693668be872dbc8
Happy_090.wav,E:\PROJECT 33\PROJECT 33\backend\sample_datasets\audio_dataset\Happy\Happy_090.wav,Happy,44144,2f7b576af678b27adc45050aefadd4ab64b57bbe91eb8ba2a693668be872dbc8
Happy_091.wav,E:\PROJECT 33\PROJECT 33\backend\sample_datasets\audio_dataset\Happy\Happy_091.wav,Happy,44144,2f7b576af678b27adc45050aefadd4ab64b57bbe91eb8ba2a693668be872dbc8
Happy_092.wav,E:\PROJECT 33\PROJECT 33\backend\sample_datasets\audio_dataset\Happy\Happy_092.wav,Happy,44144,2f7b576af678b27adc45050aefadd4ab64b57bbe91eb8ba2a693668be872dbc8
Happy_093.wav,E:\PROJECT 33\PROJECT 33\backend\sample_datasets\audio_dataset\Happy\Happy_093.wav,Happy,44144,2f7b576af678b27adc45050aefadd4ab64b57bbe91eb8ba2a693668be872dbc8
Happy_094.wav,E:\PROJECT 33\PROJECT 33\backend\sample_datasets\audio_dataset\Happy\Happy_094.wav,Happy,44144,2f7b576af678b27adc45050aefadd4ab64b57bbe91eb8ba2a693668be872dbc8
Happy_095.wav,E:\PROJECT 33\PROJECT 33\backend\sample_datasets\audio_dataset\Happy\Happy_095.wav,Happy,44144,2f7b576af678b27adc45050aefadd4ab64b57bbe91eb8ba2a693668be872dbc8
Happy_096.wav,E:\PROJECT 33\PROJECT 33\backend\sample_datasets\audio_dataset\Happy\Happy_096.wav,Happy,44144,2f7b576af678b27adc45050aefadd4ab64b57bbe91eb8ba2a693668be872dbc8
Happy_097.wav,E:\PROJECT 33\PROJECT 33\backend\sample_datasets\audio_dataset\Happy\Happy_097.wav,Happy,44144,2f7b576af678b27adc45050aefadd4ab64b57bbe91eb8ba2a693668be872dbc8
Happy_098.wav,E:\PROJECT 33\PROJECT 33\backend\sample_datasets\audio_dataset\Happy\Happy_098.wav,Happy,44144,2f7b576af678b27adc45050aefadd4ab64b57bbe91eb8ba2a693668be872dbc8
Happy_099.wav,E:\PROJECT 33\PROJECT 33\backend\sample_datasets\audio_dataset\Happy\Happy_099.wav,Happy,44144,2f7b576af678b27adc45050aefadd4ab64b57bbe91eb8ba2a693668be872dbc8
Happy_100.wav,E:\PROJECT 33\PROJECT 33\backend\sample_datasets\audio_dataset\Happy\Happy_100.wav,Happy,44144,2f7b576af678b27adc45050aefadd4ab64b57bbe91eb8ba2a693668be872dbc8
Happy_101.wav,E:\PROJECT 33\PROJECT 33\backend\sample_datasets\audio_dataset\Happy\Happy_101.wav,Happy,44144,2f7b576af678b27adc45050aefadd4ab64b57bbe91eb8ba2a693668be872dbc8
Happy_102.wav,E:\PROJECT 33\PROJECT 33\backend\sample_datasets\audio_dataset\Happy\Happy_102.wav,Happy,44144,2f7b576af678b27adc45050aefadd4ab64b57bbe91eb8ba2a693668be872dbc8
Happy_103.wav,E:\PROJECT 33\PROJECT 33\backend\sample_datasets\audio_dataset\Happy\Happy_103.wav,Happy,44144,2f7b576af678b27adc45050aefadd4ab64b57bbe91eb8ba2a693668be872dbc8
Happy_104.wav,E:\PROJECT 33\PROJECT 33\backend\sample_datasets\audio_dataset\Happy\Happy_104.wav,Happy,44144,2f7b576af678b27adc45050aefadd4ab64b57bbe91eb8ba2a693668be872dbc8
Happy_105.wav,E:\PROJECT 33\PROJECT 33\backend\sample_datasets\audio_dataset\Happy\Happy_105.wav,Happy,44144,2f7b576af678b27adc45050aefadd4ab64b57bbe91eb8ba2a693668be872dbc8
Happy_106.wav,E:\PROJECT 33\PROJECT 33\backend\sample_datasets\audio_dataset\Happy\Happy_106.wav,Happy,44144,2f7b576af678b27adc45050aefadd4ab64b57bbe91eb8ba2a693668be872dbc8
Happy_107.wav,E:\PROJECT 33\PROJECT 33\backend\sample_datasets\audio_dataset\Happy\Happy_107.wav,Happy,44144,2f7b576af678b27adc45050aefadd4ab64b57bbe91eb8ba2a693668be872dbc8
Happy_108.wav,E:\PROJECT 33\PROJECT 33\backend\sample_datasets\audio_dataset\Happy\Happy_108.wav,Happy,44144,2f7b576af678b27adc45050aefadd4ab64b57bbe91eb8ba2a693668be872dbc8
Happy_109.wav,E:\PROJECT 33\PROJECT 33\backend\sample_datasets\audio_dataset\Happy\Happy_109.wav,Happy,44144,2f7b576af678b27adc45050aefadd4ab64b57bbe91eb8ba2a693668be872dbc8
Happy_110.wav,E:\PROJECT 33\PROJECT 33\backend\sample_datasets\audio_dataset\Happy\Happy_110.wav,Happy,44144,2f7b576af678b27adc45050aefadd4ab64b57bbe91eb8ba2a693668be872dbc8
Happy_111.wav,E:\PROJECT 33\PROJECT 33\backend\sample_datasets\audio_dataset\Happy\Happy_111.wav,Happy,44144,2f7b576af678b27adc45050aefadd4ab64b57bbe91eb8ba2a693668be872dbc8
Happy_112.wav,E:\PROJECT 33\PROJECT 33\backend\sample_datasets\audio_dataset\Happy\Happy_112.wav,Happy,44144,2f7b576af678b27adc45050aefadd4ab64b57bbe91eb8ba2a693668be872dbc8
Happy_113.wav,E:\PROJECT 33\PROJECT 33\backend\sample_datasets\audio_dataset\Happy\Happy_113.wav,Happy,44144,2f7b576af678b27adc45050aefadd4ab64b57bbe91eb8ba2a693668be872dbc8
Happy_114.wav,E:\PROJECT 33\PROJECT 33\backend\sample_datasets\audio_dataset\Happy\Happy_114.wav,Happy,44144,2f7b576af678b27adc45050aefadd4ab64b57bbe91eb8ba2a693668be872dbc8
Happy_115.wav,E:\PROJECT 33\PROJECT 33\backend\sample_datasets\audio_dataset\Happy\Happy_115.wav,Happy,44144,2f7b576af678b27adc45050aefadd4ab64b57bbe91eb8ba2a693668be872dbc8
Happy_116.wav,E:\PROJECT 33\PROJECT 33\backend\sample_datasets\audio_dataset\Happy\Happy_116.wav,Happy,44144,2f7b576af678b27adc45050aefadd4ab64b57bbe91eb8ba2a693668be872dbc8
Happy_117.wav,E:\PROJECT 33\PROJECT 33\backend\sample_datasets\audio_dataset\Happy\Happy_117.wav,Happy,44144,2f7b576af678b27adc45050aefadd4ab64b57bbe91eb8ba2a693668be872dbc8
Happy_118.wav,E:\PROJECT 33\PROJECT 33\backend\sample_datasets\audio_dataset\Happy\Happy_118.wav,Happy,44144,2f7b576af678b27adc45050aefadd4ab64b57bbe91eb8ba2a693668be872dbc8
Happy_119.wav,E:\PROJECT 33\PROJECT 33\backend\sample_datasets\audio_dataset\Happy\Happy_119.wav,Happy,44144,2f7b576af678b27adc45050aefadd4ab64b57bbe91eb8ba2a693668be872dbc8
Happy_120.wav,E:\PROJECT 33\PROJECT 33\backend\sample_datasets\audio_dataset\Happy\Happy_120.wav,Happy,44144,2f7b576af678b27adc45050aefadd4ab64b57bbe91eb8ba2a693668be872dbc8
Happy_121.wav,E:\PROJECT 33\PROJECT 33\backend\sample_datasets\audio_dataset\Happy\Happy_121.wav,Happy,44144,2f7b576af678b27adc45050aefadd4ab64b57bbe91eb8ba2a693668be872dbc8
Happy_122.wav,E:\PROJECT 33\PROJECT 33\backend\sample_datasets\audio_dataset\Happy\Happy_122.wav,Happy,44144,2f7b576af678b27adc45050aefadd4ab64b57bbe91eb8ba2a693668be872dbc8
Happy_123.wav,E:\PROJECT 33\PROJECT 33\backend\sample_datasets\audio_dataset\Happy\Happy_123.wav,Happy,44144,2f7b576af678b27adc45050aefadd4ab64b57bbe91eb8ba2a693668be872dbc8
Happy_124.wav,E:\PROJECT 33\PROJECT 33\backend\sample_datasets\audio_dataset\Happy\Happy_124.wav,Happy,44144,2f7b576af678b27adc45050aefadd4ab64b57bbe91eb8ba2a693668be872dbc8
Happy_125.wav,E:\PROJECT 33\PROJECT 33\backend\sample_datasets\audio_dataset\Happy\Happy_125.wav,Happy,44144,2f7b576af678b27adc45050aefadd4ab64b57bbe91eb8ba2a693668be872dbc8
Happy_126.wav,E:\PROJECT 33\PROJECT 33\backend\sample_datasets\audio_dataset\Happy\Happy_126.wav,Happy,44144,2f7b576af678b27adc45050aefadd4ab64b57bbe91eb8ba2a693668be872dbc8
Happy_127.wav,E:\PROJECT 33\PROJECT 33\backend\sample_datasets\audio_dataset\Happy\Happy_127.wav,Happy,44144,2f7b576af678b27adc45050aefadd4ab64b57bbe91eb8ba2a693668be872dbc8
Happy_128.wav,E:\PROJECT 33\PROJECT 33\backend\sample_datasets\audio_dataset\Happy\Happy_128.wav,Happy,44144,2f7b576af678b27adc45050aefadd4ab64b57bbe91eb8ba2a693668be872dbc8
Happy_129.wav,E:\PROJECT 33\PROJECT 33\backend\sample_datasets\audio_dataset\Happy\Happy_129.wav,Happy,44144,2f7b576af678b27adc45050aefadd4ab64b57bbe91eb8ba2a693668be872dbc8
Happy_130.wav,E:\PROJECT 33\PROJECT 33\backend\sample_datasets\audio_dataset\Happy\Happy_130.wav,Happy,44144,2f7b576af678b27adc45050aefadd4ab64b57bbe91eb8ba2a693668be872dbc8
Happy_131.wav,E:\PROJECT 33\PROJECT 33\backend\sample_datasets\audio_dataset\Happy\Happy_131.wav,Happy,44144,2f7b576af678b27adc45050aefadd4ab64b57bbe91eb8ba2a693668be872dbc8
Happy_132.wav,E:\PROJECT 33\PROJECT 33\backend\sample_datasets\audio_dataset\Happy\Happy_132.wav,Happy,44144,2f7b576af678b27adc45050aefadd4ab64b57bbe91eb8ba2a693668be872dbc8
Happy_133.wav,E:\PROJECT 33\PROJECT 33\backend\sample_datasets\audio_dataset\Happy\Happy_133.wav,Happy,44144,2f7b576af678b27adc45050aefadd4ab64b57bbe91eb8ba2a693668be872dbc8
Happy_134.wav,E:\PROJECT 33\PROJECT 33\backend\sample_datasets\audio_dataset\Happy\Happy_134.wav,Happy,44144,2f7b576af678b27adc45050aefadd4ab64b57bbe91eb8ba2a693668be872dbc8
Happy_135.wav,E:\PROJECT 33\PROJECT 33\backend\sample_datasets\audio_dataset\Happy\Happy_135.wav,Happy,44144,2f7b576af678b27adc45050aefadd4ab64b57bbe91eb8ba2a693668be872dbc8
Happy_136.wav,E:\PROJECT 33\PROJECT 33\backend\sample_datasets\audio_dataset\Happy\Happy_136.wav,Happy,44144,2f7b576af678b27adc45050aefadd4ab64b57bbe91eb8ba2a693668be872dbc8
Happy_137.wav,E:\PROJECT 33\PROJECT 33\backend\sample_datasets\audio_dataset\Happy\Happy_137.wav,Happy,44144,2f7b576af678b27adc45050aefadd4ab64b57bbe91eb8ba2a693668be872dbc8
Happy_138.wav,E:\PROJECT 33\PROJECT 33\backend\sample_datasets\audio_dataset\Happy\Happy_138.wav,Happy,44144,2f7b576af678b27adc45050aefadd4ab64b57bbe91eb8ba2a693668be872dbc8
Happy_139.wav,E:\PROJECT 33\PROJECT 33\backend\sample_datasets\audio_dataset\Happy\Happy_139.wav,Happy,44144,2f7b576af678b27adc45050aefadd4ab64b57bbe91eb8ba2a693668be872dbc8
Happy_140.wav,E:\PROJECT 33\PROJECT 33\backend\sample_datasets\audio_dataset\Happy\Happy_140.wav,Happy,44144,2f7b576af678b27adc45050aefadd4ab64b57bbe91eb8ba2a693668be872dbc8
Happy_141.wav,E:\PROJECT 33\PROJECT 33\backend\sample_datasets\audio_dataset\Happy\Happy_141.wav,Happy,44144,2f7b576af678b27adc45050aefadd4ab64b57bbe91eb8ba2a693668be872dbc8
Happy_142.wav,E:\PROJECT 33\PROJECT 33\backend\sample_datasets\audio_dataset\Happy\Happy_142.wav,Happy,44144,2f7b576af678b27adc45050aefadd4ab64b57bbe91eb8ba2a693668be872dbc8
Happy_143.wav,E:\PROJECT 33\PROJECT 33\backend\sample_datasets\audio_dataset\Happy\Happy_143.wav,Happy,44144,2f7b576af678b27adc45050aefadd4ab64b57bbe91eb8ba2a693668be872dbc8
Happy_144.wav,E:\PROJECT 33\PROJECT 33\backend\sample_datasets\audio_dataset\Happy\Happy_144.wav,Happy,44144,2f7b576af678b27adc45050aefadd4ab64b57bbe91eb8ba2a693668be872dbc8
Happy_145.wav,E:\PROJECT 33\PROJECT 33\backend\sample_datasets\audio_dataset\Happy\Happy_145.wav,Happy,44144,2f7b576af678b27adc45050aefadd4ab64b57bbe91eb8ba2a693668be872dbc8
Happy_146.wav,E:\PROJECT 33\PROJECT 33\backend\sample_datasets\audio_dataset\Happy\Happy_146.wav,Happy,44144,2f7b576af678b27adc45050aefadd4ab64b57bbe91eb8ba2a693668be872dbc8
Happy_147.wav,E:\PROJECT 33\PROJECT 33\backend\sample_datasets\audio_dataset\Happy\Happy_147.wav,Happy,44144,2f7b576af678b27adc45050aefadd4ab64b57bbe91eb8ba2a693668be872dbc8
Happy_148.wav,E:\PROJECT 33\PROJECT 33\backend\sample_datasets\audio_dataset\Happy\Happy_148.wav,Happy,44144,2f7b576af678b27adc45050aefadd4ab64b57bbe91eb8ba2a693668be872dbc8
Happy_149.wav,E:\PROJECT 33\PROJECT 33\backend\sample_datasets\audio_dataset\Happy\Happy_149.wav,Happy,44144,2f7b576af678b27adc45050aefadd4ab64b57bbe91eb8ba2a693668be872dbc8
Happy_150.wav,E:\PROJECT 33\PROJECT 33\backend\sample_datasets\audio_dataset\Happy\Happy_150.wav,Happy,44144,2f7b576af678b27adc45050aefadd4ab64b57bbe91eb8ba2a693668be872dbc8
Happy_151.wav,E:\PROJECT 33\PROJECT 33\backend\sample_datasets\audio_dataset\Happy\Happy_151.wav,Happy,44144,2f7b576af678b27adc45050aefadd4ab64b57bbe91eb8ba2a693668be872dbc8
Happy_152.wav,E:\PROJECT 33\PROJECT 33\backend\sample_datasets\audio_dataset\Happy\Happy_152.wav,Happy,44144,2f7b576af678b27adc45050aefadd4ab64b57bbe91eb8ba2a693668be872dbc8
Happy_153.wav,E:\PROJECT 33\PROJECT 33\backend\sample_datasets\audio_dataset\Happy\Happy_153.wav,Happy,44144,2f7b576af678b27adc45050aefadd4ab64b57bbe91eb8ba2a693668be872dbc8
Happy_154.wav,E:\PROJECT 33\PROJECT 33\backend\sample_datasets\audio_dataset\Happy\Happy_154.wav,Happy,44144,2f7b576af678b27adc45050aefadd4ab64b57bbe91eb8ba2a693668be872dbc8
Happy_155.wav,E:\PROJECT 33\PROJECT 33\backend\sample_datasets\audio_dataset\Happy\Happy_155.wav,Happy,44144,2f7b576af678b27adc45050aefadd4ab64b57bbe91eb8ba2a693668be872dbc8
Happy_156.wav,E:\PROJECT 33\PROJECT 33\backend\sample_datasets\audio_dataset\Happy\Happy_156.wav,Happy,44144,2f7b576af678b27adc45050aefadd4ab64b57bbe91eb8ba2a693668be872dbc8
Happy_157.wav,E:\PROJECT 33\PROJECT 33\backend\sample_datasets\audio_dataset\Happy\Happy_157.wav,Happy,44144,2f7b576af678b27adc45050aefadd4ab64b57bbe91eb8ba2a693668be872dbc8
Happy_158.wav,E:\PROJECT 33\PROJECT 33\backend\sample_datasets\audio_dataset\Happy\Happy_158.wav,Happy,44144,2f7b576af678b27adc45050aefadd4ab64b57bbe91eb8ba2a693668be872dbc8
Happy_159.wav,E:\PROJECT 33\PROJECT 33\backend\sample_datasets\audio_dataset\Happy\Happy_159.wav,Happy,44144,2f7b576af678b27adc45050aefadd4ab64b57bbe91eb8ba2a693668be872dbc8
Happy_160.wav,E:\PROJECT 33\PROJECT 33\backend\sample_datasets\audio_dataset\Happy\Happy_160.wav,Happy,44144,2f7b576af678b27adc45050aefadd4ab64b57bbe91eb8ba2a693668be872dbc8
Happy_161.wav,E:\PROJECT 33\PROJECT 33\backend\sample_datasets\audio_dataset\Happy\Happy_161.wav,Happy,44144,2f7b576af678b27adc45050aefadd4ab64b57bbe91eb8ba2a693668be872dbc8
Happy_162.wav,E:\PROJECT 33\PROJECT 33\backend\sample_datasets\audio_dataset\Happy\Happy_162.wav,Happy,44144,2f7b576af678b27adc45050aefadd4ab64b57bbe91eb8ba2a693668be872dbc8
Happy_163.wav,E:\PROJECT 33\PROJECT 33\backend\sample_datasets\audio_dataset\Happy\Happy_163.wav,Happy,44144,2f7b576af678b27adc45050aefadd4ab64b57bbe91eb8ba2a693668be872dbc8
Happy_164.wav,E:\PROJECT 33\PROJECT 33\backend\sample_datasets\audio_dataset\Happy\Happy_164.wav,Happy,44144,2f7b576af678b27adc45050aefadd4ab64b57bbe91eb8ba2a693668be872dbc8
Happy_165.wav,E:\PROJECT 33\PROJECT 33\backend\sample_datasets\audio_dataset\Happy\Happy_165.wav,Happy,44144,2f7b576af678b27adc45050aefadd4ab64b57bbe91eb8ba2a693668be872dbc8
Happy_166.wav,E:\PROJECT 33\PROJECT 33\backend\sample_datasets\audio_dataset\Happy\Happy_166.wav,Happy,44144,2f7b576af678b27adc45050aefadd4ab64b57bbe91eb8ba2a693668be872dbc8
Happy_167.wav,E:\PROJECT 33\PROJECT 33\backend\sample_datasets\audio_dataset\Happy\Happy_167.wav,Happy,44144,2f7b576af678b27adc45050aefadd4ab64b57bbe91eb8ba2a693668be872dbc8
Happy_168.wav,E:\PROJECT 33\PROJECT 33\backend\sample_datasets\audio_dataset\Happy\Happy_168.wav,Happy,44144,2f7b576af678b27adc45050aefadd4ab64b57bbe91eb8ba2a693668be872dbc8
Happy_169.wav,E:\PROJECT 33\PROJECT 33\backend\sample_datasets\audio_dataset\Happy\Happy_169.wav,Happy,44144,2f7b576af678b27adc45050aefadd4ab64b57bbe91eb8ba2a693668be872dbc8
Happy_170.wav,E:\PROJECT 33\PROJECT 33\backend\sample_datasets\audio_dataset\Happy\Happy_170.wav,Happy,44144,2f7b576af678b27adc45050aefadd4ab64b57bbe91eb8ba2a693668be872dbc8
Happy_171.wav,E:\PROJECT 33\PROJECT 33\backend\sample_datasets\audio_dataset\Happy\Happy_171.wav,Happy,44144,2f7b576af678b27adc45050aefadd4ab64b57bbe91eb8ba2a693668be872dbc8
Happy_172.wav,E:\PROJECT 33\PROJECT 33\backend\sample_datasets\audio_dataset\Happy\Happy_172.wav,Happy,44144,2f7b576af678b27adc45050aefadd4ab64b57bbe91eb8ba2a693668be872dbc8
Happy_173.wav,E:\PROJECT 33\PROJECT 33\backend\sample_datasets\audio_dataset\Happy\Happy_173.wav,Happy,44144,2f7b576af678b27adc45050aefadd4ab64b57bbe91eb8ba2a693668be872dbc8
Happy_174.wav,E:\PROJECT 33\PROJECT 33\backend\sample_datasets\audio_dataset\Happy\Happy_174.wav,Happy,44144,2f7b576af678b27adc45050aefadd4ab64b57bbe91eb8ba2a693668be872dbc8
Happy_175.wav,E:\PROJECT 33\PROJECT 33\backend\sample_datasets\audio_dataset\Happy\Happy_175.wav,Happy,44144,2f7b576af678b27adc45050aefadd4ab64b57bbe91eb8ba2a693668be872dbc8
Happy_176.wav,E:\PROJECT 33\PROJECT 33\backend\sample_datasets\audio_dataset\Happy\Happy_176.wav,Happy,44144,2f7b576af678b27adc45050aefadd4ab64b57bbe91eb8ba2a693668be872dbc8
Happy_177.wav,E:\PROJECT 33\PROJECT 33\backend\sample_datasets\audio_dataset\Happy\Happy_177.wav,Happy,44144,2f7b576af678b27adc45050aefadd4ab64b57bbe91eb8ba2a693668be872dbc8
Happy_178.wav,E:\PROJECT 33\PROJECT 33\backend\sample_datasets\audio_dataset\Happy\Happy_178.wav,Happy,44144,2f7b576af678b27adc45050aefadd4ab64b57bbe91eb8ba2a693668be872dbc8
Happy_179.wav,E:\PROJECT 33\PROJECT 33\backend\sample_datasets\audio_dataset\Happy\Happy_179.wav,Happy,44144,2f7b576af678b27adc45050aefadd4ab64b57bbe91eb8ba2a693668be872dbc8
Happy_180.wav,E:\PROJECT 33\PROJECT 33\backend\sample_datasets\audio_dataset\Happy\Happy_180.wav,Happy,44144,2f7b576af678b27adc45050aefadd4ab64b57bbe91eb8ba2a693668be872dbc8
Happy_181.wav,E:\PROJECT 33\PROJECT 33\backend\sample_datasets\audio_dataset\Happy\Happy_181.wav,Happy,44144,2f7b576af678b27adc45050aefadd4ab64b57bbe91eb8ba2a693668be872dbc8
Happy_182.wav,E:\PROJECT 33\PROJECT 33\backend\sample_datasets\audio_dataset\Happy\Happy_182.wav,Happy,44144,2f7b576af678b27adc45050aefadd4ab64b57bbe91eb8ba2a693668be872dbc8
Happy_183.wav,E:\PROJECT 33\PROJECT 33\backend\sample_datasets\audio_dataset\Happy\Happy_183.wav,Happy,44144,2f7b576af678b27adc45050aefadd4ab64b57bbe91eb8ba2a693668be872dbc8
Happy_184.wav,E:\PROJECT 33\PROJECT 33\backend\sample_datasets\audio_dataset\Happy\Happy_184.wav,Happy,44144,2f7b576af678b27adc45050aefadd4ab64b57bbe91eb8ba2a693668be872dbc8
Happy_185.wav,E:\PROJECT 33\PROJECT 33\backend\sample_datasets\audio_dataset\Happy\Happy_185.wav,Happy,44144,2f7b576af678b27adc45050aefadd4ab64b57bbe91eb8ba2a693668be872dbc8
Happy_186.wav,E:\PROJECT 33\PROJECT 33\backend\sample_datasets\audio_dataset\Happy\Happy_186.wav,Happy,44144,2f7b576af678b27adc45050aefadd4ab64b57bbe91eb8ba2a693668be872dbc8
Happy_187.wav,E:\PROJECT 33\PROJECT 33\backend\sample_datasets\audio_dataset\Happy\Happy_187.wav,Happy,44144,2f7b576af678b27adc45050aefadd4ab64b57bbe91eb8ba2a693668be872dbc8
Happy_188.wav,E:\PROJECT 33\PROJECT 33\backend\sample_datasets\audio_dataset\Happy\Happy_188.wav,Happy,44144,2f7b576af678b27adc45050aefadd4ab64b57bbe91eb8ba2a693668be872dbc8
Happy_189.wav,E:\PROJECT 33\PROJECT 33\backend\sample_datasets\audio_dataset\Happy\Happy_189.wav,Happy,44144,2f7b576af678b27adc45050aefadd4ab64b57bbe91eb8ba2a693668be872dbc8
Happy_190.wav,E:\PROJECT 33\PROJECT 33\backend\sample_datasets\audio_dataset\Happy\Happy_190.wav,Happy,44144,2f7b576af678b27adc45050aefadd4ab64b57bbe91eb8ba2a693668be872dbc8
Happy_191.wav,E:\PROJECT 33\PROJECT 33\backend\sample_datasets\audio_dataset\Happy\Happy_191.wav,Happy,44144,2f7b576af678b27adc45050aefadd4ab64b57bbe91eb8ba2a693668be872dbc8
Happy_192.wav,E:\PROJECT 33\PROJECT 33\backend\sample_datasets\audio_dataset\Happy\Happy_192.wav,Happy,44144,2f7b576af678b27adc45050aefadd4ab64b57bbe91eb8ba2a693668be872dbc8
Happy_193.wav,E:\PROJECT 33\PROJECT 33\backend\sample_datasets\audio_dataset\Happy\Happy_193.wav,Happy,44144,2f7b576af678b27adc45050aefadd4ab64b57bbe91eb8ba2a693668be872dbc8
Happy_194.wav,E:\PROJECT 33\PROJECT 33\backend\sample_datasets\audio_dataset\Happy\Happy_194.wav,Happy,44144,2f7b576af678b27adc45050aefadd4ab64b57bbe91eb8ba2a693668be872dbc8
Happy_195.wav,E:\PROJECT 33\PROJECT 33\backend\sample_datasets\audio_dataset\Happy\Happy_195.wav,Happy,44144,2f7b576af678b27adc45050aefadd4ab64b57bbe91eb8ba2a693668be872dbc8
Happy_196.wav,E:\PROJECT 33\PROJECT 33\backend\sample_datasets\audio_dataset\Happy\Happy_196.wav,Happy,44144,2f7b576af678b27adc45050aefadd4ab64b57bbe91eb8ba2a693668be872dbc8
Happy_197.wav,E:\PROJECT 33\PROJECT 33\backend\sample_datasets\audio_dataset\Happy\Happy_197.wav,Happy,44144,2f7b576af678b27adc45050aefadd4ab64b57bbe91eb8ba2a693668be872dbc8
Happy_198.wav,E:\PROJECT 33\PROJECT 33\backend\sample_datasets\audio_dataset\Happy\Happy_198.wav,Happy,44144,2f7b576af678b27adc45050aefadd4ab64b57bbe91eb8ba2a693668be872dbc8
Happy_199.wav,E:\PROJECT 33\PROJECT 33\backend\sample_datasets\audio_dataset\Happy\Happy_199.wav,Happy,44144,2f7b576af678b27adc45050aefadd4ab64b57bbe91eb8ba2a693668be872dbc8
Happy_200.wav,E:\PROJECT 33\PROJECT 33\backend\sample_datasets\audio_dataset\Happy\Happy_200.wav,Happy,44144,2f7b576af678b27adc45050aefadd4ab64b57bbe91eb8ba2a693668be872dbc8
Happy_201.wav,E:\PROJECT 33\PROJECT 33\backend\sample_datasets\audio_dataset\Happy\Happy_201.wav,Happy,44144,2f7b576af678b27adc45050aefadd4ab64b57bbe91eb8ba2a693668be872dbc8
Happy_202.wav,E:\PROJECT 33\PROJECT 33\backend\sample_datasets\audio_dataset\Happy\Happy_202.wav,Happy,44144,2f7b576af678b27adc45050aefadd4ab64b57bbe91eb8ba2a693668be872dbc8
Happy_203.wav,E:\PROJECT 33\PROJECT 33\backend\sample_datasets\audio_dataset\Happy\Happy_203.wav,Happy,44144,2f7b576af678b27adc45050aefadd4ab64b57bbe91eb8ba2a693668be872dbc8
Happy_204.wav,E:\PROJECT 33\PROJECT 33\backend\sample_datasets\audio_dataset\Happy\Happy_204.wav,Happy,44144,2f7b576af678b27adc45050aefadd4ab64b57bbe91eb8ba2a693668be872dbc8
Happy_205.wav,E:\PROJECT 33\PROJECT 33\backend\sample_datasets\audio_dataset\Happy\Happy_205.wav,Happy,44144,2f7b576af678b27adc45050aefadd4ab64b57bbe91eb8ba2a693668be872dbc8
Happy_206.wav,E:\PROJECT 33\PROJECT 33\backend\sample_datasets\audio_dataset\Happy\Happy_206.wav,Happy,44144,2f7b576af678b27adc45050aefadd4ab64b57bbe91eb8ba2a693668be872dbc8
Happy_207.wav,E:\PROJECT 33\PROJECT 33\backend\sample_datasets\audio_dataset\Happy\Happy_207.wav,Happy,44144,2f7b576af678b27adc45050aefadd4ab64b57bbe91eb8ba2a693668be872dbc8
Happy_208.wav,E:\PROJECT 33\PROJECT 33\backend\sample_datasets\audio_dataset\Happy\Happy_208.wav,Happy,44144,2f7b576af678b27adc45050aefadd4ab64b57bbe91eb8ba2a693668be872dbc8
Happy_209.wav,E:\PROJECT 33\PROJECT 33\backend\sample_datasets\audio_dataset\Happy\Happy_209.wav,Happy,44144,2f7b576af678b27adc45050aefadd4ab64b57bbe91eb8ba2a693668be872dbc8
Happy_210.wav,E:\PROJECT 33\PROJECT 33\backend\sample_datasets\audio_dataset\Happy\Happy_210.wav,Happy,44144,2f7b576af678b27adc45050aefadd4ab64b57bbe91eb8ba2a693668be872dbc8
Happy_211.wav,E:\PROJECT 33\PROJECT 33\backend\sample_datasets\audio_dataset\Happy\Happy_211.wav,Happy,44144,2f7b576af678b27adc45050aefadd4ab64b57bbe91eb8ba2a693668be872dbc8
Happy_212.wav,E:\PROJECT 33\PROJECT 33\backend\sample_datasets\audio_dataset\Happy\Happy_212.wav,Happy,44144,2f7b576af678b27adc45050aefadd4ab64b57bbe91eb8ba2a693668be872dbc8
Happy_213.wav,E:\PROJECT 33\PROJECT 33\backend\sample_datasets\audio_dataset\Happy\Happy_213.wav,Happy,44144,2f7b576af678b27adc45050aefadd4ab64b57bbe91eb8ba2a693668be872dbc8
Happy_214.wav,E:\PROJECT 33\PROJECT 33\backend\sample_datasets\audio_dataset\Happy\Happy_214.wav,Happy,44144,2f7b576af678b27adc45050aefadd4ab64b57bbe91eb8ba2a693668be872dbc8
Happy_215.wav,E:\PROJECT 33\PROJECT 33\backend\sample_datasets\audio_dataset\Happy\Happy_215.wav,Happy,44144,2f7b576af678b27adc45050aefadd4ab64b57bbe91eb8ba2a693668be872dbc8
Happy_216.wav,E:\PROJECT 33\PROJECT 33\backend\sample_datasets\audio_dataset\Happy\Happy_216.wav,Happy,44144,2f7b576af678b27adc45050aefadd4ab64b57bbe91eb8ba2a693668be872dbc8
Happy_217.wav,E:\PROJECT 33\PROJECT 33\backend\sample_datasets\audio_dataset\Happy\Happy_217.wav,Happy,44144,2f7b576af678b27adc45050aefadd4ab64b57bbe91eb8ba2a693668be872dbc8
Happy_218.wav,E:\PROJECT 33\PROJECT 33\backend\sample_datasets\audio_dataset\Happy\Happy_218.wav,Happy,44144,2f7b576af678b27adc45050aefadd4ab64b57bbe91eb8ba2a693668be872dbc8
Happy_219.wav,E:\PROJECT 33\PROJECT 33\backend\sample_datasets\audio_dataset\Happy\Happy_219.wav,Happy,44144,2f7b576af678b27adc45050aefadd4ab64b57bbe91eb8ba2a693668be872dbc8
Happy_220.wav,E:\PROJECT 33\PROJECT 33\backend\sample_datasets\audio_dataset\Happy\Happy_220.wav,Happy,44144,2f7b576af678b27adc45050aefadd4ab64b57bbe91eb8ba2a693668be872dbc8
Happy_221.wav,E:\PROJECT 33\PROJECT 33\backend\sample_datasets\audio_dataset\Happy\Happy_221.wav,Happy,44144,2f7b576af678b27adc45050aefadd4ab64b57bbe91eb8ba2a693668be872dbc8
Happy_222.wav,E:\PROJECT 33\PROJECT 33\backend\sample_datasets\audio_dataset\Happy\Happy_222.wav,Happy,44144,2f7b576af678b27adc45050aefadd4ab64b57bbe91eb8ba2a693668be872dbc8
Happy_223.wav,E:\PROJECT 33\PROJECT 33\backend\sample_datasets\audio_dataset\Happy\Happy_223.wav,Happy,44144,2f7b576af678b27adc45050aefadd4ab64b57bbe91eb8ba2a693668be872dbc8
Happy_224.wav,E:\PROJECT 33\PROJECT 33\backend\sample_datasets\audio_dataset\Happy\Happy_224.wav,Happy,44144,2f7b576af678b27adc45050aefadd4ab64b57bbe91eb8ba2a693668be872dbc8
Happy_225.wav,E:\PROJECT 33\PROJECT 33\backend\sample_datasets\audio_dataset\Happy\Happy_225.wav,Happy,44144,2f7b576af678b27adc45050aefadd4ab64b57bbe91eb8ba2a693668be872dbc8
Happy_226.wav,E:\PROJECT 33\PROJECT 33\backend\sample_datasets\audio_dataset\Happy\Happy_226.wav,Happy,44144,2f7b576af678b27adc45050aefadd4ab64b57bbe91eb8ba2a693668be872dbc8
Happy_227.wav,E:\PROJECT 33\PROJECT 33\backend\sample_datasets\audio_dataset\Happy\Happy_227.wav,Happy,44144,2f7b576af678b27adc45050aefadd4ab64b57bbe91eb8ba2a693668be872dbc8
Happy_228.wav,E:\PROJECT 33\PROJECT 33\backend\sample_datasets\audio_dataset\Happy\Happy_228.wav,Happy,44144,2f7b576af678b27adc45050aefadd4ab64b57bbe91eb8ba2a693668be872dbc8
Happy_229.wav,E:\PROJECT 33\PROJECT 33\backend\sample_datasets\audio_dataset\Happy\Happy_229.wav,Happy,44144,2f7b576af678b27adc45050aefadd4ab64b57bbe91eb8ba2a693668be872dbc8
Happy_230.wav,E:\PROJECT 33\PROJECT 33\backend\sample_datasets\audio_dataset\Happy\Happy_230.wav,Happy,44144,2f7b576af678b27adc45050aefadd4ab64b57bbe91eb8ba2a693668be872dbc8
Happy_231.wav,E:\PROJECT 33\PROJECT 33\backend\sample_datasets\audio_dataset\Happy\Happy_231.wav,Happy,44144,2f7b576af678b27adc45050aefadd4ab64b57bbe91eb8ba2a693668be872dbc8
Happy_232.wav,E:\PROJECT 33\PROJECT 33\backend\sample_datasets\audio_dataset\Happy\Happy_232.wav,Happy,44144,2f7b576af678b27adc45050aefadd4ab64b57bbe91eb8ba2a693668be872dbc8
Happy_233.wav,E:\PROJECT 33\PROJECT 33\backend\sample_datasets\audio_dataset\Happy\Happy_233.wav,Happy,44144,2f7b576af678b27adc45050aefadd4ab64b57bbe91eb8ba2a693668be872dbc8
Happy_234.wav,E:\PROJECT 33\PROJECT 33\backend\sample_datasets\audio_dataset\Happy\Happy_234.wav,Happy,44144,2f7b576af678b27adc45050aefadd4ab64b57bbe91eb8ba2a693668be872dbc8
Happy_235.wav,E:\PROJECT 33\PROJECT 33\backend\sample_datasets\audio_dataset\Happy\Happy_235.wav,Happy,44144,2f7b576af678b27adc45050aefadd4ab64b57bbe91eb8ba2a693668be872dbc8
Happy_236.wav,E:\PROJECT 33\PROJECT 33\backend\sample_datasets\audio_dataset\Happy\Happy_236.wav,Happy,44144,2f7b576af678b27adc45050aefadd4ab64b57bbe91eb8ba2a693668be872dbc8
Happy_237.wav,E:\PROJECT 33\PROJECT 33\backend\sample_datasets\audio_dataset\Happy\Happy_237.wav,Happy,44144,2f7b576af678b27adc45050aefadd4ab64b57bbe91eb8ba2a693668be872dbc8
Happy_238.wav,E:\PROJECT 33\PROJECT 33\backend\sample_datasets\audio_dataset\Happy\Happy_238.wav,Happy,44144,2f7b576af678b27adc45050aefadd4ab64b57bbe91eb8ba2a693668be872dbc8
Happy_239.wav,E:\PROJECT 33\PROJECT 33\backend\sample_datasets\audio_dataset\Happy\Happy_239.wav,Happy,44144,2f7b576af678b27adc45050aefadd4ab64b57bbe91eb8ba2a693668be872dbc8
Happy_240.wav,E:\PROJECT 33\PROJECT 33\backend\sample_datasets\audio_dataset\Happy\Happy_240.wav,Happy,44144,2f7b576af678b27adc45050aefadd4ab64b57bbe91eb8ba2a693668be872dbc8
Happy_241.wav,E:\PROJECT 33\PROJECT 33\backend\sample_datasets\audio_dataset\Happy\Happy_241.wav,Happy,44144,2f7b576af678b27adc45050aefadd4ab64b57bbe91eb8ba2a693668be872dbc8
Happy_242.wav,E:\PROJECT 33\PROJECT 33\backend\sample_datasets\audio_dataset\Happy\Happy_242.wav,Happy,44144,2f7b576af678b27adc45050aefadd4ab64b57bbe91eb8ba2a693668be872dbc8
Happy_243.wav,E:\PROJECT 33\PROJECT 33\backend\sample_datasets\audio_dataset\Happy\Happy_243.wav,Happy,44144,2f7b576af678b27adc45050aefadd4ab64b57bbe91eb8ba2a693668be872dbc8
Happy_244.wav,E:\PROJECT 33\PROJECT 33\backend\sample_datasets\audio_dataset\Happy\Happy_244.wav,Happy,44144,2f7b576af678b27adc45050aefadd4ab64b57bbe91eb8ba2a693668be872dbc8
Happy_245.wav,E:\PROJECT 33\PROJECT 33\backend\sample_datasets\audio_dataset\Happy\Happy_245.wav,Happy,44144,2f7b576af678b27adc45050aefadd4ab64b57bbe91eb8ba2a693668be872dbc8
Happy_246.wav,E:\PROJECT 33\PROJECT 33\backend\sample_datasets\audio_dataset\Happy\Happy_246.wav,Happy,44144,2f7b576af678b27adc45050aefadd4ab64b57bbe91eb8ba2a693668be872dbc8
Happy_247.wav,E:\PROJECT 33\PROJECT 33\backend\sample_datasets\audio_dataset\Happy\Happy_247.wav,Happy,44144,2f7b576af678b27adc45050aefadd4ab64b57bbe91eb8ba2a693668be872dbc8
Happy_248.wav,E:\PROJECT 33\PROJECT 33\backend\sample_datasets\audio_dataset\Happy\Happy_248.wav,Happy,44144,2f7b576af678b27adc45050aefadd4ab64b57bbe91eb8ba2a693668be872dbc8
Happy_249.wav,E:\PROJECT 33\PROJECT 33\backend\sample_datasets\audio_dataset\Happy\Happy_249.wav,Happy,44144,2f7b576af678b27adc45050aefadd4ab64b57bbe91eb8ba2a693668be872dbc8
Neutral_000.wav,E:\PROJECT 33\PROJECT 33\backend\sample_datasets\audio_dataset\Neutral\Neutral_000.wav,Neutral,44144,c93ec219152301457672f947532902e1d51dcc4e1c7019698a14a379666bd529
Neutral_001.wav,E:\PROJECT 33\PROJECT 33\backend\sample_datasets\audio_dataset\Neutral\Neutral_001.wav,Neutral,44144,c93ec219152301457672f947532902e1d51dcc4e1c7019698a14a379666bd529
Neutral_002.wav,E:\PROJECT 33\PROJECT 33\backend\sample_datasets\audio_dataset\Neutral\Neutral_002.wav,Neutral,44144,c93ec219152301457672f947532902e1d51dcc4e1c7019698a14a379666bd529
Neutral_003.wav,E:\PROJECT 33\PROJECT 33\backend\sample_datasets\audio_dataset\Neutral\Neutral_003.wav,Neutral,44144,c93ec219152301457672f947532902e1d51dcc4e1c7019698a14a379666bd529
Neutral_004.wav,E:\PROJECT 33\PROJECT 33\backend\sample_datasets\audio_dataset\Neutral\Neutral_004.wav,Neutral,44144,c93ec219152301457672f947532902e1d51dcc4e1c7019698a14a379666bd529
Neutral_005.wav,E:\PROJECT 33\PROJECT 33\backend\sample_datasets\audio_dataset\Neutral\Neutral_005.wav,Neutral,44144,c93ec219152301457672f947532902e1d51dcc4e1c7019698a14a379666bd529
Neutral_006.wav,E:\PROJECT 33\PROJECT 33\backend\sample_datasets\audio_dataset\Neutral\Neutral_006.wav,Neutral,44144,c93ec219152301457672f947532902e1d51dcc4e1c7019698a14a379666bd529
Neutral_007.wav,E:\PROJECT 33\PROJECT 33\backend\sample_datasets\audio_dataset\Neutral\Neutral_007.wav,Neutral,44144,c93ec219152301457672f947532902e1d51dcc4e1c7019698a14a379666bd529
Neutral_008.wav,E:\PROJECT 33\PROJECT 33\backend\sample_datasets\audio_dataset\Neutral\Neutral_008.wav,Neutral,44144,c93ec219152301457672f947532902e1d51dcc4e1c7019698a14a379666bd529
Neutral_009.wav,E:\PROJECT 33\PROJECT 33\backend\sample_datasets\audio_dataset\Neutral\Neutral_009.wav,Neutral,44144,c93ec219152301457672f947532902e1d51dcc4e1c7019698a14a379666bd529
Neutral_010.wav,E:\PROJECT 33\PROJECT 33\backend\sample_datasets\audio_dataset\Neutral\Neutral_010.wav,Neutral,44144,c93ec219152301457672f947532902e1d51dcc4e1c7019698a14a379666bd529
Neutral_011.wav,E:\PROJECT 33\PROJECT 33\backend\sample_datasets\audio_dataset\Neutral\Neutral_011.wav,Neutral,44144,c93ec219152301457672f947532902e1d51dcc4e1c7019698a14a379666bd529
Neutral_012.wav,E:\PROJECT 33\PROJECT 33\backend\sample_datasets\audio_dataset\Neutral\Neutral_012.wav,Neutral,44144,c93ec219152301457672f947532902e1d51dcc4e1c7019698a14a379666bd529
Neutral_013.wav,E:\PROJECT 33\PROJECT 33\backend\sample_datasets\audio_dataset\Neutral\Neutral_013.wav,Neutral,44144,c93ec219152301457672f947532902e1d51dcc4e1c7019698a14a379666bd529
Neutral_014.wav,E:\PROJECT 33\PROJECT 33\backend\sample_datasets\audio_dataset\Neutral\Neutral_014.wav,Neutral,44144,c93ec219152301457672f947532902e1d51dcc4e1c7019698a14a379666bd529
Neutral_015.wav,E:\PROJECT 33\PROJECT 33\backend\sample_datasets\audio_dataset\Neutral\Neutral_015.wav,Neutral,44144,c93ec219152301457672f947532902e1d51dcc4e1c7019698a14a379666bd529
Neutral_016.wav,E:\PROJECT 33\PROJECT 33\backend\sample_datasets\audio_dataset\Neutral\Neutral_016.wav,Neutral,44144,c93ec219152301457672f947532902e1d51dcc4e1c7019698a14a379666bd529
Neutral_017.wav,E:\PROJECT 33\PROJECT 33\backend\sample_datasets\audio_dataset\Neutral\Neutral_017.wav,Neutral,44144,c93ec219152301457672f947532902e1d51dcc4e1c7019698a14a379666bd529
Neutral_018.wav,E:\PROJECT 33\PROJECT 33\backend\sample_datasets\audio_dataset\Neutral\Neutral_018.wav,Neutral,44144,c93ec219152301457672f947532902e1d51dcc4e1c7019698a14a379666bd529
Neutral_019.wav,E:\PROJECT 33\PROJECT 33\backend\sample_datasets\audio_dataset\Neutral\Neutral_019.wav,Neutral,44144,c93ec219152301457672f947532902e1d51dcc4e1c7019698a14a379666bd529
Neutral_020.wav,E:\PROJECT 33\PROJECT 33\backend\sample_datasets\audio_dataset\Neutral\Neutral_020.wav,Neutral,44144,c93ec219152301457672f947532902e1d51dcc4e1c7019698a14a379666bd529
Neutral_021.wav,E:\PROJECT 33\PROJECT 33\backend\sample_datasets\audio_dataset\Neutral\Neutral_021.wav,Neutral,44144,c93ec219152301457672f947532902e1d51dcc4e1c7019698a14a379666bd529
Neutral_022.wav,E:\PROJECT 33\PROJECT 33\backend\sample_datasets\audio_dataset\Neutral\Neutral_022.wav,Neutral,44144,c93ec219152301457672f947532902e1d51dcc4e1c7019698a14a379666bd529
Neutral_023.wav,E:\PROJECT 33\PROJECT 33\backend\sample_datasets\audio_dataset\Neutral\Neutral_023.wav,Neutral,44144,c93ec219152301457672f947532902e1d51dcc4e1c7019698a14a379666bd529
Neutral_024.wav,E:\PROJECT 33\PROJECT 33\backend\sample_datasets\audio_dataset\Neutral\Neutral_024.wav,Neutral,44144,c93ec219152301457672f947532902e1d51dcc4e1c7019698a14a379666bd529
Neutral_025.wav,E:\PROJECT 33\PROJECT 33\backend\sample_datasets\audio_dataset\Neutral\Neutral_025.wav,Neutral,44144,c93ec219152301457672f947532902e1d51dcc4e1c7019698a14a379666bd529
Neutral_026.wav,E:\PROJECT 33\PROJECT 33\backend\sample_datasets\audio_dataset\Neutral\Neutral_026.wav,Neutral,44144,c93ec219152301457672f947532902e1d51dcc4e1c7019698a14a379666bd529
Neutral_027.wav,E:\PROJECT 33\PROJECT 33\backend\sample_datasets\audio_dataset\Neutral\Neutral_027.wav,Neutral,44144,c93ec219152301457672f947532902e1d51dcc4e1c7019698a14a379666bd529
Neutral_028.wav,E:\PROJECT 33\PROJECT 33\backend\sample_datasets\audio_dataset\Neutral\Neutral_028.wav,Neutral,44144,c93ec219152301457672f947532902e1d51dcc4e1c7019698a14a379666bd529
Neutral_029.wav,E:\PROJECT 33\PROJECT 33\backend\sample_datasets\audio_dataset\Neutral\Neutral_029.wav,Neutral,44144,c93ec219152301457672f947532902e1d51dcc4e1c7019698a14a379666bd529
Neutral_030.wav,E:\PROJECT 33\PROJECT 33\backend\sample_datasets\audio_dataset\Neutral\Neutral_030.wav,Neutral,44144,c93ec219152301457672f947532902e1d51dcc4e1c7019698a14a379666bd529
Neutral_031.wav,E:\PROJECT 33\PROJECT 33\backend\sample_datasets\audio_dataset\Neutral\Neutral_031.wav,Neutral,44144,c93ec219152301457672f947532902e1d51dcc4e1c7019698a14a379666bd529
Neutral_032.wav,E:\PROJECT 33\PROJECT 33\backend\sample_datasets\audio_dataset\Neutral\Neutral_032.wav,Neutral,44144,c93ec219152301457672f947532902e1d51dcc4e1c7019698a14a379666bd529
Neutral_033.wav,E:\PROJECT 33\PROJECT 33\backend\sample_datasets\audio_dataset\Neutral\Neutral_033.wav,Neutral,44144,c93ec219152301457672f947532902e1d51dcc4e1c7019698a14a379666bd529
Neutral_034.wav,E:\PROJECT 33\PROJECT 33\backend\sample_datasets\audio_dataset\Neutral\Neutral_034.wav,Neutral,44144,c93ec219152301457672f947532902e1d51dcc4e1c7019698a14a379666bd529
Neutral_035.wav,E:\PROJECT 33\PROJECT 33\backend\sample_datasets\audio_dataset\Neutral\Neutral_035.wav,Neutral,44144,c93ec219152301457672f947532902e1d51dcc4e1c7019698a14a379666bd529
Neutral_036.wav,E:\PROJECT 33\PROJECT 33\backend\sample_datasets\audio_dataset\Neutral\Neutral_036.wav,Neutral,44144,c93ec219152301457672f947532902e1d51dcc4e1c7019698a14a379666bd529
Neutral_037.wav,E:\PROJECT 33\PROJECT 33\backend\sample_datasets\audio_dataset\Neutral\Neutral_037.wav,Neutral,44144,c93ec219152301457672f947532902e1d51dcc4e1c7019698a14a379666bd529
Neutral_038.wav,E:\PROJECT 33\PROJECT 33\backend\sample_datasets\audio_dataset\Neutral\Neutral_038.wav,Neutral,44144,c93ec219152301457672f947532902e1d51dcc4e1c7019698a14a379666bd529
Neutral_039.wav,E:\PROJECT 33\PROJECT 33\backend\sample_datasets\audio_dataset\Neutral\Neutral_039.wav,Neutral,44144,c93ec219152301457672f947532902e1d51dcc4e1c7019698a14a379666bd529
Neutral_040.wav,E:\PROJECT 33\PROJECT 33\backend\sample_datasets\audio_dataset\Neutral\Neutral_040.wav,Neutral,44144,c93ec219152301457672f947532902e1d51dcc4e1c7019698a14a379666bd529
Neutral_041.wav,E:\PROJECT 33\PROJECT 33\backend\sample_datasets\audio_dataset\Neutral\Neutral_041.wav,Neutral,44144,c93ec219152301457672f947532902e1d51dcc4e1c7019698a14a379666bd529
Neutral_042.wav,E:\PROJECT 33\PROJECT 33\backend\sample_datasets\audio_dataset\Neutral\Neutral_042.wav,Neutral,44144,c93ec219152301457672f947532902e1d51dcc4e1c7019698a14a379666bd529
Neutral_043.wav,E:\PROJECT 33\PROJECT 33\backend\sample_datasets\audio_dataset\Neutral\Neutral_043.wav,Neutral,44144,c93ec219152301457672f947532902e1d51dcc4e1c7019698a14a379666bd529
Neutral_044.wav,E:\PROJECT 33\PROJECT 33\backend\sample_datasets\audio_dataset\Neutral\Neutral_044.wav,Neutral,44144,c93ec219152301457672f947532902e1d51dcc4e1c7019698a14a379666bd529
Neutral_045.wav,E:\PROJECT 33\PROJECT 33\backend\sample_datasets\audio_dataset\Neutral\Neutral_045.wav,Neutral,44144,c93ec219152301457672f947532902e1d51dcc4e1c7019698a14a379666bd529
Neutral_046.wav,E:\PROJECT 33\PROJECT 33\backend\sample_datasets\audio_dataset\Neutral\Neutral_046.wav,Neutral,44144,c93ec219152301457672f947532902e1d51dcc4e1c7019698a14a379666bd529
Neutral_047.wav,E:\PROJECT 33\PROJECT 33\backend\sample_datasets\audio_dataset\Neutral\Neutral_047.wav,Neutral,44144,c93ec219152301457672f947532902e1d51dcc4e1c7019698a14a379666bd529
Neutral_048.wav,E:\PROJECT 33\PROJECT 33\backend\sample_datasets\audio_dataset\Neutral\Neutral_048.wav,Neutral,44144,c93ec219152301457672f947532902e1d51dcc4e1c7019698a14a379666bd529
Neutral_049.wav,E:\PROJECT 33\PROJECT 33\backend\sample_datasets\audio_dataset\Neutral\Neutral_049.wav,Neutral,44144,c93ec219152301457672f947532902e1d51dcc4e1c7019698a14a379666bd529
Neutral_050.wav,E:\PROJECT 33\PROJECT 33\backend\sample_datasets\audio_dataset\Neutral\Neutral_050.wav,Neutral,44144,c93ec219152301457672f947532902e1d51dcc4e1c7019698a14a379666bd529
Neutral_051.wav,E:\PROJECT 33\PROJECT 33\backend\sample_datasets\audio_dataset\Neutral\Neutral_051.wav,Neutral,44144,c93ec219152301457672f947532902e1d51dcc4e1c7019698a14a379666bd529
Neutral_052.wav,E:\PROJECT 33\PROJECT 33\backend\sample_datasets\audio_dataset\Neutral\Neutral_052.wav,Neutral,44144,c93ec219152301457672f947532902e1d51dcc4e1c7019698a14a379666bd529
Neutral_053.wav,E:\PROJECT 33\PROJECT 33\backend\sample_datasets\audio_dataset\Neutral\Neutral_053.wav,Neutral,44144,c93ec219152301457672f947532902e1d51dcc4e1c7019698a14a379666bd529
Neutral_054.wav,E:\PROJECT 33\PROJECT 33\backend\sample_datasets\audio_dataset\Neutral\Neutral_054.wav,Neutral,44144,c93ec219152301457672f947532902e1d51dcc4e1c7019698a14a379666bd529
Neutral_055.wav,E:\PROJECT 33\PROJECT 33\backend\sample_datasets\audio_dataset\Neutral\Neutral_055.wav,Neutral,44144,c93ec219152301457672f947532902e1d51dcc4e1c7019698a14a379666bd529
Neutral_056.wav,E:\PROJECT 33\PROJECT 33\backend\sample_datasets\audio_dataset\Neutral\Neutral_056.wav,Neutral,44144,c93ec219152301457672f947532902e1d51dcc4e1c7019698a14a379666bd529
Neutral_057.wav,E:\PROJECT 33\PROJECT 33\backend\sample_datasets\audio_dataset\Neutral\Neutral_057.wav,Neutral,44144,c93ec219152301457672f947532902e1d51dcc4e1c7019698a14a379666bd529
Neutral_058.wav,E:\PROJECT 33\PROJECT 33\backend\sample_datasets\audio_dataset\Neutral\Neutral_058.wav,Neutral,44144,c93ec219152301457672f947532902e1d51dcc4e1c7019698a14a379666bd529
Neutral_059.wav,E:\PROJECT 33\PROJECT 33\backend\sample_datasets\audio_dataset\Neutral\Neutral_059.wav,Neutral,44144,c93ec219152301457672f947532902e1d51dcc4e1c7019698a14a379666bd529
Neutral_060.wav,E:\PROJECT 33\PROJECT 33\backend\sample_datasets\audio_dataset\Neutral\Neutral_060.wav,Neutral,44144,c93ec219152301457672f947532902e1d51dcc4e1c7019698a14a379666bd529
Neutral_061.wav,E:\PROJECT 33\PROJECT 33\backend\sample_datasets\audio_dataset\Neutral\Neutral_061.wav,Neutral,44144,c93ec219152301457672f947532902e1d51dcc4e1c7019698a14a379666bd529
Neutral_062.wav,E:\PROJECT 33\PROJECT 33\backend\sample_datasets\audio_dataset\Neutral\Neutral_062.wav,Neutral,44144,c93ec219152301457672f947532902e1d51dcc4e1c7019698a14a379666bd529
Neutral_063.wav,E:\PROJECT 33\PROJECT 33\backend\sample_datasets\audio_dataset\Neutral\Neutral_063.wav,Neutral,44144,c93ec219152301457672f947532902e1d51dcc4e1c7019698a14a379666bd529
Neutral_064.wav,E:\PROJECT 33\PROJECT 33\backend\sample_datasets\audio_dataset\Neutral\Neutral_064.wav,Neutral,44144,c93ec219152301457672f947532902e1d51dcc4e1c7019698a14a379666bd529
Neutral_065.wav,E:\PROJECT 33\PROJECT 33\backend\sample_datasets\audio_dataset\Neutral\Neutral_065.wav,Neutral,44144,c93ec219152301457672f947532902e1d51dcc4e1c7019698a14a379666bd529
Neutral_066.wav,E:\PROJECT 33\PROJECT 33\backend\sample_datasets\audio_dataset\Neutral\Neutral_066.wav,Neutral,44144,c93ec219152301457672f947532902e1d51dcc4e1c7019698a14a379666bd529
Neutral_067.wav,E:\PROJECT 33\PROJECT 33\backend\sample_datasets\audio_dataset\Neutral\Neutral_067.wav,Neutral,44144,c93ec219152301457672f947532902e1d51dcc4e1c7019698a14a379666bd529
Neutral_068.wav,E:\PROJECT 33\PROJECT 33\backend\sample_datasets\audio_dataset\Neutral\Neutral_068.wav,Neutral,44144,c93ec219152301457672f947532902e1d51dcc4e1c7019698a14a379666bd529
Neutral_069.wav,E:\PROJECT 33\PROJECT 33\backend\sample_datasets\audio_dataset\Neutral\Neutral_069.wav,Neutral,44144,c93ec219152301457672f947532902e1d51dcc4e1c7019698a14a379666bd529
Neutral_070.wav,E:\PROJECT 33\PROJECT 33\backend\sample_datasets\audio_dataset\Neutral\Neutral_070.wav,Neutral,44144,c93ec219152301457672f947532902e1d51dcc4e1c7019698a14a379666bd529
Neutral_071.wav,E:\PROJECT 33\PROJECT 33\backend\sample_datasets\audio_dataset\Neutral\Neutral_071.wav,Neutral,44144,c93ec219152301457672f947532902e1d51dcc4e1c7019698a14a379666bd529
Neutral_072.wav,E:\PROJECT 33\PROJECT 33\backend\sample_datasets\audio_dataset\Neutral\Neutral_072.wav,Neutral,44144,c93ec219152301457672f947532902e1d51dcc4e1c7019698a14a379666bd529
Neutral_073.wav,E:\PROJECT 33\PROJECT 33\backend\sample_datasets\audio_dataset\Neutral\Neutral_073.wav,Neutral,44144,c93ec219152301457672f947532902e1d51dcc4e1c7019698a14a379666bd529
Neutral_074.wav,E:\PROJECT 33\PROJECT 33\backend\sample_datasets\audio_dataset\Neutral\Neutral_074.wav,Neutral,44144,c93ec219152301457672f947532902e1d51dcc4e1c7019698a14a379666bd529
Neutral_075.wav,E:\PROJECT 33\PROJECT 33\backend\sample_datasets\audio_dataset\Neutral\Neutral_075.wav,Neutral,44144,c93ec219152301457672f947532902e1d51dcc4e1c7019698a14a379666bd529
Neutral_076.wav,E:\PROJECT 33\PROJECT 33\backend\sample_datasets\audio_dataset\Neutral\Neutral_076.wav,Neutral,44144,c93ec219152301457672f947532902e1d51dcc4e1c7019698a14a379666bd529
Neutral_077.wav,E:\PROJECT 33\PROJECT 33\backend\sample_datasets\audio_dataset\Neutral\Neutral_077.wav,Neutral,44144,c93ec219152301457672f947532902e1d51dcc4e1c7019698a14a379666bd529
Neutral_078.wav,E:\PROJECT 33\PROJECT 33\backend\sample_datasets\audio_dataset\Neutral\Neutral_078.wav,Neutral,44144,c93ec219152301457672f947532902e1d51dcc4e1c7019698a14a379666bd529
Neutral_079.wav,E:\PROJECT 33\PROJECT 33\backend\sample_datasets\audio_dataset\Neutral\Neutral_079.wav,Neutral,44144,c93ec219152301457672f947532902e1d51dcc4e1c7019698a14a379666bd529
Neutral_080.wav,E:\PROJECT 33\PROJECT 33\backend\sample_datasets\audio_dataset\Neutral\Neutral_080.wav,Neutral,44144,c93ec219152301457672f947532902e1d51dcc4e1c7019698a14a379666bd529
Neutral_081.wav,E:\PROJECT 33\PROJECT 33\backend\sample_datasets\audio_dataset\Neutral\Neutral_081.wav,Neutral,44144,c93ec219152301457672f947532902e1d51dcc4e1c7019698a14a379666bd529
Neutral_082.wav,E:\PROJECT 33\PROJECT 33\backend\sample_datasets\audio_dataset\Neutral\Neutral_082.wav,Neutral,44144,c93ec219152301457672f947532902e1d51dcc4e1c7019698a14a379666bd529
Neutral_083.wav,E:\PROJECT 33\PROJECT 33\backend\sample_datasets\audio_dataset\Neutral\Neutral_083.wav,Neutral,44144,c93ec219152301457672f947532902e1d51dcc4e1c7019698a14a379666bd529
Neutral_084.wav,E:\PROJECT 33\PROJECT 33\backend\sample_datasets\audio_dataset\Neutral\Neutral_084.wav,Neutral,44144,c93ec219152301457672f947532902e1d51dcc4e1c7019698a14a379666bd529
Neutral_085.wav,E:\PROJECT 33\PROJECT 33\backend\sample_datasets\audio_dataset\Neutral\Neutral_085.wav,Neutral,44144,c93ec219152301457672f947532902e1d51dcc4e1c7019698a14a379666bd529
Neutral_086.wav,E:\PROJECT 33\PROJECT 33\backend\sample_datasets\audio_dataset\Neutral\Neutral_086.wav,Neutral,44144,c93ec219152301457672f947532902e1d51dcc4e1c7019698a14a379666bd529
Neutral_087.wav,E:\PROJECT 33\PROJECT 33\backend\sample_datasets\audio_dataset\Neutral\Neutral_087.wav,Neutral,44144,c93ec219152301457672f947532902e1d51dcc4e1c7019698a14a379666bd529
Neutral_088.wav,E:\PROJECT 33\PROJECT 33\backend\sample_datasets\audio_dataset\Neutral\Neutral_088.wav,Neutral,44144,c93ec219152301457672f947532902e1d51dcc4e1c7019698a14a379666bd529
Neutral_089.wav,E:\PROJECT 33\PROJECT 33\backend\sample_datasets\audio_dataset\Neutral\Neutral_089.wav,Neutral,44144,c93ec219152301457672f947532902e1d51dcc4e1c7019698a14a379666bd529
Neutral_090.wav,E:\PROJECT 33\PROJECT 33\backend\sample_datasets\audio_dataset\Neutral\Neutral_090.wav,Neutral,44144,c93ec219152301457672f947532902e1d51dcc4e1c7019698a14a379666bd529
Neutral_091.wav,E:\PROJECT 33\PROJECT 33\backend\sample_datasets\audio_dataset\Neutral\Neutral_091.wav,Neutral,44144,c93ec219152301457672f947532902e1d51dcc4e1c7019698a14a379666bd529
Neutral_092.wav,E:\PROJECT 33\PROJECT 33\backend\sample_datasets\audio_dataset\Neutral\Neutral_092.wav,Neutral,44144,c93ec219152301457672f947532902e1d51dcc4e1c7019698a14a379666bd529
Neutral_093.wav,E:\PROJECT 33\PROJECT 33\backend\sample_datasets\audio_dataset\Neutral\Neutral_093.wav,Neutral,44144,c93ec219152301457672f947532902e1d51dcc4e1c7019698a14a379666bd529
Neutral_094.wav,E:\PROJECT 33\PROJECT 33\backend\sample_datasets\audio_dataset\Neutral\Neutral_094.wav,Neutral,44144,c93ec219152301457672f947532902e1d51dcc4e1c7019698a14a379666bd529
Neutral_095.wav,E:\PROJECT 33\PROJECT 33\backend\sample_datasets\audio_dataset\Neutral\Neutral_095.wav,Neutral,44144,c93ec219152301457672f947532902e1d51dcc4e1c7019698a14a379666bd529
Neutral_096.wav,E:\PROJECT 33\PROJECT 33\backend\sample_datasets\audio_dataset\Neutral\Neutral_096.wav,Neutral,44144,c93ec219152301457672f947532902e1d51dcc4e1c7019698a14a379666bd529
Neutral_097.wav,E:\PROJECT 33\PROJECT 33\backend\sample_datasets\audio_dataset\Neutral\Neutral_097.wav,Neutral,44144,c93ec219152301457672f947532902e1d51dcc4e1c7019698a14a379666bd529
Neutral_098.wav,E:\PROJECT 33\PROJECT 33\backend\sample_datasets\audio_dataset\Neutral\Neutral_098.wav,Neutral,44144,c93ec219152301457672f947532902e1d51dcc4e1c7019698a14a379666bd529
Neutral_099.wav,E:\PROJECT 33\PROJECT 33\backend\sample_datasets\audio_dataset\Neutral\Neutral_099.wav,Neutral,44144,c93ec219152301457672f947532902e1d51dcc4e1c7019698a14a379666bd529
Neutral_100.wav,E:\PROJECT 33\PROJECT 33\backend\sample_datasets\audio_dataset\Neutral\Neutral_100.wav,Neutral,44144,c93ec219152301457672f947532902e1d51dcc4e1c7019698a14a379666bd529
Neutral_101.wav,E:\PROJECT 33\PROJECT 33\backend\sample_datasets\audio_dataset\Neutral\Neutral_101.wav,Neutral,44144,c93ec219152301457672f947532902e1d51dcc4e1c7019698a14a379666bd529
Neutral_102.wav,E:\PROJECT 33\PROJECT 33\backend\sample_datasets\audio_dataset\Neutral\Neutral_102.wav,Neutral,44144,c93ec219152301457672f947532902e1d51dcc4e1c7019698a14a379666bd529
Neutral_103.wav,E:\PROJECT 33\PROJECT 33\backend\sample_datasets\audio_dataset\Neutral\Neutral_103.wav,Neutral,44144,c93ec219152301457672f947532902e1d51dcc4e1c7019698a14a379666bd529
Neutral_104.wav,E:\PROJECT 33\PROJECT 33\backend\sample_datasets\audio_dataset\Neutral\Neutral_104.wav,Neutral,44144,c93ec219152301457672f947532902e1d51dcc4e1c7019698a14a379666bd529
Neutral_105.wav,E:\PROJECT 33\PROJECT 33\backend\sample_datasets\audio_dataset\Neutral\Neutral_105.wav,Neutral,44144,c93ec219152301457672f947532902e1d51dcc4e1c7019698a14a379666bd529
Neutral_106.wav,E:\PROJECT 33\PROJECT 33\backend\sample_datasets\audio_dataset\Neutral\Neutral_106.wav,Neutral,44144,c93ec219152301457672f947532902e1d51dcc4e1c7019698a14a379666bd529
Neutral_107.wav,E:\PROJECT 33\PROJECT 33\backend\sample_datasets\audio_dataset\Neutral\Neutral_107.wav,Neutral,44144,c93ec219152301457672f947532902e1d51dcc4e1c7019698a14a379666bd529
Neutral_108.wav,E:\PROJECT 33\PROJECT 33\backend\sample_datasets\audio_dataset\Neutral\Neutral_108.wav,Neutral,44144,c93ec219152301457672f947532902e1d51dcc4e1c7019698a14a379666bd529
Neutral_109.wav,E:\PROJECT 33\PROJECT 33\backend\sample_datasets\audio_dataset\Neutral\Neutral_109.wav,Neutral,44144,c93ec219152301457672f947532902e1d51dcc4e1c7019698a14a379666bd529
Neutral_110.wav,E:\PROJECT 33\PROJECT 33\backend\sample_datasets\audio_dataset\Neutral\Neutral_110.wav,Neutral,44144,c93ec219152301457672f947532902e1d51dcc4e1c7019698a14a379666bd529
Neutral_111.wav,E:\PROJECT 33\PROJECT 33\backend\sample_datasets\audio_dataset\Neutral\Neutral_111.wav,Neutral,44144,c93ec219152301457672f947532902e1d51dcc4e1c7019698a14a379666bd529
Neutral_112.wav,E:\PROJECT 33\PROJECT 33\backend\sample_datasets\audio_dataset\Neutral\Neutral_112.wav,Neutral,44144,c93ec219152301457672f947532902e1d51dcc4e1c7019698a14a379666bd529
Neutral_113.wav,E:\PROJECT 33\PROJECT 33\backend\sample_datasets\audio_dataset\Neutral\Neutral_113.wav,Neutral,44144,c93ec219152301457672f947532902e1d51dcc4e1c7019698a14a379666bd529
Neutral_114.wav,E:\PROJECT 33\PROJECT 33\backend\sample_datasets\audio_dataset\Neutral\Neutral_114.wav,Neutral,44144,c93ec219152301457672f947532902e1d51dcc4e1c7019698a14a379666bd529
Neutral_115.wav,E:\PROJECT 33\PROJECT 33\backend\sample_datasets\audio_dataset\Neutral\Neutral_115.wav,Neutral,44144,c93ec219152301457672f947532902e1d51dcc4e1c7019698a14a379666bd529
Neutral_116.wav,E:\PROJECT 33\PROJECT 33\backend\sample_datasets\audio_dataset\Neutral\Neutral_116.wav,Neutral,44144,c93ec219152301457672f947532902e1d51dcc4e1c7019698a14a379666bd529
Neutral_117.wav,E:\PROJECT 33\PROJECT 33\backend\sample_datasets\audio_dataset\Neutral\Neutral_117.wav,Neutral,44144,c93ec219152301457672f947532902e1d51dcc4e1c7019698a14a379666bd529
Neutral_118.wav,E:\PROJECT 33\PROJECT 33\backend\sample_datasets\audio_dataset\Neutral\Neutral_118.wav,Neutral,44144,c93ec219152301457672f947532902e1d51dcc4e1c7019698a14a379666bd529
Neutral_119.wav,E:\PROJECT 33\PROJECT 33\backend\sample_datasets\audio_dataset\Neutral\Neutral_119.wav,Neutral,44144,c93ec219152301457672f947532902e1d51dcc4e1c7019698a14a379666bd529
Neutral_120.wav,E:\PROJECT 33\PROJECT 33\backend\sample_datasets\audio_dataset\Neutral\Neutral_120.wav,Neutral,44144,c93ec219152301457672f947532902e1d51dcc4e1c7019698a14a379666bd529
Neutral_121.wav,E:\PROJECT 33\PROJECT 33\backend\sample_datasets\audio_dataset\Neutral\Neutral_121.wav,Neutral,44144,c93ec219152301457672f947532902e1d51dcc4e1c7019698a14a379666bd529
Neutral_122.wav,E:\PROJECT 33\PROJECT 33\backend\sample_datasets\audio_dataset\Neutral\Neutral_122.wav,Neutral,44144,c93ec219152301457672f947532902e1d51dcc4e1c7019698a14a379666bd529
Neutral_123.wav,E:\PROJECT 33\PROJECT 33\backend\sample_datasets\audio_dataset\Neutral\Neutral_123.wav,Neutral,44144,c93ec219152301457672f947532902e1d51dcc4e1c7019698a14a379666bd529
Neutral_124.wav,E:\PROJECT 33\PROJECT 33\backend\sample_datasets\audio_dataset\Neutral\Neutral_124.wav,Neutral,44144,c93ec219152301457672f947532902e1d51dcc4e1c7019698a14a379666bd529
Neutral_125.wav,E:\PROJECT 33\PROJECT 33\backend\sample_datasets\audio_dataset\Neutral\Neutral_125.wav,Neutral,44144,c93ec219152301457672f947532902e1d51dcc4e1c7019698a14a379666bd529
Neutral_126.wav,E:\PROJECT 33\PROJECT 33\backend\sample_datasets\audio_dataset\Neutral\Neutral_126.wav,Neutral,44144,c93ec219152301457672f947532902e1d51dcc4e1c7019698a14a379666bd529
Neutral_127.wav,E:\PROJECT 33\PROJECT 33\backend\sample_datasets\audio_dataset\Neutral\Neutral_127.wav,Neutral,44144,c93ec219152301457672f947532902e1d51dcc4e1c7019698a14a379666bd529
Neutral_128.wav,E:\PROJECT 33\PROJECT 33\backend\sample_datasets\audio_dataset\Neutral\Neutral_128.wav,Neutral,44144,c93ec219152301457672f947532902e1d51dcc4e1c7019698a14a379666bd529
Neutral_129.wav,E:\PROJECT 33\PROJECT 33\backend\sample_datasets\audio_dataset\Neutral\Neutral_129.wav,Neutral,44144,c93ec219152301457672f947532902e1d51dcc4e1c7019698a14a379666bd529
Neutral_130.wav,E:\PROJECT 33\PROJECT 33\backend\sample_datasets\audio_dataset\Neutral\Neutral_130.wav,Neutral,44144,c93ec219152301457672f947532902e1d51dcc4e1c7019698a14a379666bd529
Neutral_131.wav,E:\PROJECT 33\PROJECT 33\backend\sample_datasets\audio_dataset\Neutral\Neutral_131.wav,Neutral,44144,c93ec219152301457672f947532902e1d51dcc4e1c7019698a14a379666bd529
Neutral_132.wav,E:\PROJECT 33\PROJECT 33\backend\sample_datasets\audio_dataset\Neutral\Neutral_132.wav,Neutral,44144,c93ec219152301457672f947532902e1d51dcc4e1c7019698a14a379666bd529
Neutral_133.wav,E:\PROJECT 33\PROJECT 33\backend\sample_datasets\audio_dataset\Neutral\Neutral_133.wav,Neutral,44144,c93ec219152301457672f947532902e1d51dcc4e1c7019698a14a379666bd529
Neutral_134.wav,E:\PROJECT 33\PROJECT 33\backend\sample_datasets\audio_dataset\Neutral\Neutral_134.wav,Neutral,44144,c93ec219152301457672f947532902e1d51dcc4e1c7019698a14a379666bd529
Neutral_135.wav,E:\PROJECT 33\PROJECT 33\backend\sample_datasets\audio_dataset\Neutral\Neutral_135.wav,Neutral,44144,c93ec219152301457672f947532902e1d51dcc4e1c7019698a14a379666bd529
Neutral_136.wav,E:\PROJECT 33\PROJECT 33\backend\sample_datasets\audio_dataset\Neutral\Neutral_136.wav,Neutral,44144,c93ec219152301457672f947532902e1d51dcc4e1c7019698a14a379666bd529
Neutral_137.wav,E:\PROJECT 33\PROJECT 33\backend\sample_datasets\audio_dataset\Neutral\Neutral_137.wav,Neutral,44144,c93ec219152301457672f947532902e1d51dcc4e1c7019698a14a379666bd529
Neutral_138.wav,E:\PROJECT 33\PROJECT 33\backend\sample_datasets\audio_dataset\Neutral\Neutral_138.wav,Neutral,44144,c93ec219152301457672f947532902e1d51dcc4e1c7019698a14a379666bd529
Neutral_139.wav,E:\PROJECT 33\PROJECT 33\backend\sample_datasets\audio_dataset\Neutral\Neutral_139.wav,Neutral,44144,c93ec219152301457672f947532902e1d51dcc4e1c7019698a14a379666bd529
Neutral_140.wav,E:\PROJECT 33\PROJECT 33\backend\sample_datasets\audio_dataset\Neutral\Neutral_140.wav,Neutral,44144,c93ec219152301457672f947532902e1d51dcc4e1c7019698a14a379666bd529
Neutral_141.wav,E:\PROJECT 33\PROJECT 33\backend\sample_datasets\audio_dataset\Neutral\Neutral_141.wav,Neutral,44144,c93ec219152301457672f947532902e1d51dcc4e1c7019698a14a379666bd529
Neutral_142.wav,E:\PROJECT 33\PROJECT 33\backend\sample_datasets\audio_dataset\Neutral\Neutral_142.wav,Neutral,44144,c93ec219152301457672f947532902e1d51dcc4e1c7019698a14a379666bd529
Neutral_143.wav,E:\PROJECT 33\PROJECT 33\backend\sample_datasets\audio_dataset\Neutral\Neutral_143.wav,Neutral,44144,c93ec219152301457672f947532902e1d51dcc4e1c7019698a14a379666bd529
Neutral_144.wav,E:\PROJECT 33\PROJECT 33\backend\sample_datasets\audio_dataset\Neutral\Neutral_144.wav,Neutral,44144,c93ec219152301457672f947532902e1d51dcc4e1c7019698a14a379666bd529
Neutral_145.wav,E:\PROJECT 33\PROJECT 33\backend\sample_datasets\audio_dataset\Neutral\Neutral_145.wav,Neutral,44144,c93ec219152301457672f947532902e1d51dcc4e1c7019698a14a379666bd529
Neutral_146.wav,E:\PROJECT 33\PROJECT 33\backend\sample_datasets\audio_dataset\Neutral\Neutral_146.wav,Neutral,44144,c93ec219152301457672f947532902e1d51dcc4e1c7019698a14a379666bd529
Neutral_147.wav,E:\PROJECT 33\PROJECT 33\backend\sample_datasets\audio_dataset\Neutral\Neutral_147.wav,Neutral,44144,c93ec219152301457672f947532902e1d51dcc4e1c7019698a14a379666bd529
Neutral_148.wav,E:\PROJECT 33\PROJECT 33\backend\sample_datasets\audio_dataset\Neutral\Neutral_148.wav,Neutral,44144,c93ec219152301457672f947532902e1d51dcc4e1c7019698a14a379666bd529
Neutral_149.wav,E:\PROJECT 33\PROJECT 33\backend\sample_datasets\audio_dataset\Neutral\Neutral_149.wav,Neutral,44144,c93ec219152301457672f947532902e1d51dcc4e1c7019698a14a379666bd529
Neutral_150.wav,E:\PROJECT 33\PROJECT 33\backend\sample_datasets\audio_dataset\Neutral\Neutral_150.wav,Neutral,44144,c93ec219152301457672f947532902e1d51dcc4e1c7019698a14a379666bd529
Neutral_151.wav,E:\PROJECT 33\PROJECT 33\backend\sample_datasets\audio_dataset\Neutral\Neutral_151.wav,Neutral,44144,c93ec219152301457672f947532902e1d51dcc4e1c7019698a14a379666bd529
Neutral_152.wav,E:\PROJECT 33\PROJECT 33\backend\sample_datasets\audio_dataset\Neutral\Neutral_152.wav,Neutral,44144,c93ec219152301457672f947532902e1d51dcc4e1c7019698a14a379666bd529
Neutral_153.wav,E:\PROJECT 33\PROJECT 33\backend\sample_datasets\audio_dataset\Neutral\Neutral_153.wav,Neutral,44144,c93ec219152301457672f947532902e1d51dcc4e1c7019698a14a379666bd529
Neutral_154.wav,E:\PROJECT 33\PROJECT 33\backend\sample_datasets\audio_dataset\Neutral\Neutral_154.wav,Neutral,44144,c93ec219152301457672f947532902e1d51dcc4e1c7019698a14a379666bd529
Neutral_155.wav,E:\PROJECT 33\PROJECT 33\backend\sample_datasets\audio_dataset\Neutral\Neutral_155.wav,Neutral,44144,c93ec219152301457672f947532902e1d51dcc4e1c7019698a14a379666bd529
Neutral_156.wav,E:\PROJECT 33\PROJECT 33\backend\sample_datasets\audio_dataset\Neutral\Neutral_156.wav,Neutral,44144,c93ec219152301457672f947532902e1d51dcc4e1c7019698a14a379666bd529
Neutral_157.wav,E:\PROJECT 33\PROJECT 33\backend\sample_datasets\audio_dataset\Neutral\Neutral_157.wav,Neutral,44144,c93ec219152301457672f947532902e1d51dcc4e1c7019698a14a379666bd529
Neutral_158.wav,E:\PROJECT 33\PROJECT 33\backend\sample_datasets\audio_dataset\Neutral\Neutral_158.wav,Neutral,44144,c93ec219152301457672f947532902e1d51dcc4e1c7019698a14a379666bd529
Neutral_159.wav,E:\PROJECT 33\PROJECT 33\backend\sample_datasets\audio_dataset\Neutral\Neutral_159.wav,Neutral,44144,c93ec219152301457672f947532902e1d51dcc4e1c7019698a14a379666bd529
Neutral_160.wav,E:\PROJECT 33\PROJECT 33\backend\sample_datasets\audio_dataset\Neutral\Neutral_160.wav,Neutral,44144,c93ec219152301457672f947532902e1d51dcc4e1c7019698a14a379666bd529
Neutral_161.wav,E:\PROJECT 33\PROJECT 33\backend\sample_datasets\audio_dataset\Neutral\Neutral_161.wav,Neutral,44144,c93ec219152301457672f947532902e1d51dcc4e1c7019698a14a379666bd529
Neutral_162.wav,E:\PROJECT 33\PROJECT 33\backend\sample_datasets\audio_dataset\Neutral\Neutral_162.wav,Neutral,44144,c93ec219152301457672f947532902e1d51dcc4e1c7019698a14a379666bd529
Neutral_163.wav,E:\PROJECT 33\PROJECT 33\backend\sample_datasets\audio_dataset\Neutral\Neutral_163.wav,Neutral,44144,c93ec219152301457672f947532902e1d51dcc4e1c7019698a14a379666bd529
Neutral_164.wav,E:\PROJECT 33\PROJECT 33\backend\sample_datasets\audio_dataset\Neutral\Neutral_164.wav,Neutral,44144,c93ec219152301457672f947532902e1d51dcc4e1c7019698a14a379666bd529
Neutral_165.wav,E:\PROJECT 33\PROJECT 33\backend\sample_datasets\audio_dataset\Neutral\Neutral_165.wav,Neutral,44144,c93ec219152301457672f947532902e1d51dcc4e1c7019698a14a379666bd529
Neutral_166.wav,E:\PROJECT 33\PROJECT 33\backend\sample_datasets\audio_dataset\Neutral\Neutral_166.wav,Neutral,44144,c93ec219152301457672f947532902e1d51dcc4e1c7019698a14a379666bd529
Neutral_167.wav,E:\PROJECT 33\PROJECT 33\backend\sample_datasets\audio_dataset\Neutral\Neutral_167.wav,Neutral,44144,c93ec219152301457672f947532902e1d51dcc4e1c7019698a14a379666bd529
Neutral_168.wav,E:\PROJECT 33\PROJECT 33\backend\sample_datasets\audio_dataset\Neutral\Neutral_168.wav,Neutral,44144,c93ec219152301457672f947532902e1d51dcc4e1c7019698a14a379666bd529
Neutral_169.wav,E:\PROJECT 33\PROJECT 33\backend\sample_datasets\audio_dataset\Neutral\Neutral_169.wav,Neutral,44144,c93ec219152301457672f947532902e1d51dcc4e1c7019698a14a379666bd529
Neutral_170.wav,E:\PROJECT 33\PROJECT 33\backend\sample_datasets\audio_dataset\Neutral\Neutral_170.wav,Neutral,44144,c93ec219152301457672f947532902e1d51dcc4e1c7019698a14a379666bd529
Neutral_171.wav,E:\PROJECT 33\PROJECT 33\backend\sample_datasets\audio_dataset\Neutral\Neutral_171.wav,Neutral,44144,c93ec219152301457672f947532902e1d51dcc4e1c7019698a14a379666bd529
Neutral_172.wav,E:\PROJECT 33\PROJECT 33\backend\sample_datasets\audio_dataset\Neutral\Neutral_172.wav,Neutral,44144,c93ec219152301457672f947532902e1d51dcc4e1c7019698a14a379666bd529
Neutral_173.wav,E:\PROJECT 33\PROJECT 33\backend\sample_datasets\audio_dataset\Neutral\Neutral_173.wav,Neutral,44144,c93ec219152301457672f947532902e1d51dcc4e1c7019698a14a379666bd529
Neutral_174.wav,E:\PROJECT 33\PROJECT 33\backend\sample_datasets\audio_dataset\Neutral\Neutral_174.wav,Neutral,44144,c93ec219152301457672f947532902e1d51dcc4e1c7019698a14a379666bd529
Neutral_175.wav,E:\PROJECT 33\PROJECT 33\backend\sample_datasets\audio_dataset\Neutral\Neutral_175.wav,Neutral,44144,c93ec219152301457672f947532902e1d51dcc4e1c7019698a14a379666bd529
Neutral_176.wav,E:\PROJECT 33\PROJECT 33\backend\sample_datasets\audio_dataset\Neutral\Neutral_176.wav,Neutral,44144,c93ec219152301457672f947532902e1d51dcc4e1c7019698a14a379666bd529
Neutral_177.wav,E:\PROJECT 33\PROJECT 33\backend\sample_datasets\audio_dataset\Neutral\Neutral_177.wav,Neutral,44144,c93ec219152301457672f947532902e1d51dcc4e1c7019698a14a379666bd529
Neutral_178.wav,E:\PROJECT 33\PROJECT 33\backend\sample_datasets\audio_dataset\Neutral\Neutral_178.wav,Neutral,44144,c93ec219152301457672f947532902e1d51dcc4e1c7019698a14a379666bd529
Neutral_179.wav,E:\PROJECT 33\PROJECT 33\backend\sample_datasets\audio_dataset\Neutral\Neutral_179.wav,Neutral,44144,c93ec219152301457672f947532902e1d51dcc4e1c7019698a14a379666bd529
Neutral_180.wav,E:\PROJECT 33\PROJECT 33\backend\sample_datasets\audio_dataset\Neutral\Neutral_180.wav,Neutral,44144,c93ec219152301457672f947532902e1d51dcc4e1c7019698a14a379666bd529
Neutral_181.wav,E:\PROJECT 33\PROJECT 33\backend\sample_datasets\audio_dataset\Neutral\Neutral_181.wav,Neutral,44144,c93ec219152301457672f947532902e1d51dcc4e1c7019698a14a379666bd529
Neutral_182.wav,E:\PROJECT 33\PROJECT 33\backend\sample_datasets\audio_dataset\Neutral\Neutral_182.wav,Neutral,44144,c93ec219152301457672f947532902e1d51dcc4e1c7019698a14a379666bd529
Neutral_183.wav,E:\PROJECT 33\PROJECT 33\backend\sample_datasets\audio_dataset\Neutral\Neutral_183.wav,Neutral,44144,c93ec219152301457672f947532902e1d51dcc4e1c7019698a14a379666bd529
Neutral_184.wav,E:\PROJECT 33\PROJECT 33\backend\sample_datasets\audio_dataset\Neutral\Neutral_184.wav,Neutral,44144,c93ec219152301457672f947532902e1d51dcc4e1c7019698a14a379666bd529
Neutral_185.wav,E:\PROJECT 33\PROJECT 33\backend\sample_datasets\audio_dataset\Neutral\Neutral_185.wav,Neutral,44144,c93ec219152301457672f947532902e1d51dcc4e1c7019698a14a379666bd529
Neutral_186.wav,E:\PROJECT 33\PROJECT 33\backend\sample_datasets\audio_dataset\Neutral\Neutral_186.wav,Neutral,44144,c93ec219152301457672f947532902e1d51dcc4e1c7019698a14a379666bd529
Neutral_187.wav,E:\PROJECT 33\PROJECT 33\backend\sample_datasets\audio_dataset\Neutral\Neutral_187.wav,Neutral,44144,c93ec219152301457672f947532902e1d51dcc4e1c7019698a14a379666bd529
Neutral_188.wav,E:\PROJECT 33\PROJECT 33\backend\sample_datasets\audio_dataset\Neutral\Neutral_188.wav,Neutral,44144,c93ec219152301457672f947532902e1d51dcc4e1c7019698a14a379666bd529
Neutral_189.wav,E:\PROJECT 33\PROJECT 33\backend\sample_datasets\audio_dataset\Neutral\Neutral_189.wav,Neutral,44144,c93ec219152301457672f947532902e1d51dcc4e1c7019698a14a379666bd529
Neutral_190.wav,E:\PROJECT 33\PROJECT 33\backend\sample_datasets\audio_dataset\Neutral\Neutral_190.wav,Neutral,44144,c93ec219152301457672f947532902e1d51dcc4e1c7019698a14a379666bd529
Neutral_191.wav,E:\PROJECT 33\PROJECT 33\backend\sample_datasets\audio_dataset\Neutral\Neutral_191.wav,Neutral,44144,c93ec219152301457672f947532902e1d51dcc4e1c7019698a14a379666bd529
Neutral_192.wav,E:\PROJECT 33\PROJECT 33\backend\sample_datasets\audio_dataset\Neutral\Neutral_192.wav,Neutral,44144,c93ec219152301457672f947532902e1d51dcc4e1c7019698a14a379666bd529
Neutral_193.wav,E:\PROJECT 33\PROJECT 33\backend\sample_datasets\audio_dataset\Neutral\Neutral_193.wav,Neutral,44144,c93ec219152301457672f947532902e1d51dcc4e1c7019698a14a379666bd529
Neutral_194.wav,E:\PROJECT 33\PROJECT 33\backend\sample_datasets\audio_dataset\Neutral\Neutral_194.wav,Neutral,44144,c93ec219152301457672f947532902e1d51dcc4e1c7019698a14a379666bd529
Neutral_195.wav,E:\PROJECT 33\PROJECT 33\backend\sample_datasets\audio_dataset\Neutral\Neutral_195.wav,Neutral,44144,c93ec219152301457672f947532902e1d51dcc4e1c7019698a14a379666bd529
Neutral_196.wav,E:\PROJECT 33\PROJECT 33\backend\sample_datasets\audio_dataset\Neutral\Neutral_196.wav,Neutral,44144,c93ec219152301457672f947532902e1d51dcc4e1c7019698a14a379666bd529
Neutral_197.wav,E:\PROJECT 33\PROJECT 33\backend\sample_datasets\audio_dataset\Neutral\Neutral_197.wav,Neutral,44144,c93ec219152301457672f947532902e1d51dcc4e1c7019698a14a379666bd529
Neutral_198.wav,E:\PROJECT 33\PROJECT 33\backend\sample_datasets\audio_dataset\Neutral\Neutral_198.wav,Neutral,44144,c93ec219152301457672f947532902e1d51dcc4e1c7019698a14a379666bd529
Neutral_199.wav,E:\PROJECT 33\PROJECT 33\backend\sample_datasets\audio_dataset\Neutral\Neutral_199.wav,Neutral,44144,c93ec219152301457672f947532902e1d51dcc4e1c7019698a14a379666bd529
Neutral_200.wav,E:\PROJECT 33\PROJECT 33\backend\sample_datasets\audio_dataset\Neutral\Neutral_200.wav,Neutral,44144,c93ec219152301457672f947532902e1d51dcc4e1c7019698a14a379666bd529
Neutral_201.wav,E:\PROJECT 33\PROJECT 33\backend\sample_datasets\audio_dataset\Neutral\Neutral_201.wav,Neutral,44144,c93ec219152301457672f947532902e1d51dcc4e1c7019698a14a379666bd529
Neutral_202.wav,E:\PROJECT 33\PROJECT 33\backend\sample_datasets\audio_dataset\Neutral\Neutral_202.wav,Neutral,44144,c93ec219152301457672f947532902e1d51dcc4e1c7019698a14a379666bd529
Neutral_203.wav,E:\PROJECT 33\PROJECT 33\backend\sample_datasets\audio_dataset\Neutral\Neutral_203.wav,Neutral,44144,c93ec219152301457672f947532902e1d51dcc4e1c7019698a14a379666bd529
Neutral_204.wav,E:\PROJECT 33\PROJECT 33\backend\sample_datasets\audio_dataset\Neutral\Neutral_204.wav,Neutral,44144,c93ec219152301457672f947532902e1d51dcc4e1c7019698a14a379666bd529
Neutral_205.wav,E:\PROJECT 33\PROJECT 33\backend\sample_datasets\audio_dataset\Neutral\Neutral_205.wav,Neutral,44144,c93ec219152301457672f947532902e1d51dcc4e1c7019698a14a379666bd529
Neutral_206.wav,E:\PROJECT 33\PROJECT 33\backend\sample_datasets\audio_dataset\Neutral\Neutral_206.wav,Neutral,44144,c93ec219152301457672f947532902e1d51dcc4e1c7019698a14a379666bd529
Neutral_207.wav,E:\PROJECT 33\PROJECT 33\backend\sample_datasets\audio_dataset\Neutral\Neutral_207.wav,Neutral,44144,c93ec219152301457672f947532902e1d51dcc4e1c7019698a14a379666bd529
Neutral_208.wav,E:\PROJECT 33\PROJECT 33\backend\sample_datasets\audio_dataset\Neutral\Neutral_208.wav,Neutral,44144,c93ec219152301457672f947532902e1d51dcc4e1c7019698a14a379666bd529
Neutral_209.wav,E:\PROJECT 33\PROJECT 33\backend\sample_datasets\audio_dataset\Neutral\Neutral_209.wav,Neutral,44144,c93ec219152301457672f947532902e1d51dcc4e1c7019698a14a379666bd529
Neutral_210.wav,E:\PROJECT 33\PROJECT 33\backend\sample_datasets\audio_dataset\Neutral\Neutral_210.wav,Neutral,44144,c93ec219152301457672f947532902e1d51dcc4e1c7019698a14a379666bd529
Neutral_211.wav,E:\PROJECT 33\PROJECT 33\backend\sample_datasets\audio_dataset\Neutral\Neutral_211.wav,Neutral,44144,c93ec219152301457672f947532902e1d51dcc4e1c7019698a14a379666bd529
Neutral_212.wav,E:\PROJECT 33\PROJECT 33\backend\sample_datasets\audio_dataset\Neutral\Neutral_212.wav,Neutral,44144,c93ec219152301457672f947532902e1d51dcc4e1c7019698a14a379666bd529
Neutral_213.wav,E:\PROJECT 33\PROJECT 33\backend\sample_datasets\audio_dataset\Neutral\Neutral_213.wav,Neutral,44144,c93ec219152301457672f947532902e1d51dcc4e1c7019698a14a379666bd529
Neutral_214.wav,E:\PROJECT 33\PROJECT 33\backend\sample_datasets\audio_dataset\Neutral\Neutral_214.wav,Neutral,44144,c93ec219152301457672f947532902e1d51dcc4e1c7019698a14a379666bd529
Neutral_215.wav,E:\PROJECT 33\PROJECT 33\backend\sample_datasets\audio_dataset\Neutral\Neutral_215.wav,Neutral,44144,c93ec219152301457672f947532902e1d51dcc4e1c7019698a14a379666bd529
Neutral_216.wav,E:\PROJECT 33\PROJECT 33\backend\sample_datasets\audio_dataset\Neutral\Neutral_216.wav,Neutral,44144,c93ec219152301457672f947532902e1d51dcc4e1c7019698a14a379666bd529
Neutral_217.wav,E:\PROJECT 33\PROJECT 33\backend\sample_datasets\audio_dataset\Neutral\Neutral_217.wav,Neutral,44144,c93ec219152301457672f947532902e1d51dcc4e1c7019698a14a379666bd529
Neutral_218.wav,E:\PROJECT 33\PROJECT 33\backend\sample_datasets\audio_dataset\Neutral\Neutral_218.wav,Neutral,44144,c93ec219152301457672f947532902e1d51dcc4e1c7019698a14a379666bd529
Neutral_219.wav,E:\PROJECT 33\PROJECT 33\backend\sample_datasets\audio_dataset\Neutral\Neutral_219.wav,Neutral,44144,c93ec219152301457672f947532902e1d51dcc4e1c7019698a14a379666bd529
Neutral_220.wav,E:\PROJECT 33\PROJECT 33\backend\sample_datasets\audio_dataset\Neutral\Neutral_220.wav,Neutral,44144,c93ec219152301457672f947532902e1d51dcc4e1c7019698a14a379666bd529
Neutral_221.wav,E:\PROJECT 33\PROJECT 33\backend\sample_datasets\audio_dataset\Neutral\Neutral_221.wav,Neutral,44144,c93ec219152301457672f947532902e1d51dcc4e1c7019698a14a379666bd529
Neutral_222.wav,E:\PROJECT 33\PROJECT 33\backend\sample_datasets\audio_dataset\Neutral\Neutral_222.wav,Neutral,44144,c93ec219152301457672f947532902e1d51dcc4e1c7019698a14a379666bd529
Neutral_223.wav,E:\PROJECT 33\PROJECT 33\backend\sample_datasets\audio_dataset\Neutral\Neutral_223.wav,Neutral,44144,c93ec219152301457672f947532902e1d51dcc4e1c7019698a14a379666bd529
Neutral_224.wav,E:\PROJECT 33\PROJECT 33\backend\sample_datasets\audio_dataset\Neutral\Neutral_224.wav,Neutral,44144,c93ec219152301457672f947532902e1d51dcc4e1c7019698a14a379666bd529
Neutral_225.wav,E:\PROJECT 33\PROJECT 33\backend\sample_datasets\audio_dataset\Neutral\Neutral_225.wav,Neutral,44144,c93ec219152301457672f947532902e1d51dcc4e1c7019698a14a379666bd529
Neutral_226.wav,E:\PROJECT 33\PROJECT 33\backend\sample_datasets\audio_dataset\Neutral\Neutral_226.wav,Neutral,44144,c93ec219152301457672f947532902e1d51dcc4e1c7019698a14a379666bd529
Neutral_227.wav,E:\PROJECT 33\PROJECT 33\backend\sample_datasets\audio_dataset\Neutral\Neutral_227.wav,Neutral,44144,c93ec219152301457672f947532902e1d51dcc4e1c7019698a14a379666bd529
Neutral_228.wav,E:\PROJECT 33\PROJECT 33\backend\sample_datasets\audio_dataset\Neutral\Neutral_228.wav,Neutral,44144,c93ec219152301457672f947532902e1d51dcc4e1c7019698a14a379666bd529
Neutral_229.wav,E:\PROJECT 33\PROJECT 33\backend\sample_datasets\audio_dataset\Neutral\Neutral_229.wav,Neutral,44144,c93ec219152301457672f947532902e1d51dcc4e1c7019698a14a379666bd529
Neutral_230.wav,E:\PROJECT 33\PROJECT 33\backend\sample_datasets\audio_dataset\Neutral\Neutral_230.wav,Neutral,44144,c93ec219152301457672f947532902e1d51dcc4e1c7019698a14a379666bd529
Neutral_231.wav,E:\PROJECT 33\PROJECT 33\backend\sample_datasets\audio_dataset\Neutral\Neutral_231.wav,Neutral,44144,c93ec219152301457672f947532902e1d51dcc4e1c7019698a14a379666bd529
Neutral_232.wav,E:\PROJECT 33\PROJECT 33\backend\sample_datasets\audio_dataset\Neutral\Neutral_232.wav,Neutral,44144,c93ec219152301457672f947532902e1d51dcc4e1c7019698a14a379666bd529
Neutral_233.wav,E:\PROJECT 33\PROJECT 33\backend\sample_datasets\audio_dataset\Neutral\Neutral_233.wav,Neutral,44144,c93ec219152301457672f947532902e1d51dcc4e1c7019698a14a379666bd529
Neutral_234.wav,E:\PROJECT 33\PROJECT 33\backend\sample_datasets\audio_dataset\Neutral\Neutral_234.wav,Neutral,44144,c93ec219152301457672f947532902e1d51dcc4e1c7019698a14a379666bd529
Neutral_235.wav,E:\PROJECT 33\PROJECT 33\backend\sample_datasets\audio_dataset\Neutral\Neutral_235.wav,Neutral,44144,c93ec219152301457672f947532902e1d51dcc4e1c7019698a14a379666bd529
Neutral_236.wav,E:\PROJECT 33\PROJECT 33\backend\sample_datasets\audio_dataset\Neutral\Neutral_236.wav,Neutral,44144,c93ec219152301457672f947532902e1d51dcc4e1c7019698a14a379666bd529
Neutral_237.wav,E:\PROJECT 33\PROJECT 33\backend\sample_datasets\audio_dataset\Neutral\Neutral_237.wav,Neutral,44144,c93ec219152301457672f947532902e1d51dcc4e1c7019698a14a379666bd529
Neutral_238.wav,E:\PROJECT 33\PROJECT 33\backend\sample_datasets\audio_dataset\Neutral\Neutral_238.wav,Neutral,44144,c93ec219152301457672f947532902e1d51dcc4e1c7019698a14a379666bd529
Neutral_239.wav,E:\PROJECT 33\PROJECT 33\backend\sample_datasets\audio_dataset\Neutral\Neutral_239.wav,Neutral,44144,c93ec219152301457672f947532902e1d51dcc4e1c7019698a14a379666bd529
Neutral_240.wav,E:\PROJECT 33\PROJECT 33\backend\sample_datasets\audio_dataset\Neutral\Neutral_240.wav,Neutral,44144,c93ec219152301457672f947532902e1d51dcc4e1c7019698a14a379666bd529
Neutral_241.wav,E:\PROJECT 33\PROJECT 33\backend\sample_datasets\audio_dataset\Neutral\Neutral_241.wav,Neutral,44144,c93ec219152301457672f947532902e1d51dcc4e1c7019698a14a379666bd529
Neutral_242.wav,E:\PROJECT 33\PROJECT 33\backend\sample_datasets\audio_dataset\Neutral\Neutral_242.wav,Neutral,44144,c93ec219152301457672f947532902e1d51dcc4e1c7019698a14a379666bd529
Neutral_243.wav,E:\PROJECT 33\PROJECT 33\backend\sample_datasets\audio_dataset\Neutral\Neutral_243.wav,Neutral,44144,c93ec219152301457672f947532902e1d51dcc4e1c7019698a14a379666bd529
Neutral_244.wav,E:\PROJECT 33\PROJECT 33\backend\sample_datasets\audio_dataset\Neutral\Neutral_244.wav,Neutral,44144,c93ec219152301457672f947532902e1d51dcc4e1c7019698a14a379666bd529
Neutral_245.wav,E:\PROJECT 33\PROJECT 33\backend\sample_datasets\audio_dataset\Neutral\Neutral_245.wav,Neutral,44144,c93ec219152301457672f947532902e1d51dcc4e1c7019698a14a379666bd529
Neutral_246.wav,E:\PROJECT 33\PROJECT 33\backend\sample_datasets\audio_dataset\Neutral\Neutral_246.wav,Neutral,44144,c93ec219152301457672f947532902e1d51dcc4e1c7019698a14a379666bd529
Neutral_247.wav,E:\PROJECT 33\PROJECT 33\backend\sample_datasets\audio_dataset\Neutral\Neutral_247.wav,Neutral,44144,c93ec219152301457672f947532902e1d51dcc4e1c7019698a14a379666bd529
Neutral_248.wav,E:\PROJECT 33\PROJECT 33\backend\sample_datasets\audio_dataset\Neutral\Neutral_248.wav,Neutral,44144,c93ec219152301457672f947532902e1d51dcc4e1c7019698a14a379666bd529
Neutral_249.wav,E:\PROJECT 33\PROJECT 33\backend\sample_datasets\audio_dataset\Neutral\Neutral_249.wav,Neutral,44144,c93ec219152301457672f947532902e1d51dcc4e1c7019698a14a379666bd529
Sad_000.wav,E:\PROJECT 33\PROJECT 33\backend\sample_datasets\audio_dataset\Sad\Sad_000.wav,Sad,44144,c2b1cb6f73f3afd02b2d6ed392ff07ca07b69e64a8f30759ea6bb9c1caa6339f
Sad_001.wav,E:\PROJECT 33\PROJECT 33\backend\sample_datasets\audio_dataset\Sad\Sad_001.wav,Sad,44144,c2b1cb6f73f3afd02b2d6ed392ff07ca07b69e64a8f30759ea6bb9c1caa6339f
Sad_002.wav,E:\PROJECT 33\PROJECT 33\backend\sample_datasets\audio_dataset\Sad\Sad_002.wav,Sad,44144,c2b1cb6f73f3afd02b2d6ed392ff07ca07b69e64a8f30759ea6bb9c1caa6339f
Sad_003.wav,E:\PROJECT 33\PROJECT 33\backend\sample_datasets\audio_dataset\Sad\Sad_003.wav,Sad,44144,c2b1cb6f73f3afd02b2d6ed392ff07ca07b69e64a8f30759ea6bb9c1caa6339f
Sad_004.wav,E:\PROJECT 33\PROJECT 33\backend\sample_datasets\audio_dataset\Sad\Sad_004.wav,Sad,44144,c2b1cb6f73f3afd02b2d6ed392ff07ca07b69e64a8f30759ea6bb9c1caa6339f
Sad_005.wav,E:\PROJECT 33\PROJECT 33\backend\sample_datasets\audio_dataset\Sad\Sad_005.wav,Sad,44144,c2b1cb6f73f3afd02b2d6ed392ff07ca07b69e64a8f30759ea6bb9c1caa6339f
Sad_006.wav,E:\PROJECT 33\PROJECT 33\backend\sample_datasets\audio_dataset\Sad\Sad_006.wav,Sad,44144,c2b1cb6f73f3afd02b2d6ed392ff07ca07b69e64a8f30759ea6bb9c1caa6339f
Sad_007.wav,E:\PROJECT 33\PROJECT 33\backend\sample_datasets\audio_dataset\Sad\Sad_007.wav,Sad,44144,c2b1cb6f73f3afd02b2d6ed392ff07ca07b69e64a8f30759ea6bb9c1caa6339f
Sad_008.wav,E:\PROJECT 33\PROJECT 33\backend\sample_datasets\audio_dataset\Sad\Sad_008.wav,Sad,44144,c2b1cb6f73f3afd02b2d6ed392ff07ca07b69e64a8f30759ea6bb9c1caa6339f
Sad_009.wav,E:\PROJECT 33\PROJECT 33\backend\sample_datasets\audio_dataset\Sad\Sad_009.wav,Sad,44144,c2b1cb6f73f3afd02b2d6ed392ff07ca07b69e64a8f30759ea6bb9c1caa6339f
Sad_010.wav,E:\PROJECT 33\PROJECT 33\backend\sample_datasets\audio_dataset\Sad\Sad_010.wav,Sad,44144,c2b1cb6f73f3afd02b2d6ed392ff07ca07b69e64a8f30759ea6bb9c1caa6339f
Sad_011.wav,E:\PROJECT 33\PROJECT 33\backend\sample_datasets\audio_dataset\Sad\Sad_011.wav,Sad,44144,c2b1cb6f73f3afd02b2d6ed392ff07ca07b69e64a8f30759ea6bb9c1caa6339f
Sad_012.wav,E:\PROJECT 33\PROJECT 33\backend\sample_datasets\audio_dataset\Sad\Sad_012.wav,Sad,44144,c2b1cb6f73f3afd02b2d6ed392ff07ca07b69e64a8f30759ea6bb9c1caa6339f
Sad_013.wav,E:\PROJECT 33\PROJECT 33\backend\sample_datasets\audio_dataset\Sad\Sad_013.wav,Sad,44144,c2b1cb6f73f3afd02b2d6ed392ff07ca07b69e64a8f30759ea6bb9c1caa6339f
Sad_014.wav,E:\PROJECT 33\PROJECT 33\backend\sample_datasets\audio_dataset\Sad\Sad_014.wav,Sad,44144,c2b1cb6f73f3afd02b2d6ed392ff07ca07b69e64a8f30759ea6bb9c1caa6339f
Sad_015.wav,E:\PROJECT 33\PROJECT 33\backend\sample_datasets\audio_dataset\Sad\Sad_015.wav,Sad,44144,c2b1cb6f73f3afd02b2d6ed392ff07ca07b69e64a8f30759ea6bb9c1caa6339f
Sad_016.wav,E:\PROJECT 33\PROJECT 33\backend\sample_datasets\audio_dataset\Sad\Sad_016.wav,Sad,44144,c2b1cb6f73f3afd02b2d6ed392ff07ca07b69e64a8f30759ea6bb9c1caa6339f
Sad_017.wav,E:\PROJECT 33\PROJECT 33\backend\sample_datasets\audio_dataset\Sad\Sad_017.wav,Sad,44144,c2b1cb6f73f3afd02b2d6ed392ff07ca07b69e64a8f30759ea6bb9c1caa6339f
Sad_018.wav,E:\PROJECT 33\PROJECT 33\backend\sample_datasets\audio_dataset\Sad\Sad_018.wav,Sad,44144,c2b1cb6f73f3afd02b2d6ed392ff07ca07b69e64a8f30759ea6bb9c1caa6339f
Sad_019.wav,E:\PROJECT 33\PROJECT 33\backend\sample_datasets\audio_dataset\Sad\Sad_019.wav,Sad,44144,c2b1cb6f73f3afd02b2d6ed392ff07ca07b69e64a8f30759ea6bb9c1caa6339f
Sad_020.wav,E:\PROJECT 33\PROJECT 33\backend\sample_datasets\audio_dataset\Sad\Sad_020.wav,Sad,44144,c2b1cb6f73f3afd02b2d6ed392ff07ca07b69e64a8f30759ea6bb9c1caa6339f
Sad_021.wav,E:\PROJECT 33\PROJECT 33\backend\sample_datasets\audio_dataset\Sad\Sad_021.wav,Sad,44144,c2b1cb6f73f3afd02b2d6ed392ff07ca07b69e64a8f30759ea6bb9c1caa6339f
Sad_022.wav,E:\PROJECT 33\PROJECT 33\backend\sample_datasets\audio_dataset\Sad\Sad_022.wav,Sad,44144,c2b1cb6f73f3afd02b2d6ed392ff07ca07b69e64a8f30759ea6bb9c1caa6339f
Sad_023.wav,E:\PROJECT 33\PROJECT 33\backend\sample_datasets\audio_dataset\Sad\Sad_023.wav,Sad,44144,c2b1cb6f73f3afd02b2d6ed392ff07ca07b69e64a8f30759ea6bb9c1caa6339f
Sad_024.wav,E:\PROJECT 33\PROJECT 33\backend\sample_datasets\audio_dataset\Sad\Sad_024.wav,Sad,44144,c2b1cb6f73f3afd02b2d6ed392ff07ca07b69e64a8f30759ea6bb9c1caa6339f
Sad_025.wav,E:\PROJECT 33\PROJECT 33\backend\sample_datasets\audio_dataset\Sad\Sad_025.wav,Sad,44144,c2b1cb6f73f3afd02b2d6ed392ff07ca07b69e64a8f30759ea6bb9c1caa6339f
Sad_026.wav,E:\PROJECT 33\PROJECT 33\backend\sample_datasets\audio_dataset\Sad\Sad_026.wav,Sad,44144,c2b1cb6f73f3afd02b2d6ed392ff07ca07b69e64a8f30759ea6bb9c1caa6339f
Sad_027.wav,E:\PROJECT 33\PROJECT 33\backend\sample_datasets\audio_dataset\Sad\Sad_027.wav,Sad,44144,c2b1cb6f73f3afd02b2d6ed392ff07ca07b69e64a8f30759ea6bb9c1caa6339f
Sad_028.wav,E:\PROJECT 33\PROJECT 33\backend\sample_datasets\audio_dataset\Sad\Sad_028.wav,Sad,44144,c2b1cb6f73f3afd02b2d6ed392ff07ca07b69e64a8f30759ea6bb9c1caa6339f
Sad_029.wav,E:\PROJECT 33\PROJECT 33\backend\sample_datasets\audio_dataset\Sad\Sad_029.wav,Sad,44144,c2b1cb6f73f3afd02b2d6ed392ff07ca07b69e64a8f30759ea6bb9c1caa6339f
Sad_030.wav,E:\PROJECT 33\PROJECT 33\backend\sample_datasets\audio_dataset\Sad\Sad_030.wav,Sad,44144,c2b1cb6f73f3afd02b2d6ed392ff07ca07b69e64a8f30759ea6bb9c1caa6339f
Sad_031.wav,E:\PROJECT 33\PROJECT 33\backend\sample_datasets\audio_dataset\Sad\Sad_031.wav,Sad,44144,c2b1cb6f73f3afd02b2d6ed392ff07ca07b69e64a8f30759ea6bb9c1caa6339f
Sad_032.wav,E:\PROJECT 33\PROJECT 33\backend\sample_datasets\audio_dataset\Sad\Sad_032.wav,Sad,44144,c2b1cb6f73f3afd02b2d6ed392ff07ca07b69e64a8f30759ea6bb9c1caa6339f
Sad_033.wav,E:\PROJECT 33\PROJECT 33\backend\sample_datasets\audio_dataset\Sad\Sad_033.wav,Sad,44144,c2b1cb6f73f3afd02b2d6ed392ff07ca07b69e64a8f30759ea6bb9c1caa6339f
Sad_034.wav,E:\PROJECT 33\PROJECT 33\backend\sample_datasets\audio_dataset\Sad\Sad_034.wav,Sad,44144,c2b1cb6f73f3afd02b2d6ed392ff07ca07b69e64a8f30759ea6bb9c1caa6339f
Sad_035.wav,E:\PROJECT 33\PROJECT 33\backend\sample_datasets\audio_dataset\Sad\Sad_035.wav,Sad,44144,c2b1cb6f73f3afd02b2d6ed392ff07ca07b69e64a8f30759ea6bb9c1caa6339f
Sad_036.wav,E:\PROJECT 33\PROJECT 33\backend\sample_datasets\audio_dataset\Sad\Sad_036.wav,Sad,44144,c2b1cb6f73f3afd02b2d6ed392ff07ca07b69e64a8f30759ea6bb9c1caa6339f
Sad_037.wav,E:\PROJECT 33\PROJECT 33\backend\sample_datasets\audio_dataset\Sad\Sad_037.wav,Sad,44144,c2b1cb6f73f3afd02b2d6ed392ff07ca07b69e64a8f30759ea6bb9c1caa6339f
Sad_038.wav,E:\PROJECT 33\PROJECT 33\backend\sample_datasets\audio_dataset\Sad\Sad_038.wav,Sad,44144,c2b1cb6f73f3afd02b2d6ed392ff07ca07b69e64a8f30759ea6bb9c1caa6339f
Sad_039.wav,E:\PROJECT 33\PROJECT 33\backend\sample_datasets\audio_dataset\Sad\Sad_039.wav,Sad,44144,c2b1cb6f73f3afd02b2d6ed392ff07ca07b69e64a8f30759ea6bb9c1caa6339f
Sad_040.wav,E:\PROJECT 33\PROJECT 33\backend\sample_datasets\audio_dataset\Sad\Sad_040.wav,Sad,44144,c2b1cb6f73f3afd02b2d6ed392ff07ca07b69e64a8f30759ea6bb9c1caa6339f
Sad_041.wav,E:\PROJECT 33\PROJECT 33\backend\sample_datasets\audio_dataset\Sad\Sad_041.wav,Sad,44144,c2b1cb6f73f3afd02b2d6ed392ff07ca07b69e64a8f30759ea6bb9c1caa6339f
Sad_042.wav,E:\PROJECT 33\PROJECT 33\backend\sample_datasets\audio_dataset\Sad\Sad_042.wav,Sad,44144,c2b1cb6f73f3afd02b2d6ed392ff07ca07b69e64a8f30759ea6bb9c1caa6339f
Sad_043.wav,E:\PROJECT 33\PROJECT 33\backend\sample_datasets\audio_dataset\Sad\Sad_043.wav,Sad,44144,c2b1cb6f73f3afd02b2d6ed392ff07ca07b69e64a8f30759ea6bb9c1caa6339f
Sad_044.wav,E:\PROJECT 33\PROJECT 33\backend\sample_datasets\audio_dataset\Sad\Sad_044.wav,Sad,44144,c2b1cb6f73f3afd02b2d6ed392ff07ca07b69e64a8f30759ea6bb9c1caa6339f
Sad_045.wav,E:\PROJECT 33\PROJECT 33\backend\sample_datasets\audio_dataset\Sad\Sad_045.wav,Sad,44144,c2b1cb6f73f3afd02b2d6ed392ff07ca07b69e64a8f30759ea6bb9c1caa6339f
Sad_046.wav,E:\PROJECT 33\PROJECT 33\backend\sample_datasets\audio_dataset\Sad\Sad_046.wav,Sad,44144,c2b1cb6f73f3afd02b2d6ed392ff07ca07b69e64a8f30759ea6bb9c1caa6339f
Sad_047.wav,E:\PROJECT 33\PROJECT 33\backend\sample_datasets\audio_dataset\Sad\Sad_047.wav,Sad,44144,c2b1cb6f73f3afd02b2d6ed392ff07ca07b69e64a8f30759ea6bb9c1caa6339f
Sad_048.wav,E:\PROJECT 33\PROJECT 33\backend\sample_datasets\audio_dataset\Sad\Sad_048.wav,Sad,44144,c2b1cb6f73f3afd02b2d6ed392ff07ca07b69e64a8f30759ea6bb9c1caa6339f
Sad_049.wav,E:\PROJECT 33\PROJECT 33\backend\sample_datasets\audio_dataset\Sad\Sad_049.wav,Sad,44144,c2b1cb6f73f3afd02b2d6ed392ff07ca07b69e64a8f30759ea6bb9c1caa6339f
Sad_050.wav,E:\PROJECT 33\PROJECT 33\backend\sample_datasets\audio_dataset\Sad\Sad_050.wav,Sad,44144,c2b1cb6f73f3afd02b2d6ed392ff07ca07b69e64a8f30759ea6bb9c1caa6339f
Sad_051.wav,E:\PROJECT 33\PROJECT 33\backend\sample_datasets\audio_dataset\Sad\Sad_051.wav,Sad,44144,c2b1cb6f73f3afd02b2d6ed392ff07ca07b69e64a8f30759ea6bb9c1caa6339f
Sad_052.wav,E:\PROJECT 33\PROJECT 33\backend\sample_datasets\audio_dataset\Sad\Sad_052.wav,Sad,44144,c2b1cb6f73f3afd02b2d6ed392ff07ca07b69e64a8f30759ea6bb9c1caa6339f
Sad_053.wav,E:\PROJECT 33\PROJECT 33\backend\sample_datasets\audio_dataset\Sad\Sad_053.wav,Sad,44144,c2b1cb6f73f3afd02b2d6ed392ff07ca07b69e64a8f30759ea6bb9c1caa6339f
Sad_054.wav,E:\PROJECT 33\PROJECT 33\backend\sample_datasets\audio_dataset\Sad\Sad_054.wav,Sad,44144,c2b1cb6f73f3afd02b2d6ed392ff07ca07b69e64a8f30759ea6bb9c1caa6339f
Sad_055.wav,E:\PROJECT 33\PROJECT 33\backend\sample_datasets\audio_dataset\Sad\Sad_055.wav,Sad,44144,c2b1cb6f73f3afd02b2d6ed392ff07ca07b69e64a8f30759ea6bb9c1caa6339f
Sad_056.wav,E:\PROJECT 33\PROJECT 33\backend\sample_datasets\audio_dataset\Sad\Sad_056.wav,Sad,44144,c2b1cb6f73f3afd02b2d6ed392ff07ca07b69e64a8f30759ea6bb9c1caa6339f
Sad_057.wav,E:\PROJECT 33\PROJECT 33\backend\sample_datasets\audio_dataset\Sad\Sad_057.wav,Sad,44144,c2b1cb6f73f3afd02b2d6ed392ff07ca07b69e64a8f30759ea6bb9c1caa6339f
Sad_058.wav,E:\PROJECT 33\PROJECT 33\backend\sample_datasets\audio_dataset\Sad\Sad_058.wav,Sad,44144,c2b1cb6f73f3afd02b2d6ed392ff07ca07b69e64a8f30759ea6bb9c1caa6339f
Sad_059.wav,E:\PROJECT 33\PROJECT 33\backend\sample_datasets\audio_dataset\Sad\Sad_059.wav,Sad,44144,c2b1cb6f73f3afd02b2d6ed392ff07ca07b69e64a8f30759ea6bb9c1caa6339f
Sad_060.wav,E:\PROJECT 33\PROJECT 33\backend\sample_datasets\audio_dataset\Sad\Sad_060.wav,Sad,44144,c2b1cb6f73f3afd02b2d6ed392ff07ca07b69e64a8f30759ea6bb9c1caa6339f
Sad_061.wav,E:\PROJECT 33\PROJECT 33\backend\sample_datasets\audio_dataset\Sad\Sad_061.wav,Sad,44144,c2b1cb6f73f3afd02b2d6ed392ff07ca07b69e64a8f30759ea6bb9c1caa6339f
Sad_062.wav,E:\PROJECT 33\PROJECT 33\backend\sample_datasets\audio_dataset\Sad\Sad_062.wav,Sad,44144,c2b1cb6f73f3afd02b2d6ed392ff07ca07b69e64a8f30759ea6bb9c1caa6339f
Sad_063.wav,E:\PROJECT 33\PROJECT 33\backend\sample_datasets\audio_dataset\Sad\Sad_063.wav,Sad,44144,c2b1cb6f73f3afd02b2d6ed392ff07ca07b69e64a8f30759ea6bb9c1caa6339f
Sad_064.wav,E:\PROJECT 33\PROJECT 33\backend\sample_datasets\audio_dataset\Sad\Sad_064.wav,Sad,44144,c2b1cb6f73f3afd02b2d6ed392ff07ca07b69e64a8f30759ea6bb9c1caa6339f
Sad_065.wav,E:\PROJECT 33\PROJECT 33\backend\sample_datasets\audio_dataset\Sad\Sad_065.wav,Sad,44144,c2b1cb6f73f3afd02b2d6ed392ff07ca07b69e64a8f30759ea6bb9c1caa6339f
Sad_066.wav,E:\PROJECT 33\PROJECT 33\backend\sample_datasets\audio_dataset\Sad\Sad_066.wav,Sad,44144,c2b1cb6f73f3afd02b2d6ed392ff07ca07b69e64a8f30759ea6bb9c1caa6339f
Sad_067.wav,E:\PROJECT 33\PROJECT 33\backend\sample_datasets\audio_dataset\Sad\Sad_067.wav,Sad,44144,c2b1cb6f73f3afd02b2d6ed392ff07ca07b69e64a8f30759ea6bb9c1caa6339f
Sad_068.wav,E:\PROJECT 33\PROJECT 33\backend\sample_datasets\audio_dataset\Sad\Sad_068.wav,Sad,44144,c2b1cb6f73f3afd02b2d6ed392ff07ca07b69e64a8f30759ea6bb9c1caa6339f
Sad_069.wav,E:\PROJECT 33\PROJECT 33\backend\sample_datasets\audio_dataset\Sad\Sad_069.wav,Sad,44144,c2b1cb6f73f3afd02b2d6ed392ff07ca07b69e64a8f30759ea6bb9c1caa6339f
Sad_070.wav,E:\PROJECT 33\PROJECT 33\backend\sample_datasets\audio_dataset\Sad\Sad_070.wav,Sad,44144,c2b1cb6f73f3afd02b2d6ed392ff07ca07b69e64a8f30759ea6bb9c1caa6339f
Sad_071.wav,E:\PROJECT 33\PROJECT 33\backend\sample_datasets\audio_dataset\Sad\Sad_071.wav,Sad,44144,c2b1cb6f73f3afd02b2d6ed392ff07ca07b69e64a8f30759ea6bb9c1caa6339f
Sad_072.wav,E:\PROJECT 33\PROJECT 33\backend\sample_datasets\audio_dataset\Sad\Sad_072.wav,Sad,44144,c2b1cb6f73f3afd02b2d6ed392ff07ca07b69e64a8f30759ea6bb9c1caa6339f
Sad_073.wav,E:\PROJECT 33\PROJECT 33\backend\sample_datasets\audio_dataset\Sad\Sad_073.wav,Sad,44144,c2b1cb6f73f3afd02b2d6ed392ff07ca07b69e64a8f30759ea6bb9c1caa6339f
Sad_074.wav,E:\PROJECT 33\PROJECT 33\backend\sample_datasets\audio_dataset\Sad\Sad_074.wav,Sad,44144,c2b1cb6f73f3afd02b2d6ed392ff07ca07b69e64a8f30759ea6bb9c1caa6339f
Sad_075.wav,E:\PROJECT 33\PROJECT 33\backend\sample_datasets\audio_dataset\Sad\Sad_075.wav,Sad,44144,c2b1cb6f73f3afd02b2d6ed392ff07ca07b69e64a8f30759ea6bb9c1caa6339f
Sad_076.wav,E:\PROJECT 33\PROJECT 33\backend\sample_datasets\audio_dataset\Sad\Sad_076.wav,Sad,44144,c2b1cb6f73f3afd02b2d6ed392ff07ca07b69e64a8f30759ea6bb9c1caa6339f
Sad_077.wav,E:\PROJECT 33\PROJECT 33\backend\sample_datasets\audio_dataset\Sad\Sad_077.wav,Sad,44144,c2b1cb6f73f3afd02b2d6ed392ff07ca07b69e64a8f30759ea6bb9c1caa6339f
Sad_078.wav,E:\PROJECT 33\PROJECT 33\backend\sample_datasets\audio_dataset\Sad\Sad_078.wav,Sad,44144,c2b1cb6f73f3afd02b2d6ed392ff07ca07b69e64a8f30759ea6bb9c1caa6339f
Sad_079.wav,E:\PROJECT 33\PROJECT 33\backend\sample_datasets\audio_dataset\Sad\Sad_079.wav,Sad,44144,c2b1cb6f73f3afd02b2d6ed392ff07ca07b69e64a8f30759ea6bb9c1caa6339f
Sad_080.wav,E:\PROJECT 33\PROJECT 33\backend\sample_datasets\audio_dataset\Sad\Sad_080.wav,Sad,44144,c2b1cb6f73f3afd02b2d6ed392ff07ca07b69e64a8f30759ea6bb9c1caa6339f
Sad_081.wav,E:\PROJECT 33\PROJECT 33\backend\sample_datasets\audio_dataset\Sad\Sad_081.wav,Sad,44144,c2b1cb6f73f3afd02b2d6ed392ff07ca07b69e64a8f30759ea6bb9c1caa6339f
Sad_082.wav,E:\PROJECT 33\PROJECT 33\backend\sample_datasets\audio_dataset\Sad\Sad_082.wav,Sad,44144,c2b1cb6f73f3afd02b2d6ed392ff07ca07b69e64a8f30759ea6bb9c1caa6339f
Sad_083.wav,E:\PROJECT 33\PROJECT 33\backend\sample_datasets\audio_dataset\Sad\Sad_083.wav,Sad,44144,c2b1cb6f73f3afd02b2d6ed392ff07ca07b69e64a8f30759ea6bb9c1caa6339f
Sad_084.wav,E:\PROJECT 33\PROJECT 33\backend\sample_datasets\audio_dataset\Sad\Sad_084.wav,Sad,44144,c2b1cb6f73f3afd02b2d6ed392ff07ca07b69e64a8f30759ea6bb9c1caa6339f
Sad_085.wav,E:\PROJECT 33\PROJECT 33\backend\sample_datasets\audio_dataset\Sad\Sad_085.wav,Sad,44144,c2b1cb6f73f3afd02b2d6ed392ff07ca07b69e64a8f30759ea6bb9c1caa6339f
Sad_086.wav,E:\PROJECT 33\PROJECT 33\backend\sample_datasets\audio_dataset\Sad\Sad_086.wav,Sad,44144,c2b1cb6f73f3afd02b2d6ed392ff07ca07b69e64a8f30759ea6bb9c1caa6339f
Sad_087.wav,E:\PROJECT 33\PROJECT 33\backend\sample_datasets\audio_dataset\Sad\Sad_087.wav,Sad,44144,c2b1cb6f73f3afd02b2d6ed392ff07ca07b69e64a8f30759ea6bb9c1caa6339f
Sad_088.wav,E:\PROJECT 33\PROJECT 33\backend\sample_datasets\audio_dataset\Sad\Sad_088.wav,Sad,44144,c2b1cb6f73f3afd02b2d6ed392ff07ca07b69e64a8f30759ea6bb9c1caa6339f
Sad_089.wav,E:\PROJECT 33\PROJECT 33\backend\sample_datasets\audio_dataset\Sad\Sad_089.wav,Sad,44144,c2b1cb6f73f3afd02b2d6ed392ff07ca07b69e64a8f30759ea6bb9c1caa6339f
Sad_090.wav,E:\PROJECT 33\PROJECT 33\backend\sample_datasets\audio_dataset\Sad\Sad_090.wav,Sad,44144,c2b1cb6f73f3afd02b2d6ed392ff07ca07b69e64a8f30759ea6bb9c1caa6339f
Sad_091.wav,E:\PROJECT 33\PROJECT 33\backend\sample_datasets\audio_dataset\Sad\Sad_091.wav,Sad,44144,c2b1cb6f73f3afd02b2d6ed392ff07ca07b69e64a8f30759ea6bb9c1caa6339f
Sad_092.wav,E:\PROJECT 33\PROJECT 33\backend\sample_datasets\audio_dataset\Sad\Sad_092.wav,Sad,44144,c2b1cb6f73f3afd02b2d6ed392ff07ca07b69e64a8f30759ea6bb9c1caa6339f
Sad_093.wav,E:\PROJECT 33\PROJECT 33\backend\sample_datasets\audio_dataset\Sad\Sad_093.wav,Sad,44144,c2b1cb6f73f3afd02b2d6ed392ff07ca07b69e64a8f30759ea6bb9c1caa6339f
Sad_094.wav,E:\PROJECT 33\PROJECT 33\backend\sample_datasets\audio_dataset\Sad\Sad_094.wav,Sad,44144,c2b1cb6f73f3afd02b2d6ed392ff07ca07b69e64a8f30759ea6bb9c1caa6339f
Sad_095.wav,E:\PROJECT 33\PROJECT 33\backend\sample_datasets\audio_dataset\Sad\Sad_095.wav,Sad,44144,c2b1cb6f73f3afd02b2d6ed392ff07ca07b69e64a8f30759ea6bb9c1caa6339f
Sad_096.wav,E:\PROJECT 33\PROJECT 33\backend\sample_datasets\audio_dataset\Sad\Sad_096.wav,Sad,44144,c2b1cb6f73f3afd02b2d6ed392ff07ca07b69e64a8f30759ea6bb9c1caa6339f
Sad_097.wav,E:\PROJECT 33\PROJECT 33\backend\sample_datasets\audio_dataset\Sad\Sad_097.wav,Sad,44144,c2b1cb6f73f3afd02b2d6ed392ff07ca07b69e64a8f30759ea6bb9c1caa6339f
Sad_098.wav,E:\PROJECT 33\PROJECT 33\backend\sample_datasets\audio_dataset\Sad\Sad_098.wav,Sad,44144,c2b1cb6f73f3afd02b2d6ed392ff07ca07b69e64a8f30759ea6bb9c1caa6339f
Sad_099.wav,E:\PROJECT 33\PROJECT 33\backend\sample_datasets\audio_dataset\Sad\Sad_099.wav,Sad,44144,c2b1cb6f73f3afd02b2d6ed392ff07ca07b69e64a8f30759ea6bb9c1caa6339f
Sad_100.wav,E:\PROJECT 33\PROJECT 33\backend\sample_datasets\audio_dataset\Sad\Sad_100.wav,Sad,44144,c2b1cb6f73f3afd02b2d6ed392ff07ca07b69e64a8f30759ea6bb9c1caa6339f
Sad_101.wav,E:\PROJECT 33\PROJECT 33\backend\sample_datasets\audio_dataset\Sad\Sad_101.wav,Sad,44144,c2b1cb6f73f3afd02b2d6ed392ff07ca07b69e64a8f30759ea6bb9c1caa6339f
Sad_102.wav,E:\PROJECT 33\PROJECT 33\backend\sample_datasets\audio_dataset\Sad\Sad_102.wav,Sad,44144,c2b1cb6f73f3afd02b2d6ed392ff07ca07b69e64a8f30759ea6bb9c1caa6339f
Sad_103.wav,E:\PROJECT 33\PROJECT 33\backend\sample_datasets\audio_dataset\Sad\Sad_103.wav,Sad,44144,c2b1cb6f73f3afd02b2d6ed392ff07ca07b69e64a8f30759ea6bb9c1caa6339f
Sad_104.wav,E:\PROJECT 33\PROJECT 33\backend\sample_datasets\audio_dataset\Sad\Sad_104.wav,Sad,44144,c2b1cb6f73f3afd02b2d6ed392ff07ca07b69e64a8f30759ea6bb9c1caa6339f
Sad_105.wav,E:\PROJECT 33\PROJECT 33\backend\sample_datasets\audio_dataset\Sad\Sad_105.wav,Sad,44144,c2b1cb6f73f3afd02b2d6ed392ff07ca07b69e64a8f30759ea6bb9c1caa6339f
Sad_106.wav,E:\PROJECT 33\PROJECT 33\backend\sample_datasets\audio_dataset\Sad\Sad_106.wav,Sad,44144,c2b1cb6f73f3afd02b2d6ed392ff07ca07b69e64a8f30759ea6bb9c1caa6339f
Sad_107.wav,E:\PROJECT 33\PROJECT 33\backend\sample_datasets\audio_dataset\Sad\Sad_107.wav,Sad,44144,c2b1cb6f73f3afd02b2d6ed392ff07ca07b69e64a8f30759ea6bb9c1caa6339f
Sad_108.wav,E:\PROJECT 33\PROJECT 33\backend\sample_datasets\audio_dataset\Sad\Sad_108.wav,Sad,44144,c2b1cb6f73f3afd02b2d6ed392ff07ca07b69e64a8f30759ea6bb9c1caa6339f
Sad_109.wav,E:\PROJECT 33\PROJECT 33\backend\sample_datasets\audio_dataset\Sad\Sad_109.wav,Sad,44144,c2b1cb6f73f3afd02b2d6ed392ff07ca07b69e64a8f30759ea6bb9c1caa6339f
Sad_110.wav,E:\PROJECT 33\PROJECT 33\backend\sample_datasets\audio_dataset\Sad\Sad_110.wav,Sad,44144,c2b1cb6f73f3afd02b2d6ed392ff07ca07b69e64a8f30759ea6bb9c1caa6339f
Sad_111.wav,E:\PROJECT 33\PROJECT 33\backend\sample_datasets\audio_dataset\Sad\Sad_111.wav,Sad,44144,c2b1cb6f73f3afd02b2d6ed392ff07ca07b69e64a8f30759ea6bb9c1caa6339f
Sad_112.wav,E:\PROJECT 33\PROJECT 33\backend\sample_datasets\audio_dataset\Sad\Sad_112.wav,Sad,44144,c2b1cb6f73f3afd02b2d6ed392ff07ca07b69e64a8f30759ea6bb9c1caa6339f
Sad_113.wav,E:\PROJECT 33\PROJECT 33\backend\sample_datasets\audio_dataset\Sad\Sad_113.wav,Sad,44144,c2b1cb6f73f3afd02b2d6ed392ff07ca07b69e64a8f30759ea6bb9c1caa6339f
Sad_114.wav,E:\PROJECT 33\PROJECT 33\backend\sample_datasets\audio_dataset\Sad\Sad_114.wav,Sad,44144,c2b1cb6f73f3afd02b2d6ed392ff07ca07b69e64a8f30759ea6bb9c1caa6339f
Sad_115.wav,E:\PROJECT 33\PROJECT 33\backend\sample_datasets\audio_dataset\Sad\Sad_115.wav,Sad,44144,c2b1cb6f73f3afd02b2d6ed392ff07ca07b69e64a8f30759ea6bb9c1caa6339f
Sad_116.wav,E:\PROJECT 33\PROJECT 33\backend\sample_datasets\audio_dataset\Sad\Sad_116.wav,Sad,44144,c2b1cb6f73f3afd02b2d6ed392ff07ca07b69e64a8f30759ea6bb9c1caa6339f
Sad_117.wav,E:\PROJECT 33\PROJECT 33\backend\sample_datasets\audio_dataset\Sad\Sad_117.wav,Sad,44144,c2b1cb6f73f3afd02b2d6ed392ff07ca07b69e64a8f30759ea6bb9c1caa6339f
Sad_118.wav,E:\PROJECT 33\PROJECT 33\backend\sample_datasets\audio_dataset\Sad\Sad_118.wav,Sad,44144,c2b1cb6f73f3afd02b2d6ed392ff07ca07b69e64a8f30759ea6bb9c1caa6339f
Sad_119.wav,E:\PROJECT 33\PROJECT 33\backend\sample_datasets\audio_dataset\Sad\Sad_119.wav,Sad,44144,c2b1cb6f73f3afd02b2d6ed392ff07ca07b69e64a8f30759ea6bb9c1caa6339f
Sad_120.wav,E:\PROJECT 33\PROJECT 33\backend\sample_datasets\audio_dataset\Sad\Sad_120.wav,Sad,44144,c2b1cb6f73f3afd02b2d6ed392ff07ca07b69e64a8f30759ea6bb9c1caa6339f
Sad_121.wav,E:\PROJECT 33\PROJECT 33\backend\sample_datasets\audio_dataset\Sad\Sad_121.wav,Sad,44144,c2b1cb6f73f3afd02b2d6ed392ff07ca07b69e64a8f30759ea6bb9c1caa6339f
Sad_122.wav,E:\PROJECT 33\PROJECT 33\backend\sample_datasets\audio_dataset\Sad\Sad_122.wav,Sad,44144,c2b1cb6f73f3afd02b2d6ed392ff07ca07b69e64a8f30759ea6bb9c1caa6339f
Sad_123.wav,E:\PROJECT 33\PROJECT 33\backend\sample_datasets\audio_dataset\Sad\Sad_123.wav,Sad,44144,c2b1cb6f73f3afd02b2d6ed392ff07ca07b69e64a8f30759ea6bb9c1caa6339f
Sad_124.wav,E:\PROJECT 33\PROJECT 33\backend\sample_datasets\audio_dataset\Sad\Sad_124.wav,Sad,44144,c2b1cb6f73f3afd02b2d6ed392ff07ca07b69e64a8f30759ea6bb9c1caa6339f
Sad_125.wav,E:\PROJECT 33\PROJECT 33\backend\sample_datasets\audio_dataset\Sad\Sad_125.wav,Sad,44144,c2b1cb6f73f3afd02b2d6ed392ff07ca07b69e64a8f30759ea6bb9c1caa6339f
Sad_126.wav,E:\PROJECT 33\PROJECT 33\backend\sample_datasets\audio_dataset\Sad\Sad_126.wav,Sad,44144,c2b1cb6f73f3afd02b2d6ed392ff07ca07b69e64a8f30759ea6bb9c1caa6339f
Sad_127.wav,E:\PROJECT 33\PROJECT 33\backend\sample_datasets\audio_dataset\Sad\Sad_127.wav,Sad,44144,c2b1cb6f73f3afd02b2d6ed392ff07ca07b69e64a8f30759ea6bb9c1caa6339f
Sad_128.wav,E:\PROJECT 33\PROJECT 33\backend\sample_datasets\audio_dataset\Sad\Sad_128.wav,Sad,44144,c2b1cb6f73f3afd02b2d6ed392ff07ca07b69e64a8f30759ea6bb9c1caa6339f
Sad_129.wav,E:\PROJECT 33\PROJECT 33\backend\sample_datasets\audio_dataset\Sad\Sad_129.wav,Sad,44144,c2b1cb6f73f3afd02b2d6ed392ff07ca07b69e64a8f30759ea6bb9c1caa6339f
Sad_130.wav,E:\PROJECT 33\PROJECT 33\backend\sample_datasets\audio_dataset\Sad\Sad_130.wav,Sad,44144,c2b1cb6f73f3afd02b2d6ed392ff07ca07b69e64a8f30759ea6bb9c1caa6339f
Sad_131.wav,E:\PROJECT 33\PROJECT 33\backend\sample_datasets\audio_dataset\Sad\Sad_131.wav,Sad,44144,c2b1cb6f73f3afd02b2d6ed392ff07ca07b69e64a8f30759ea6bb9c1caa6339f
Sad_132.wav,E:\PROJECT 33\PROJECT 33\backend\sample_datasets\audio_dataset\Sad\Sad_132.wav,Sad,44144,c2b1cb6f73f3afd02b2d6ed392ff07ca07b69e64a8f30759ea6bb9c1caa6339f
Sad_133.wav,E:\PROJECT 33\PROJECT 33\backend\sample_datasets\audio_dataset\Sad\Sad_133.wav,Sad,44144,c2b1cb6f73f3afd02b2d6ed392ff07ca07b69e64a8f30759ea6bb9c1caa6339f
Sad_134.wav,E:\PROJECT 33\PROJECT 33\backend\sample_datasets\audio_dataset\Sad\Sad_134.wav,Sad,44144,c2b1cb6f73f3afd02b2d6ed392ff07ca07b69e64a8f30759ea6bb9c1caa6339f
Sad_135.wav,E:\PROJECT 33\PROJECT 33\backend\sample_datasets\audio_dataset\Sad\Sad_135.wav,Sad,44144,c2b1cb6f73f3afd02b2d6ed392ff07ca07b69e64a8f30759ea6bb9c1caa6339f
Sad_136.wav,E:\PROJECT 33\PROJECT 33\backend\sample_datasets\audio_dataset\Sad\Sad_136.wav,Sad,44144,c2b1cb6f73f3afd02b2d6ed392ff07ca07b69e64a8f30759ea6bb9c1caa6339f
Sad_137.wav,E:\PROJECT 33\PROJECT 33\backend\sample_datasets\audio_dataset\Sad\Sad_137.wav,Sad,44144,c2b1cb6f73f3afd02b2d6ed392ff07ca07b69e64a8f30759ea6bb9c1caa6339f
Sad_138.wav,E:\PROJECT 33\PROJECT 33\backend\sample_datasets\audio_dataset\Sad\Sad_138.wav,Sad,44144,c2b1cb6f73f3afd02b2d6ed392ff07ca07b69e64a8f30759ea6bb9c1caa6339f
Sad_139.wav,E:\PROJECT 33\PROJECT 33\backend\sample_datasets\audio_dataset\Sad\Sad_139.wav,Sad,44144,c2b1cb6f73f3afd02b2d6ed392ff07ca07b69e64a8f30759ea6bb9c1caa6339f
Sad_140.wav,E:\PROJECT 33\PROJECT 33\backend\sample_datasets\audio_dataset\Sad\Sad_140.wav,Sad,44144,c2b1cb6f73f3afd02b2d6ed392ff07ca07b69e64a8f30759ea6bb9c1caa6339f
Sad_141.wav,E:\PROJECT 33\PROJECT 33\backend\sample_datasets\audio_dataset\Sad\Sad_141.wav,Sad,44144,c2b1cb6f73f3afd02b2d6ed392ff07ca07b69e64a8f30759ea6bb9c1caa6339f
Sad_142.wav,E:\PROJECT 33\PROJECT 33\backend\sample_datasets\audio_dataset\Sad\Sad_142.wav,Sad,44144,c2b1cb6f73f3afd02b2d6ed392ff07ca07b69e64a8f30759ea6bb9c1caa6339f
Sad_143.wav,E:\PROJECT 33\PROJECT 33\backend\sample_datasets\audio_dataset\Sad\Sad_143.wav,Sad,44144,c2b1cb6f73f3afd02b2d6ed392ff07ca07b69e64a8f30759ea6bb9c1caa6339f
Sad_144.wav,E:\PROJECT 33\PROJECT 33\backend\sample_datasets\audio_dataset\Sad\Sad_144.wav,Sad,44144,c2b1cb6f73f3afd02b2d6ed392ff07ca07b69e64a8f30759ea6bb9c1caa6339f
Sad_145.wav,E:\PROJECT 33\PROJECT 33\backend\sample_datasets\audio_dataset\Sad\Sad_145.wav,Sad,44144,c2b1cb6f73f3afd02b2d6ed392ff07ca07b69e64a8f30759ea6bb9c1caa6339f
Sad_146.wav,E:\PROJECT 33\PROJECT 33\backend\sample_datasets\audio_dataset\Sad\Sad_146.wav,Sad,44144,c2b1cb6f73f3afd02b2d6ed392ff07ca07b69e64a8f30759ea6bb9c1caa6339f
Sad_147.wav,E:\PROJECT 33\PROJECT 33\backend\sample_datasets\audio_dataset\Sad\Sad_147.wav,Sad,44144,c2b1cb6f73f3afd02b2d6ed392ff07ca07b69e64a8f30759ea6bb9c1caa6339f
Sad_148.wav,E:\PROJECT 33\PROJECT 33\backend\sample_datasets\audio_dataset\Sad\Sad_148.wav,Sad,44144,c2b1cb6f73f3afd02b2d6ed392ff07ca07b69e64a8f30759ea6bb9c1caa6339f
Sad_149.wav,E:\PROJECT 33\PROJECT 33\backend\sample_datasets\audio_dataset\Sad\Sad_149.wav,Sad,44144,c2b1cb6f73f3afd02b2d6ed392ff07ca07b69e64a8f30759ea6bb9c1caa6339f
Sad_150.wav,E:\PROJECT 33\PROJECT 33\backend\sample_datasets\audio_dataset\Sad\Sad_150.wav,Sad,44144,c2b1cb6f73f3afd02b2d6ed392ff07ca07b69e64a8f30759ea6bb9c1caa6339f
Sad_151.wav,E:\PROJECT 33\PROJECT 33\backend\sample_datasets\audio_dataset\Sad\Sad_151.wav,Sad,44144,c2b1cb6f73f3afd02b2d6ed392ff07ca07b69e64a8f30759ea6bb9c1caa6339f
Sad_152.wav,E:\PROJECT 33\PROJECT 33\backend\sample_datasets\audio_dataset\Sad\Sad_152.wav,Sad,44144,c2b1cb6f73f3afd02b2d6ed392ff07ca07b69e64a8f30759ea6bb9c1caa6339f
Sad_153.wav,E:\PROJECT 33\PROJECT 33\backend\sample_datasets\audio_dataset\Sad\Sad_153.wav,Sad,44144,c2b1cb6f73f3afd02b2d6ed392ff07ca07b69e64a8f30759ea6bb9c1caa6339f
Sad_154.wav,E:\PROJECT 33\PROJECT 33\backend\sample_datasets\audio_dataset\Sad\Sad_154.wav,Sad,44144,c2b1cb6f73f3afd02b2d6ed392ff07ca07b69e64a8f30759ea6bb9c1caa6339f
Sad_155.wav,E:\PROJECT 33\PROJECT 33\backend\sample_datasets\audio_dataset\Sad\Sad_155.wav,Sad,44144,c2b1cb6f73f3afd02b2d6ed392ff07ca07b69e64a8f30759ea6bb9c1caa6339f
Sad_156.wav,E:\PROJECT 33\PROJECT 33\backend\sample_datasets\audio_dataset\Sad\Sad_156.wav,Sad,44144,c2b1cb6f73f3afd02b2d6ed392ff07ca07b69e64a8f30759ea6bb9c1caa6339f
Sad_157.wav,E:\PROJECT 33\PROJECT 33\backend\sample_datasets\audio_dataset\Sad\Sad_157.wav,Sad,44144,c2b1cb6f73f3afd02b2d6ed392ff07ca07b69e64a8f30759ea6bb9c1caa6339f
Sad_158.wav,E:\PROJECT 33\PROJECT 33\backend\sample_datasets\audio_dataset\Sad\Sad_158.wav,Sad,44144,c2b1cb6f73f3afd02b2d6ed392ff07ca07b69e64a8f30759ea6bb9c1caa6339f
Sad_159.wav,E:\PROJECT 33\PROJECT 33\backend\sample_datasets\audio_dataset\Sad\Sad_159.wav,Sad,44144,c2b1cb6f73f3afd02b2d6ed392ff07ca07b69e64a8f30759ea6bb9c1caa6339f
Sad_160.wav,E:\PROJECT 33\PROJECT 33\backend\sample_datasets\audio_dataset\Sad\Sad_160.wav,Sad,44144,c2b1cb6f73f3afd02b2d6ed392ff07ca07b69e64a8f30759ea6bb9c1caa6339f
Sad_161.wav,E:\PROJECT 33\PROJECT 33\backend\sample_datasets\audio_dataset\Sad\Sad_161.wav,Sad,44144,c2b1cb6f73f3afd02b2d6ed392ff07ca07b69e64a8f30759ea6bb9c1caa6339f
Sad_162.wav,E:\PROJECT 33\PROJECT 33\backend\sample_datasets\audio_dataset\Sad\Sad_162.wav,Sad,44144,c2b1cb6f73f3afd02b2d6ed392ff07ca07b69e64a8f30759ea6bb9c1caa6339f
Sad_163.wav,E:\PROJECT 33\PROJECT 33\backend\sample_datasets\audio_dataset\Sad\Sad_163.wav,Sad,44144,c2b1cb6f73f3afd02b2d6ed392ff07ca07b69e64a8f30759ea6bb9c1caa6339f
Sad_164.wav,E:\PROJECT 33\PROJECT 33\backend\sample_datasets\audio_dataset\Sad\Sad_164.wav,Sad,44144,c2b1cb6f73f3afd02b2d6ed392ff07ca07b69e64a8f30759ea6bb9c1caa6339f
Sad_165.wav,E:\PROJECT 33\PROJECT 33\backend\sample_datasets\audio_dataset\Sad\Sad_165.wav,Sad,44144,c2b1cb6f73f3afd02b2d6ed392ff07ca07b69e64a8f30759ea6bb9c1caa6339f
Sad_166.wav,E:\PROJECT 33\PROJECT 33\backend\sample_datasets\audio_dataset\Sad\Sad_166.wav,Sad,44144,c2b1cb6f73f3afd02b2d6ed392ff07ca07b69e64a8f30759ea6bb9c1caa6339f
Sad_167.wav,E:\PROJECT 33\PROJECT 33\backend\sample_datasets\audio_dataset\Sad\Sad_167.wav,Sad,44144,c2b1cb6f73f3afd02b2d6ed392ff07ca07b69e64a8f30759ea6bb9c1caa6339f
Sad_168.wav,E:\PROJECT 33\PROJECT 33\backend\sample_datasets\audio_dataset\Sad\Sad_168.wav,Sad,44144,c2b1cb6f73f3afd02b2d6ed392ff07ca07b69e64a8f30759ea6bb9c1caa6339f
Sad_169.wav,E:\PROJECT 33\PROJECT 33\backend\sample_datasets\audio_dataset\Sad\Sad_169.wav,Sad,44144,c2b1cb6f73f3afd02b2d6ed392ff07ca07b69e64a8f30759ea6bb9c1caa6339f
Sad_170.wav,E:\PROJECT 33\PROJECT 33\backend\sample_datasets\audio_dataset\Sad\Sad_170.wav,Sad,44144,c2b1cb6f73f3afd02b2d6ed392ff07ca07b69e64a8f30759ea6bb9c1caa6339f
Sad_171.wav,E:\PROJECT 33\PROJECT 33\backend\sample_datasets\audio_dataset\Sad\Sad_171.wav,Sad,44144,c2b1cb6f73f3afd02b2d6ed392ff07ca07b69e64a8f30759ea6bb9c1caa6339f
Sad_172.wav,E:\PROJECT 33\PROJECT 33\backend\sample_datasets\audio_dataset\Sad\Sad_172.wav,Sad,44144,c2b1cb6f73f3afd02b2d6ed392ff07ca07b69e64a8f30759ea6bb9c1caa6339f
Sad_173.wav,E:\PROJECT 33\PROJECT 33\backend\sample_datasets\audio_dataset\Sad\Sad_173.wav,Sad,44144,c2b1cb6f73f3afd02b2d6ed392ff07ca07b69e64a8f30759ea6bb9c1caa6339f
Sad_174.wav,E:\PROJECT 33\PROJECT 33\backend\sample_datasets\audio_dataset\Sad\Sad_174.wav,Sad,44144,c2b1cb6f73f3afd02b2d6ed392ff07ca07b69e64a8f30759ea6bb9c1caa6339f
Sad_175.wav,E:\PROJECT 33\PROJECT 33\backend\sample_datasets\audio_dataset\Sad\Sad_175.wav,Sad,44144,c2b1cb6f73f3afd02b2d6ed392ff07ca07b69e64a8f30759ea6bb9c1caa6339f
Sad_176.wav,E:\PROJECT 33\PROJECT 33\backend\sample_datasets\audio_dataset\Sad\Sad_176.wav,Sad,44144,c2b1cb6f73f3afd02b2d6ed392ff07ca07b69e64a8f30759ea6bb9c1caa6339f
Sad_177.wav,E:\PROJECT 33\PROJECT 33\backend\sample_datasets\audio_dataset\Sad\Sad_177.wav,Sad,44144,c2b1cb6f73f3afd02b2d6ed392ff07ca07b69e64a8f30759ea6bb9c1caa6339f
Sad_178.wav,E:\PROJECT 33\PROJECT 33\backend\sample_datasets\audio_dataset\Sad\Sad_178.wav,Sad,44144,c2b1cb6f73f3afd02b2d6ed392ff07ca07b69e64a8f30759ea6bb9c1caa6339f
Sad_179.wav,E:\PROJECT 33\PROJECT 33\backend\sample_datasets\audio_dataset\Sad\Sad_179.wav,Sad,44144,c2b1cb6f73f3afd02b2d6ed392ff07ca07b69e64a8f30759ea6bb9c1caa6339f
Sad_180.wav,E:\PROJECT 33\PROJECT 33\backend\sample_datasets\audio_dataset\Sad\Sad_180.wav,Sad,44144,c2b1cb6f73f3afd02b2d6ed392ff07ca07b69e64a8f30759ea6bb9c1caa6339f
Sad_181.wav,E:\PROJECT 33\PROJECT 33\backend\sample_datasets\audio_dataset\Sad\Sad_181.wav,Sad,44144,c2b1cb6f73f3afd02b2d6ed392ff07ca07b69e64a8f30759ea6bb9c1caa6339f
Sad_182.wav,E:\PROJECT 33\PROJECT 33\backend\sample_datasets\audio_dataset\Sad\Sad_182.wav,Sad,44144,c2b1cb6f73f3afd02b2d6ed392ff07ca07b69e64a8f30759ea6bb9c1caa6339f
Sad_183.wav,E:\PROJECT 33\PROJECT 33\backend\sample_datasets\audio_dataset\Sad\Sad_183.wav,Sad,44144,c2b1cb6f73f3afd02b2d6ed392ff07ca07b69e64a8f30759ea6bb9c1caa6339f
Sad_184.wav,E:\PROJECT 33\PROJECT 33\backend\sample_datasets\audio_dataset\Sad\Sad_184.wav,Sad,44144,c2b1cb6f73f3afd02b2d6ed392ff07ca07b69e64a8f30759ea6bb9c1caa6339f
Sad_185.wav,E:\PROJECT 33\PROJECT 33\backend\sample_datasets\audio_dataset\Sad\Sad_185.wav,Sad,44144,c2b1cb6f73f3afd02b2d6ed392ff07ca07b69e64a8f30759ea6bb9c1caa6339f
Sad_186.wav,E:\PROJECT 33\PROJECT 33\backend\sample_datasets\audio_dataset\Sad\Sad_186.wav,Sad,44144,c2b1cb6f73f3afd02b2d6ed392ff07ca07b69e64a8f30759ea6bb9c1caa6339f
Sad_187.wav,E:\PROJECT 33\PROJECT 33\backend\sample_datasets\audio_dataset\Sad\Sad_187.wav,Sad,44144,c2b1cb6f73f3afd02b2d6ed392ff07ca07b69e64a8f30759ea6bb9c1caa6339f
Sad_188.wav,E:\PROJECT 33\PROJECT 33\backend\sample_datasets\audio_dataset\Sad\Sad_188.wav,Sad,44144,c2b1cb6f73f3afd02b2d6ed392ff07ca07b69e64a8f30759ea6bb9c1caa6339f
Sad_189.wav,E:\PROJECT 33\PROJECT 33\backend\sample_datasets\audio_dataset\Sad\Sad_189.wav,Sad,44144,c2b1cb6f73f3afd02b2d6ed392ff07ca07b69e64a8f30759ea6bb9c1caa6339f
Sad_190.wav,E:\PROJECT 33\PROJECT 33\backend\sample_datasets\audio_dataset\Sad\Sad_190.wav,Sad,44144,c2b1cb6f73f3afd02b2d6ed392ff07ca07b69e64a8f30759ea6bb9c1caa6339f
Sad_191.wav,E:\PROJECT 33\PROJECT 33\backend\sample_datasets\audio_dataset\Sad\Sad_191.wav,Sad,44144,c2b1cb6f73f3afd02b2d6ed392ff07ca07b69e64a8f30759ea6bb9c1caa6339f
Sad_192.wav,E:\PROJECT 33\PROJECT 33\backend\sample_datasets\audio_dataset\Sad\Sad_192.wav,Sad,44144,c2b1cb6f73f3afd02b2d6ed392ff07ca07b69e64a8f30759ea6bb9c1caa6339f
Sad_193.wav,E:\PROJECT 33\PROJECT 33\backend\sample_datasets\audio_dataset\Sad\Sad_193.wav,Sad,44144,c2b1cb6f73f3afd02b2d6ed392ff07ca07b69e64a8f30759ea6bb9c1caa6339f
Sad_194.wav,E:\PROJECT 33\PROJECT 33\backend\sample_datasets\audio_dataset\Sad\Sad_194.wav,Sad,44144,c2b1cb6f73f3afd02b2d6ed392ff07ca07b69e64a8f30759ea6bb9c1caa6339f
Sad_195.wav,E:\PROJECT 33\PROJECT 33\backend\sample_datasets\audio_dataset\Sad\Sad_195.wav,Sad,44144,c2b1cb6f73f3afd02b2d6ed392ff07ca07b69e64a8f30759ea6bb9c1caa6339f
Sad_196.wav,E:\PROJECT 33\PROJECT 33\backend\sample_datasets\audio_dataset\Sad\Sad_196.wav,Sad,44144,c2b1cb6f73f3afd02b2d6ed392ff07ca07b69e64a8f30759ea6bb9c1caa6339f
Sad_197.wav,E:\PROJECT 33\PROJECT 33\backend\sample_datasets\audio_dataset\Sad\Sad_197.wav,Sad,44144,c2b1cb6f73f3afd02b2d6ed392ff07ca07b69e64a8f30759ea6bb9c1caa6339f
Sad_198.wav,E:\PROJECT 33\PROJECT 33\backend\sample_datasets\audio_dataset\Sad\Sad_198.wav,Sad,44144,c2b1cb6f73f3afd02b2d6ed392ff07ca07b69e64a8f30759ea6bb9c1caa6339f
Sad_199.wav,E:\PROJECT 33\PROJECT 33\backend\sample_datasets\audio_dataset\Sad\Sad_199.wav,Sad,44144,c2b1cb6f73f3afd02b2d6ed392ff07ca07b69e64a8f30759ea6bb9c1caa6339f
Sad_200.wav,E:\PROJECT 33\PROJECT 33\backend\sample_datasets\audio_dataset\Sad\Sad_200.wav,Sad,44144,c2b1cb6f73f3afd02b2d6ed392ff07ca07b69e64a8f30759ea6bb9c1caa6339f
Sad_201.wav,E:\PROJECT 33\PROJECT 33\backend\sample_datasets\audio_dataset\Sad\Sad_201.wav,Sad,44144,c2b1cb6f73f3afd02b2d6ed392ff07ca07b69e64a8f30759ea6bb9c1caa6339f
Sad_202.wav,E:\PROJECT 33\PROJECT 33\backend\sample_datasets\audio_dataset\Sad\Sad_202.wav,Sad,44144,c2b1cb6f73f3afd02b2d6ed392ff07ca07b69e64a8f30759ea6bb9c1caa6339f
Sad_203.wav,E:\PROJECT 33\PROJECT 33\backend\sample_datasets\audio_dataset\Sad\Sad_203.wav,Sad,44144,c2b1cb6f73f3afd02b2d6ed392ff07ca07b69e64a8f30759ea6bb9c1caa6339f
Sad_204.wav,E:\PROJECT 33\PROJECT 33\backend\sample_datasets\audio_dataset\Sad\Sad_204.wav,Sad,44144,c2b1cb6f73f3afd02b2d6ed392ff07ca07b69e64a8f30759ea6bb9c1caa6339f
Sad_205.wav,E:\PROJECT 33\PROJECT 33\backend\sample_datasets\audio_dataset\Sad\Sad_205.wav,Sad,44144,c2b1cb6f73f3afd02b2d6ed392ff07ca07b69e64a8f30759ea6bb9c1caa6339f
Sad_206.wav,E:\PROJECT 33\PROJECT 33\backend\sample_datasets\audio_dataset\Sad\Sad_206.wav,Sad,44144,c2b1cb6f73f3afd02b2d6ed392ff07ca07b69e64a8f30759ea6bb9c1caa6339f
Sad_207.wav,E:\PROJECT 33\PROJECT 33\backend\sample_datasets\audio_dataset\Sad\Sad_207.wav,Sad,44144,c2b1cb6f73f3afd02b2d6ed392ff07ca07b69e64a8f30759ea6bb9c1caa6339f
Sad_208.wav,E:\PROJECT 33\PROJECT 33\backend\sample_datasets\audio_dataset\Sad\Sad_208.wav,Sad,44144,c2b1cb6f73f3afd02b2d6ed392ff07ca07b69e64a8f30759ea6bb9c1caa6339f
Sad_209.wav,E:\PROJECT 33\PROJECT 33\backend\sample_datasets\audio_dataset\Sad\Sad_209.wav,Sad,44144,c2b1cb6f73f3afd02b2d6ed392ff07ca07b69e64a8f30759ea6bb9c1caa6339f
Sad_210.wav,E:\PROJECT 33\PROJECT 33\backend\sample_datasets\audio_dataset\Sad\Sad_210.wav,Sad,44144,c2b1cb6f73f3afd02b2d6ed392ff07ca07b69e64a8f30759ea6bb9c1caa6339f
Sad_211.wav,E:\PROJECT 33\PROJECT 33\backend\sample_datasets\audio_dataset\Sad\Sad_211.wav,Sad,44144,c2b1cb6f73f3afd02b2d6ed392ff07ca07b69e64a8f30759ea6bb9c1caa6339f
Sad_212.wav,E:\PROJECT 33\PROJECT 33\backend\sample_datasets\audio_dataset\Sad\Sad_212.wav,Sad,44144,c2b1cb6f73f3afd02b2d6ed392ff07ca07b69e64a8f30759ea6bb9c1caa6339f
Sad_213.wav,E:\PROJECT 33\PROJECT 33\backend\sample_datasets\audio_dataset\Sad\Sad_213.wav,Sad,44144,c2b1cb6f73f3afd02b2d6ed392ff07ca07b69e64a8f30759ea6bb9c1caa6339f
Sad_214.wav,E:\PROJECT 33\PROJECT 33\backend\sample_datasets\audio_dataset\Sad\Sad_214.wav,Sad,44144,c2b1cb6f73f3afd02b2d6ed392ff07ca07b69e64a8f30759ea6bb9c1caa6339f
Sad_215.wav,E:\PROJECT 33\PROJECT 33\backend\sample_datasets\audio_dataset\Sad\Sad_215.wav,Sad,44144,c2b1cb6f73f3afd02b2d6ed392ff07ca07b69e64a8f30759ea6bb9c1caa6339f
Sad_216.wav,E:\PROJECT 33\PROJECT 33\backend\sample_datasets\audio_dataset\Sad\Sad_216.wav,Sad,44144,c2b1cb6f73f3afd02b2d6ed392ff07ca07b69e64a8f30759ea6bb9c1caa6339f
Sad_217.wav,E:\PROJECT 33\PROJECT 33\backend\sample_datasets\audio_dataset\Sad\Sad_217.wav,Sad,44144,c2b1cb6f73f3afd02b2d6ed392ff07ca07b69e64a8f30759ea6bb9c1caa6339f
Sad_218.wav,E:\PROJECT 33\PROJECT 33\backend\sample_datasets\audio_dataset\Sad\Sad_218.wav,Sad,44144,c2b1cb6f73f3afd02b2d6ed392ff07ca07b69e64a8f30759ea6bb9c1caa6339f
Sad_219.wav,E:\PROJECT 33\PROJECT 33\backend\sample_datasets\audio_dataset\Sad\Sad_219.wav,Sad,44144,c2b1cb6f73f3afd02b2d6ed392ff07ca07b69e64a8f30759ea6bb9c1caa6339f
Sad_220.wav,E:\PROJECT 33\PROJECT 33\backend\sample_datasets\audio_dataset\Sad\Sad_220.wav,Sad,44144,c2b1cb6f73f3afd02b2d6ed392ff07ca07b69e64a8f30759ea6bb9c1caa6339f
Sad_221.wav,E:\PROJECT 33\PROJECT 33\backend\sample_datasets\audio_dataset\Sad\Sad_221.wav,Sad,44144,c2b1cb6f73f3afd02b2d6ed392ff07ca07b69e64a8f30759ea6bb9c1caa6339f
Sad_222.wav,E:\PROJECT 33\PROJECT 33\backend\sample_datasets\audio_dataset\Sad\Sad_222.wav,Sad,44144,c2b1cb6f73f3afd02b2d6ed392ff07ca07b69e64a8f30759ea6bb9c1caa6339f
Sad_223.wav,E:\PROJECT 33\PROJECT 33\backend\sample_datasets\audio_dataset\Sad\Sad_223.wav,Sad,44144,c2b1cb6f73f3afd02b2d6ed392ff07ca07b69e64a8f30759ea6bb9c1caa6339f
Sad_224.wav,E:\PROJECT 33\PROJECT 33\backend\sample_datasets\audio_dataset\Sad\Sad_224.wav,Sad,44144,c2b1cb6f73f3afd02b2d6ed392ff07ca07b69e64a8f30759ea6bb9c1caa6339f
Sad_225.wav,E:\PROJECT 33\PROJECT 33\backend\sample_datasets\audio_dataset\Sad\Sad_225.wav,Sad,44144,c2b1cb6f73f3afd02b2d6ed392ff07ca07b69e64a8f30759ea6bb9c1caa6339f
Sad_226.wav,E:\PROJECT 33\PROJECT 33\backend\sample_datasets\audio_dataset\Sad\Sad_226.wav,Sad,44144,c2b1cb6f73f3afd02b2d6ed392ff07ca07b69e64a8f30759ea6bb9c1caa6339f
Sad_227.wav,E:\PROJECT 33\PROJECT 33\backend\sample_datasets\audio_dataset\Sad\Sad_227.wav,Sad,44144,c2b1cb6f73f3afd02b2d6ed392ff07ca07b69e64a8f30759ea6bb9c1caa6339f
Sad_228.wav,E:\PROJECT 33\PROJECT 33\backend\sample_datasets\audio_dataset\Sad\Sad_228.wav,Sad,44144,c2b1cb6f73f3afd02b2d6ed392ff07ca07b69e64a8f30759ea6bb9c1caa6339f
Sad_229.wav,E:\PROJECT 33\PROJECT 33\backend\sample_datasets\audio_dataset\Sad\Sad_229.wav,Sad,44144,c2b1cb6f73f3afd02b2d6ed392ff07ca07b69e64a8f30759ea6bb9c1caa6339f
Sad_230.wav,E:\PROJECT 33\PROJECT 33\backend\sample_datasets\audio_dataset\Sad\Sad_230.wav,Sad,44144,c2b1cb6f73f3afd02b2d6ed392ff07ca07b69e64a8f30759ea6bb9c1caa6339f
Sad_231.wav,E:\PROJECT 33\PROJECT 33\backend\sample_datasets\audio_dataset\Sad\Sad_231.wav,Sad,44144,c2b1cb6f73f3afd02b2d6ed392ff07ca07b69e64a8f30759ea6bb9c1caa6339f
Sad_232.wav,E:\PROJECT 33\PROJECT 33\backend\sample_datasets\audio_dataset\Sad\Sad_232.wav,Sad,44144,c2b1cb6f73f3afd02b2d6ed392ff07ca07b69e64a8f30759ea6bb9c1caa6339f
Sad_233.wav,E:\PROJECT 33\PROJECT 33\backend\sample_datasets\audio_dataset\Sad\Sad_233.wav,Sad,44144,c2b1cb6f73f3afd02b2d6ed392ff07ca07b69e64a8f30759ea6bb9c1caa6339f
Sad_234.wav,E:\PROJECT 33\PROJECT 33\backend\sample_datasets\audio_dataset\Sad\Sad_234.wav,Sad,44144,c2b1cb6f73f3afd02b2d6ed392ff07ca07b69e64a8f30759ea6bb9c1caa6339f
Sad_235.wav,E:\PROJECT 33\PROJECT 33\backend\sample_datasets\audio_dataset\Sad\Sad_235.wav,Sad,44144,c2b1cb6f73f3afd02b2d6ed392ff07ca07b69e64a8f30759ea6bb9c1caa6339f
Sad_236.wav,E:\PROJECT 33\PROJECT 33\backend\sample_datasets\audio_dataset\Sad\Sad_236.wav,Sad,44144,c2b1cb6f73f3afd02b2d6ed392ff07ca07b69e64a8f30759ea6bb9c1caa6339f
Sad_237.wav,E:\PROJECT 33\PROJECT 33\backend\sample_datasets\audio_dataset\Sad\Sad_237.wav,Sad,44144,c2b1cb6f73f3afd02b2d6ed392ff07ca07b69e64a8f30759ea6bb9c1caa6339f
Sad_238.wav,E:\PROJECT 33\PROJECT 33\backend\sample_datasets\audio_dataset\Sad\Sad_238.wav,Sad,44144,c2b1cb6f73f3afd02b2d6ed392ff07ca07b69e64a8f30759ea6bb9c1caa6339f
Sad_239.wav,E:\PROJECT 33\PROJECT 33\backend\sample_datasets\audio_dataset\Sad\Sad_239.wav,Sad,44144,c2b1cb6f73f3afd02b2d6ed392ff07ca07b69e64a8f30759ea6bb9c1caa6339f
Sad_240.wav,E:\PROJECT 33\PROJECT 33\backend\sample_datasets\audio_dataset\Sad\Sad_240.wav,Sad,44144,c2b1cb6f73f3afd02b2d6ed392ff07ca07b69e64a8f30759ea6bb9c1caa6339f
Sad_241.wav,E:\PROJECT 33\PROJECT 33\backend\sample_datasets\audio_dataset\Sad\Sad_241.wav,Sad,44144,c2b1cb6f73f3afd02b2d6ed392ff07ca07b69e64a8f30759ea6bb9c1caa6339f
Sad_242.wav,E:\PROJECT 33\PROJECT 33\backend\sample_datasets\audio_dataset\Sad\Sad_242.wav,Sad,44144,c2b1cb6f73f3afd02b2d6ed392ff07ca07b69e64a8f30759ea6bb9c1caa6339f
Sad_243.wav,E:\PROJECT 33\PROJECT 33\backend\sample_datasets\audio_dataset\Sad\Sad_243.wav,Sad,44144,c2b1cb6f73f3afd02b2d6ed392ff07ca07b69e64a8f30759ea6bb9c1caa6339f
Sad_244.wav,E:\PROJECT 33\PROJECT 33\backend\sample_datasets\audio_dataset\Sad\Sad_244.wav,Sad,44144,c2b1cb6f73f3afd02b2d6ed392ff07ca07b69e64a8f30759ea6bb9c1caa6339f
Sad_245.wav,E:\PROJECT 33\PROJECT 33\backend\sample_datasets\audio_dataset\Sad\Sad_245.wav,Sad,44144,c2b1cb6f73f3afd02b2d6ed392ff07ca07b69e64a8f30759ea6bb9c1caa6339f
Sad_246.wav,E:\PROJECT 33\PROJECT 33\backend\sample_datasets\audio_dataset\Sad\Sad_246.wav,Sad,44144,c2b1cb6f73f3afd02b2d6ed392ff07ca07b69e64a8f30759ea6bb9c1caa6339f
Sad_247.wav,E:\PROJECT 33\PROJECT 33\backend\sample_datasets\audio_dataset\Sad\Sad_247.wav,Sad,44144,c2b1cb6f73f3afd02b2d6ed392ff07ca07b69e64a8f30759ea6bb9c1caa6339f
Sad_248.wav,E:\PROJECT 33\PROJECT 33\backend\sample_datasets\audio_dataset\Sad\Sad_248.wav,Sad,44144,c2b1cb6f73f3afd02b2d6ed392ff07ca07b69e64a8f30759ea6bb9c1caa6339f
Sad_249.wav,E:\PROJECT 33\PROJECT 33\backend\sample_datasets\audio_dataset\Sad\Sad_249.wav,Sad,44144,c2b1cb6f73f3afd02b2d6ed392ff07ca07b69e64a8f30759ea6bb9c1caa6339f
Surprise_000.wav,E:\PROJECT 33\PROJECT 33\backend\sample_datasets\audio_dataset\Surprise\Surprise_000.wav,Surprise,44144,8b3f467890d97b714831a29253bd5a7c60c1b13f348022f747a50e360089daa5
Surprise_001.wav,E:\PROJECT 33\PROJECT 33\backend\sample_datasets\audio_dataset\Surprise\Surprise_001.wav,Surprise,44144,8b3f467890d97b714831a29253bd5a7c60c1b13f348022f747a50e360089daa5
Surprise_002.wav,E:\PROJECT 33\PROJECT 33\backend\sample_datasets\audio_dataset\Surprise\Surprise_002.wav,Surprise,44144,8b3f467890d97b714831a29253bd5a7c60c1b13f348022f747a50e360089daa5
Surprise_003.wav,E:\PROJECT 33\PROJECT 33\backend\sample_datasets\audio_dataset\Surprise\Surprise_003.wav,Surprise,44144,8b3f467890d97b714831a29253bd5a7c60c1b13f348022f747a50e360089daa5
Surprise_004.wav,E:\PROJECT 33\PROJECT 33\backend\sample_datasets\audio_dataset\Surprise\Surprise_004.wav,Surprise,44144,8b3f467890d97b714831a29253bd5a7c60c1b13f348022f747a50e360089daa5
Surprise_005.wav,E:\PROJECT 33\PROJECT 33\backend\sample_datasets\audio_dataset\Surprise\Surprise_005.wav,Surprise,44144,8b3f467890d97b714831a29253bd5a7c60c1b13f348022f747a50e360089daa5
Surprise_006.wav,E:\PROJECT 33\PROJECT 33\backend\sample_datasets\audio_dataset\Surprise\Surprise_006.wav,Surprise,44144,8b3f467890d97b714831a29253bd5a7c60c1b13f348022f747a50e360089daa5
Surprise_007.wav,E:\PROJECT 33\PROJECT 33\backend\sample_datasets\audio_dataset\Surprise\Surprise_007.wav,Surprise,44144,8b3f467890d97b714831a29253bd5a7c60c1b13f348022f747a50e360089daa5
Surprise_008.wav,E:\PROJECT 33\PROJECT 33\backend\sample_datasets\audio_dataset\Surprise\Surprise_008.wav,Surprise,44144,8b3f467890d97b714831a29253bd5a7c60c1b13f348022f747a50e360089daa5
Surprise_009.wav,E:\PROJECT 33\PROJECT 33\backend\sample_datasets\audio_dataset\Surprise\Surprise_009.wav,Surprise,44144,8b3f467890d97b714831a29253bd5a7c60c1b13f348022f747a50e360089daa5
Surprise_010.wav,E:\PROJECT 33\PROJECT 33\backend\sample_datasets\audio_dataset\Surprise\Surprise_010.wav,Surprise,44144,8b3f467890d97b714831a29253bd5a7c60c1b13f348022f747a50e360089daa5
Surprise_011.wav,E:\PROJECT 33\PROJECT 33\backend\sample_datasets\audio_dataset\Surprise\Surprise_011.wav,Surprise,44144,8b3f467890d97b714831a29253bd5a7c60c1b13f348022f747a50e360089daa5
Surprise_012.wav,E:\PROJECT 33\PROJECT 33\backend\sample_datasets\audio_dataset\Surprise\Surprise_012.wav,Surprise,44144,8b3f467890d97b714831a29253bd5a7c60c1b13f348022f747a50e360089daa5
Surprise_013.wav,E:\PROJECT 33\PROJECT 33\backend\sample_datasets\audio_dataset\Surprise\Surprise_013.wav,Surprise,44144,8b3f467890d97b714831a29253bd5a7c60c1b13f348022f747a50e360089daa5
Surprise_014.wav,E:\PROJECT 33\PROJECT 33\backend\sample_datasets\audio_dataset\Surprise\Surprise_014.wav,Surprise,44144,8b3f467890d97b714831a29253bd5a7c60c1b13f348022f747a50e360089daa5
Surprise_015.wav,E:\PROJECT 33\PROJECT 33\backend\sample_datasets\audio_dataset\Surprise\Surprise_015.wav,Surprise,44144,8b3f467890d97b714831a29253bd5a7c60c1b13f348022f747a50e360089daa5
Surprise_016.wav,E:\PROJECT 33\PROJECT 33\backend\sample_datasets\audio_dataset\Surprise\Surprise_016.wav,Surprise,44144,8b3f467890d97b714831a29253bd5a7c60c1b13f348022f747a50e360089daa5
Surprise_017.wav,E:\PROJECT 33\PROJECT 33\backend\sample_datasets\audio_dataset\Surprise\Surprise_017.wav,Surprise,44144,8b3f467890d97b714831a29253bd5a7c60c1b13f348022f747a50e360089daa5
Surprise_018.wav,E:\PROJECT 33\PROJECT 33\backend\sample_datasets\audio_dataset\Surprise\Surprise_018.wav,Surprise,44144,8b3f467890d97b714831a29253bd5a7c60c1b13f348022f747a50e360089daa5
Surprise_019.wav,E:\PROJECT 33\PROJECT 33\backend\sample_datasets\audio_dataset\Surprise\Surprise_019.wav,Surprise,44144,8b3f467890d97b714831a29253bd5a7c60c1b13f348022f747a50e360089daa5
Surprise_020.wav,E:\PROJECT 33\PROJECT 33\backend\sample_datasets\audio_dataset\Surprise\Surprise_020.wav,Surprise,44144,8b3f467890d97b714831a29253bd5a7c60c1b13f348022f747a50e360089daa5
Surprise_021.wav,E:\PROJECT 33\PROJECT 33\backend\sample_datasets\audio_dataset\Surprise\Surprise_021.wav,Surprise,44144,8b3f467890d97b714831a29253bd5a7c60c1b13f348022f747a50e360089daa5
Surprise_022.wav,E:\PROJECT 33\PROJECT 33\backend\sample_datasets\audio_dataset\Surprise\Surprise_022.wav,Surprise,44144,8b3f467890d97b714831a29253bd5a7c60c1b13f348022f747a50e360089daa5
Surprise_023.wav,E:\PROJECT 33\PROJECT 33\backend\sample_datasets\audio_dataset\Surprise\Surprise_023.wav,Surprise,44144,8b3f467890d97b714831a29253bd5a7c60c1b13f348022f747a50e360089daa5
Surprise_024.wav,E:\PROJECT 33\PROJECT 33\backend\sample_datasets\audio_dataset\Surprise\Surprise_024.wav,Surprise,44144,8b3f467890d97b714831a29253bd5a7c60c1b13f348022f747a50e360089daa5
Surprise_025.wav,E:\PROJECT 33\PROJECT 33\backend\sample_datasets\audio_dataset\Surprise\Surprise_025.wav,Surprise,44144,8b3f467890d97b714831a29253bd5a7c60c1b13f348022f747a50e360089daa5
Surprise_026.wav,E:\PROJECT 33\PROJECT 33\backend\sample_datasets\audio_dataset\Surprise\Surprise_026.wav,Surprise,44144,8b3f467890d97b714831a29253bd5a7c60c1b13f348022f747a50e360089daa5
Surprise_027.wav,E:\PROJECT 33\PROJECT 33\backend\sample_datasets\audio_dataset\Surprise\Surprise_027.wav,Surprise,44144,8b3f467890d97b714831a29253bd5a7c60c1b13f348022f747a50e360089daa5
Surprise_028.wav,E:\PROJECT 33\PROJECT 33\backend\sample_datasets\audio_dataset\Surprise\Surprise_028.wav,Surprise,44144,8b3f467890d97b714831a29253bd5a7c60c1b13f348022f747a50e360089daa5
Surprise_029.wav,E:\PROJECT 33\PROJECT 33\backend\sample_datasets\audio_dataset\Surprise\Surprise_029.wav,Surprise,44144,8b3f467890d97b714831a29253bd5a7c60c1b13f348022f747a50e360089daa5
Surprise_030.wav,E:\PROJECT 33\PROJECT 33\backend\sample_datasets\audio_dataset\Surprise\Surprise_030.wav,Surprise,44144,8b3f467890d97b714831a29253bd5a7c60c1b13f348022f747a50e360089daa5
Surprise_031.wav,E:\PROJECT 33\PROJECT 33\backend\sample_datasets\audio_dataset\Surprise\Surprise_031.wav,Surprise,44144,8b3f467890d97b714831a29253bd5a7c60c1b13f348022f747a50e360089daa5
Surprise_032.wav,E:\PROJECT 33\PROJECT 33\backend\sample_datasets\audio_dataset\Surprise\Surprise_032.wav,Surprise,44144,8b3f467890d97b714831a29253bd5a7c60c1b13f348022f747a50e360089daa5
Surprise_033.wav,E:\PROJECT 33\PROJECT 33\backend\sample_datasets\audio_dataset\Surprise\Surprise_033.wav,Surprise,44144,8b3f467890d97b714831a29253bd5a7c60c1b13f348022f747a50e360089daa5
Surprise_034.wav,E:\PROJECT 33\PROJECT 33\backend\sample_datasets\audio_dataset\Surprise\Surprise_034.wav,Surprise,44144,8b3f467890d97b714831a29253bd5a7c60c1b13f348022f747a50e360089daa5
Surprise_035.wav,E:\PROJECT 33\PROJECT 33\backend\sample_datasets\audio_dataset\Surprise\Surprise_035.wav,Surprise,44144,8b3f467890d97b714831a29253bd5a7c60c1b13f348022f747a50e360089daa5
Surprise_036.wav,E:\PROJECT 33\PROJECT 33\backend\sample_datasets\audio_dataset\Surprise\Surprise_036.wav,Surprise,44144,8b3f467890d97b714831a29253bd5a7c60c1b13f348022f747a50e360089daa5
Surprise_037.wav,E:\PROJECT 33\PROJECT 33\backend\sample_datasets\audio_dataset\Surprise\Surprise_037.wav,Surprise,44144,8b3f467890d97b714831a29253bd5a7c60c1b13f348022f747a50e360089daa5
Surprise_038.wav,E:\PROJECT 33\PROJECT 33\backend\sample_datasets\audio_dataset\Surprise\Surprise_038.wav,Surprise,44144,8b3f467890d97b714831a29253bd5a7c60c1b13f348022f747a50e360089daa5
Surprise_039.wav,E:\PROJECT 33\PROJECT 33\backend\sample_datasets\audio_dataset\Surprise\Surprise_039.wav,Surprise,44144,8b3f467890d97b714831a29253bd5a7c60c1b13f348022f747a50e360089daa5
Surprise_040.wav,E:\PROJECT 33\PROJECT 33\backend\sample_datasets\audio_dataset\Surprise\Surprise_040.wav,Surprise,44144,8b3f467890d97b714831a29253bd5a7c60c1b13f348022f747a50e360089daa5
Surprise_041.wav,E:\PROJECT 33\PROJECT 33\backend\sample_datasets\audio_dataset\Surprise\Surprise_041.wav,Surprise,44144,8b3f467890d97b714831a29253bd5a7c60c1b13f348022f747a50e360089daa5
Surprise_042.wav,E:\PROJECT 33\PROJECT 33\backend\sample_datasets\audio_dataset\Surprise\Surprise_042.wav,Surprise,44144,8b3f467890d97b714831a29253bd5a7c60c1b13f348022f747a50e360089daa5
Surprise_043.wav,E:\PROJECT 33\PROJECT 33\backend\sample_datasets\audio_dataset\Surprise\Surprise_043.wav,Surprise,44144,8b3f467890d97b714831a29253bd5a7c60c1b13f348022f747a50e360089daa5
Surprise_044.wav,E:\PROJECT 33\PROJECT 33\backend\sample_datasets\audio_dataset\Surprise\Surprise_044.wav,Surprise,44144,8b3f467890d97b714831a29253bd5a7c60c1b13f348022f747a50e360089daa5
Surprise_045.wav,E:\PROJECT 33\PROJECT 33\backend\sample_datasets\audio_dataset\Surprise\Surprise_045.wav,Surprise,44144,8b3f467890d97b714831a29253bd5a7c60c1b13f348022f747a50e360089daa5
Surprise_046.wav,E:\PROJECT 33\PROJECT 33\backend\sample_datasets\audio_dataset\Surprise\Surprise_046.wav,Surprise,44144,8b3f467890d97b714831a29253bd5a7c60c1b13f348022f747a50e360089daa5
Surprise_047.wav,E:\PROJECT 33\PROJECT 33\backend\sample_datasets\audio_dataset\Surprise\Surprise_047.wav,Surprise,44144,8b3f467890d97b714831a29253bd5a7c60c1b13f348022f747a50e360089daa5
Surprise_048.wav,E:\PROJECT 33\PROJECT 33\backend\sample_datasets\audio_dataset\Surprise\Surprise_048.wav,Surprise,44144,8b3f467890d97b714831a29253bd5a7c60c1b13f348022f747a50e360089daa5
Surprise_049.wav,E:\PROJECT 33\PROJECT 33\backend\sample_datasets\audio_dataset\Surprise\Surprise_049.wav,Surprise,44144,8b3f467890d97b714831a29253bd5a7c60c1b13f348022f747a50e360089daa5
Surprise_050.wav,E:\PROJECT 33\PROJECT 33\backend\sample_datasets\audio_dataset\Surprise\Surprise_050.wav,Surprise,44144,8b3f467890d97b714831a29253bd5a7c60c1b13f348022f747a50e360089daa5
Surprise_051.wav,E:\PROJECT 33\PROJECT 33\backend\sample_datasets\audio_dataset\Surprise\Surprise_051.wav,Surprise,44144,8b3f467890d97b714831a29253bd5a7c60c1b13f348022f747a50e360089daa5
Surprise_052.wav,E:\PROJECT 33\PROJECT 33\backend\sample_datasets\audio_dataset\Surprise\Surprise_052.wav,Surprise,44144,8b3f467890d97b714831a29253bd5a7c60c1b13f348022f747a50e360089daa5
Surprise_053.wav,E:\PROJECT 33\PROJECT 33\backend\sample_datasets\audio_dataset\Surprise\Surprise_053.wav,Surprise,44144,8b3f467890d97b714831a29253bd5a7c60c1b13f348022f747a50e360089daa5
Surprise_054.wav,E:\PROJECT 33\PROJECT 33\backend\sample_datasets\audio_dataset\Surprise\Surprise_054.wav,Surprise,44144,8b3f467890d97b714831a29253bd5a7c60c1b13f348022f747a50e360089daa5
Surprise_055.wav,E:\PROJECT 33\PROJECT 33\backend\sample_datasets\audio_dataset\Surprise\Surprise_055.wav,Surprise,44144,8b3f467890d97b714831a29253bd5a7c60c1b13f348022f747a50e360089daa5
Surprise_056.wav,E:\PROJECT 33\PROJECT 33\backend\sample_datasets\audio_dataset\Surprise\Surprise_056.wav,Surprise,44144,8b3f467890d97b714831a29253bd5a7c60c1b13f348022f747a50e360089daa5
Surprise_057.wav,E:\PROJECT 33\PROJECT 33\backend\sample_datasets\audio_dataset\Surprise\Surprise_057.wav,Surprise,44144,8b3f467890d97b714831a29253bd5a7c60c1b13f348022f747a50e360089daa5
Surprise_058.wav,E:\PROJECT 33\PROJECT 33\backend\sample_datasets\audio_dataset\Surprise\Surprise_058.wav,Surprise,44144,8b3f467890d97b714831a29253bd5a7c60c1b13f348022f747a50e360089daa5
Surprise_059.wav,E:\PROJECT 33\PROJECT 33\backend\sample_datasets\audio_dataset\Surprise\Surprise_059.wav,Surprise,44144,8b3f467890d97b714831a29253bd5a7c60c1b13f348022f747a50e360089daa5
Surprise_060.wav,E:\PROJECT 33\PROJECT 33\backend\sample_datasets\audio_dataset\Surprise\Surprise_060.wav,Surprise,44144,8b3f467890d97b714831a29253bd5a7c60c1b13f348022f747a50e360089daa5
Surprise_061.wav,E:\PROJECT 33\PROJECT 33\backend\sample_datasets\audio_dataset\Surprise\Surprise_061.wav,Surprise,44144,8b3f467890d97b714831a29253bd5a7c60c1b13f348022f747a50e360089daa5
Surprise_062.wav,E:\PROJECT 33\PROJECT 33\backend\sample_datasets\audio_dataset\Surprise\Surprise_062.wav,Surprise,44144,8b3f467890d97b714831a29253bd5a7c60c1b13f348022f747a50e360089daa5
Surprise_063.wav,E:\PROJECT 33\PROJECT 33\backend\sample_datasets\audio_dataset\Surprise\Surprise_063.wav,Surprise,44144,8b3f467890d97b714831a29253bd5a7c60c1b13f348022f747a50e360089daa5
Surprise_064.wav,E:\PROJECT 33\PROJECT 33\backend\sample_datasets\audio_dataset\Surprise\Surprise_064.wav,Surprise,44144,8b3f467890d97b714831a29253bd5a7c60c1b13f348022f747a50e360089daa5
Surprise_065.wav,E:\PROJECT 33\PROJECT 33\backend\sample_datasets\audio_dataset\Surprise\Surprise_065.wav,Surprise,44144,8b3f467890d97b714831a29253bd5a7c60c1b13f348022f747a50e360089daa5
Surprise_066.wav,E:\PROJECT 33\PROJECT 33\backend\sample_datasets\audio_dataset\Surprise\Surprise_066.wav,Surprise,44144,8b3f467890d97b714831a29253bd5a7c60c1b13f348022f747a50e360089daa5
Surprise_067.wav,E:\PROJECT 33\PROJECT 33\backend\sample_datasets\audio_dataset\Surprise\Surprise_067.wav,Surprise,44144,8b3f467890d97b714831a29253bd5a7c60c1b13f348022f747a50e360089daa5
Surprise_068.wav,E:\PROJECT 33\PROJECT 33\backend\sample_datasets\audio_dataset\Surprise\Surprise_068.wav,Surprise,44144,8b3f467890d97b714831a29253bd5a7c60c1b13f348022f747a50e360089daa5
Surprise_069.wav,E:\PROJECT 33\PROJECT 33\backend\sample_datasets\audio_dataset\Surprise\Surprise_069.wav,Surprise,44144,8b3f467890d97b714831a29253bd5a7c60c1b13f348022f747a50e360089daa5
Surprise_070.wav,E:\PROJECT 33\PROJECT 33\backend\sample_datasets\audio_dataset\Surprise\Surprise_070.wav,Surprise,44144,8b3f467890d97b714831a29253bd5a7c60c1b13f348022f747a50e360089daa5
Surprise_071.wav,E:\PROJECT 33\PROJECT 33\backend\sample_datasets\audio_dataset\Surprise\Surprise_071.wav,Surprise,44144,8b3f467890d97b714831a29253bd5a7c60c1b13f348022f747a50e360089daa5
Surprise_072.wav,E:\PROJECT 33\PROJECT 33\backend\sample_datasets\audio_dataset\Surprise\Surprise_072.wav,Surprise,44144,8b3f467890d97b714831a29253bd5a7c60c1b13f348022f747a50e360089daa5
Surprise_073.wav,E:\PROJECT 33\PROJECT 33\backend\sample_datasets\audio_dataset\Surprise\Surprise_073.wav,Surprise,44144,8b3f467890d97b714831a29253bd5a7c60c1b13f348022f747a50e360089daa5
Surprise_074.wav,E:\PROJECT 33\PROJECT 33\backend\sample_datasets\audio_dataset\Surprise\Surprise_074.wav,Surprise,44144,8b3f467890d97b714831a29253bd5a7c60c1b13f348022f747a50e360089daa5
Surprise_075.wav,E:\PROJECT 33\PROJECT 33\backend\sample_datasets\audio_dataset\Surprise\Surprise_075.wav,Surprise,44144,8b3f467890d97b714831a29253bd5a7c60c1b13f348022f747a50e360089daa5
Surprise_076.wav,E:\PROJECT 33\PROJECT 33\backend\sample_datasets\audio_dataset\Surprise\Surprise_076.wav,Surprise,44144,8b3f467890d97b714831a29253bd5a7c60c1b13f348022f747a50e360089daa5
Surprise_077.wav,E:\PROJECT 33\PROJECT 33\backend\sample_datasets\audio_dataset\Surprise\Surprise_077.wav,Surprise,44144,8b3f467890d97b714831a29253bd5a7c60c1b13f348022f747a50e360089daa5
Surprise_078.wav,E:\PROJECT 33\PROJECT 33\backend\sample_datasets\audio_dataset\Surprise\Surprise_078.wav,Surprise,44144,8b3f467890d97b714831a29253bd5a7c60c1b13f348022f747a50e360089daa5
Surprise_079.wav,E:\PROJECT 33\PROJECT 33\backend\sample_datasets\audio_dataset\Surprise\Surprise_079.wav,Surprise,44144,8b3f467890d97b714831a29253bd5a7c60c1b13f348022f747a50e360089daa5
Surprise_080.wav,E:\PROJECT 33\PROJECT 33\backend\sample_datasets\audio_dataset\Surprise\Surprise_080.wav,Surprise,44144,8b3f467890d97b714831a29253bd5a7c60c1b13f348022f747a50e360089daa5
Surprise_081.wav,E:\PROJECT 33\PROJECT 33\backend\sample_datasets\audio_dataset\Surprise\Surprise_081.wav,Surprise,44144,8b3f467890d97b714831a29253bd5a7c60c1b13f348022f747a50e360089daa5
Surprise_082.wav,E:\PROJECT 33\PROJECT 33\backend\sample_datasets\audio_dataset\Surprise\Surprise_082.wav,Surprise,44144,8b3f467890d97b714831a29253bd5a7c60c1b13f348022f747a50e360089daa5
Surprise_083.wav,E:\PROJECT 33\PROJECT 33\backend\sample_datasets\audio_dataset\Surprise\Surprise_083.wav,Surprise,44144,8b3f467890d97b714831a29253bd5a7c60c1b13f348022f747a50e360089daa5
Surprise_084.wav,E:\PROJECT 33\PROJECT 33\backend\sample_datasets\audio_dataset\Surprise\Surprise_084.wav,Surprise,44144,8b3f467890d97b714831a29253bd5a7c60c1b13f348022f747a50e360089daa5
Surprise_085.wav,E:\PROJECT 33\PROJECT 33\backend\sample_datasets\audio_dataset\Surprise\Surprise_085.wav,Surprise,44144,8b3f467890d97b714831a29253bd5a7c60c1b13f348022f747a50e360089daa5
Surprise_086.wav,E:\PROJECT 33\PROJECT 33\backend\sample_datasets\audio_dataset\Surprise\Surprise_086.wav,Surprise,44144,8b3f467890d97b714831a29253bd5a7c60c1b13f348022f747a50e360089daa5
Surprise_087.wav,E:\PROJECT 33\PROJECT 33\backend\sample_datasets\audio_dataset\Surprise\Surprise_087.wav,Surprise,44144,8b3f467890d97b714831a29253bd5a7c60c1b13f348022f747a50e360089daa5
Surprise_088.wav,E:\PROJECT 33\PROJECT 33\backend\sample_datasets\audio_dataset\Surprise\Surprise_088.wav,Surprise,44144,8b3f467890d97b714831a29253bd5a7c60c1b13f348022f747a50e360089daa5
Surprise_089.wav,E:\PROJECT 33\PROJECT 33\backend\sample_datasets\audio_dataset\Surprise\Surprise_089.wav,Surprise,44144,8b3f467890d97b714831a29253bd5a7c60c1b13f348022f747a50e360089daa5
Surprise_090.wav,E:\PROJECT 33\PROJECT 33\backend\sample_datasets\audio_dataset\Surprise\Surprise_090.wav,Surprise,44144,8b3f467890d97b714831a29253bd5a7c60c1b13f348022f747a50e360089daa5
Surprise_091.wav,E:\PROJECT 33\PROJECT 33\backend\sample_datasets\audio_dataset\Surprise\Surprise_091.wav,Surprise,44144,8b3f467890d97b714831a29253bd5a7c60c1b13f348022f747a50e360089daa5
Surprise_092.wav,E:\PROJECT 33\PROJECT 33\backend\sample_datasets\audio_dataset\Surprise\Surprise_092.wav,Surprise,44144,8b3f467890d97b714831a29253bd5a7c60c1b13f348022f747a50e360089daa5
Surprise_093.wav,E:\PROJECT 33\PROJECT 33\backend\sample_datasets\audio_dataset\Surprise\Surprise_093.wav,Surprise,44144,8b3f467890d97b714831a29253bd5a7c60c1b13f348022f747a50e360089daa5
Surprise_094.wav,E:\PROJECT 33\PROJECT 33\backend\sample_datasets\audio_dataset\Surprise\Surprise_094.wav,Surprise,44144,8b3f467890d97b714831a29253bd5a7c60c1b13f348022f747a50e360089daa5
Surprise_095.wav,E:\PROJECT 33\PROJECT 33\backend\sample_datasets\audio_dataset\Surprise\Surprise_095.wav,Surprise,44144,8b3f467890d97b714831a29253bd5a7c60c1b13f348022f747a50e360089daa5
Surprise_096.wav,E:\PROJECT 33\PROJECT 33\backend\sample_datasets\audio_dataset\Surprise\Surprise_096.wav,Surprise,44144,8b3f467890d97b714831a29253bd5a7c60c1b13f348022f747a50e360089daa5
Surprise_097.wav,E:\PROJECT 33\PROJECT 33\backend\sample_datasets\audio_dataset\Surprise\Surprise_097.wav,Surprise,44144,8b3f467890d97b714831a29253bd5a7c60c1b13f348022f747a50e360089daa5
Surprise_098.wav,E:\PROJECT 33\PROJECT 33\backend\sample_datasets\audio_dataset\Surprise\Surprise_098.wav,Surprise,44144,8b3f467890d97b714831a29253bd5a7c60c1b13f348022f747a50e360089daa5
Surprise_099.wav,E:\PROJECT 33\PROJECT 33\backend\sample_datasets\audio_dataset\Surprise\Surprise_099.wav,Surprise,44144,8b3f467890d97b714831a29253bd5a7c60c1b13f348022f747a50e360089daa5
Surprise_100.wav,E:\PROJECT 33\PROJECT 33\backend\sample_datasets\audio_dataset\Surprise\Surprise_100.wav,Surprise,44144,8b3f467890d97b714831a29253bd5a7c60c1b13f348022f747a50e360089daa5
Surprise_101.wav,E:\PROJECT 33\PROJECT 33\backend\sample_datasets\audio_dataset\Surprise\Surprise_101.wav,Surprise,44144,8b3f467890d97b714831a29253bd5a7c60c1b13f348022f747a50e360089daa5
Surprise_102.wav,E:\PROJECT 33\PROJECT 33\backend\sample_datasets\audio_dataset\Surprise\Surprise_102.wav,Surprise,44144,8b3f467890d97b714831a29253bd5a7c60c1b13f348022f747a50e360089daa5
Surprise_103.wav,E:\PROJECT 33\PROJECT 33\backend\sample_datasets\audio_dataset\Surprise\Surprise_103.wav,Surprise,44144,8b3f467890d97b714831a29253bd5a7c60c1b13f348022f747a50e360089daa5
Surprise_104.wav,E:\PROJECT 33\PROJECT 33\backend\sample_datasets\audio_dataset\Surprise\Surprise_104.wav,Surprise,44144,8b3f467890d97b714831a29253bd5a7c60c1b13f348022f747a50e360089daa5
Surprise_105.wav,E:\PROJECT 33\PROJECT 33\backend\sample_datasets\audio_dataset\Surprise\Surprise_105.wav,Surprise,44144,8b3f467890d97b714831a29253bd5a7c60c1b13f348022f747a50e360089daa5
Surprise_106.wav,E:\PROJECT 33\PROJECT 33\backend\sample_datasets\audio_dataset\Surprise\Surprise_106.wav,Surprise,44144,8b3f467890d97b714831a29253bd5a7c60c1b13f348022f747a50e360089daa5
Surprise_107.wav,E:\PROJECT 33\PROJECT 33\backend\sample_datasets\audio_dataset\Surprise\Surprise_107.wav,Surprise,44144,8b3f467890d97b714831a29253bd5a7c60c1b13f348022f747a50e360089daa5
Surprise_108.wav,E:\PROJECT 33\PROJECT 33\backend\sample_datasets\audio_dataset\Surprise\Surprise_108.wav,Surprise,44144,8b3f467890d97b714831a29253bd5a7c60c1b13f348022f747a50e360089daa5
Surprise_109.wav,E:\PROJECT 33\PROJECT 33\backend\sample_datasets\audio_dataset\Surprise\Surprise_109.wav,Surprise,44144,8b3f467890d97b714831a29253bd5a7c60c1b13f348022f747a50e360089daa5
Surprise_110.wav,E:\PROJECT 33\PROJECT 33\backend\sample_datasets\audio_dataset\Surprise\Surprise_110.wav,Surprise,44144,8b3f467890d97b714831a29253bd5a7c60c1b13f348022f747a50e360089daa5
Surprise_111.wav,E:\PROJECT 33\PROJECT 33\backend\sample_datasets\audio_dataset\Surprise\Surprise_111.wav,Surprise,44144,8b3f467890d97b714831a29253bd5a7c60c1b13f348022f747a50e360089daa5
Surprise_112.wav,E:\PROJECT 33\PROJECT 33\backend\sample_datasets\audio_dataset\Surprise\Surprise_112.wav,Surprise,44144,8b3f467890d97b714831a29253bd5a7c60c1b13f348022f747a50e360089daa5
Surprise_113.wav,E:\PROJECT 33\PROJECT 33\backend\sample_datasets\audio_dataset\Surprise\Surprise_113.wav,Surprise,44144,8b3f467890d97b714831a29253bd5a7c60c1b13f348022f747a50e360089daa5
Surprise_114.wav,E:\PROJECT 33\PROJECT 33\backend\sample_datasets\audio_dataset\Surprise\Surprise_114.wav,Surprise,44144,8b3f467890d97b714831a29253bd5a7c60c1b13f348022f747a50e360089daa5
Surprise_115.wav,E:\PROJECT 33\PROJECT 33\backend\sample_datasets\audio_dataset\Surprise\Surprise_115.wav,Surprise,44144,8b3f467890d97b714831a29253bd5a7c60c1b13f348022f747a50e360089daa5
Surprise_116.wav,E:\PROJECT 33\PROJECT 33\backend\sample_datasets\audio_dataset\Surprise\Surprise_116.wav,Surprise,44144,8b3f467890d97b714831a29253bd5a7c60c1b13f348022f747a50e360089daa5
Surprise_117.wav,E:\PROJECT 33\PROJECT 33\backend\sample_datasets\audio_dataset\Surprise\Surprise_117.wav,Surprise,44144,8b3f467890d97b714831a29253bd5a7c60c1b13f348022f747a50e360089daa5
Surprise_118.wav,E:\PROJECT 33\PROJECT 33\backend\sample_datasets\audio_dataset\Surprise\Surprise_118.wav,Surprise,44144,8b3f467890d97b714831a29253bd5a7c60c1b13f348022f747a50e360089daa5
Surprise_119.wav,E:\PROJECT 33\PROJECT 33\backend\sample_datasets\audio_dataset\Surprise\Surprise_119.wav,Surprise,44144,8b3f467890d97b714831a29253bd5a7c60c1b13f348022f747a50e360089daa5
Surprise_120.wav,E:\PROJECT 33\PROJECT 33\backend\sample_datasets\audio_dataset\Surprise\Surprise_120.wav,Surprise,44144,8b3f467890d97b714831a29253bd5a7c60c1b13f348022f747a50e360089daa5
Surprise_121.wav,E:\PROJECT 33\PROJECT 33\backend\sample_datasets\audio_dataset\Surprise\Surprise_121.wav,Surprise,44144,8b3f467890d97b714831a29253bd5a7c60c1b13f348022f747a50e360089daa5
Surprise_122.wav,E:\PROJECT 33\PROJECT 33\backend\sample_datasets\audio_dataset\Surprise\Surprise_122.wav,Surprise,44144,8b3f467890d97b714831a29253bd5a7c60c1b13f348022f747a50e360089daa5
Surprise_123.wav,E:\PROJECT 33\PROJECT 33\backend\sample_datasets\audio_dataset\Surprise\Surprise_123.wav,Surprise,44144,8b3f467890d97b714831a29253bd5a7c60c1b13f348022f747a50e360089daa5
Surprise_124.wav,E:\PROJECT 33\PROJECT 33\backend\sample_datasets\audio_dataset\Surprise\Surprise_124.wav,Surprise,44144,8b3f467890d97b714831a29253bd5a7c60c1b13f348022f747a50e360089daa5
Surprise_125.wav,E:\PROJECT 33\PROJECT 33\backend\sample_datasets\audio_dataset\Surprise\Surprise_125.wav,Surprise,44144,8b3f467890d97b714831a29253bd5a7c60c1b13f348022f747a50e360089daa5
Surprise_126.wav,E:\PROJECT 33\PROJECT 33\backend\sample_datasets\audio_dataset\Surprise\Surprise_126.wav,Surprise,44144,8b3f467890d97b714831a29253bd5a7c60c1b13f348022f747a50e360089daa5
Surprise_127.wav,E:\PROJECT 33\PROJECT 33\backend\sample_datasets\audio_dataset\Surprise\Surprise_127.wav,Surprise,44144,8b3f467890d97b714831a29253bd5a7c60c1b13f348022f747a50e360089daa5
Surprise_128.wav,E:\PROJECT 33\PROJECT 33\backend\sample_datasets\audio_dataset\Surprise\Surprise_128.wav,Surprise,44144,8b3f467890d97b714831a29253bd5a7c60c1b13f348022f747a50e360089daa5
Surprise_129.wav,E:\PROJECT 33\PROJECT 33\backend\sample_datasets\audio_dataset\Surprise\Surprise_129.wav,Surprise,44144,8b3f467890d97b714831a29253bd5a7c60c1b13f348022f747a50e360089daa5
Surprise_130.wav,E:\PROJECT 33\PROJECT 33\backend\sample_datasets\audio_dataset\Surprise\Surprise_130.wav,Surprise,44144,8b3f467890d97b714831a29253bd5a7c60c1b13f348022f747a50e360089daa5
Surprise_131.wav,E:\PROJECT 33\PROJECT 33\backend\sample_datasets\audio_dataset\Surprise\Surprise_131.wav,Surprise,44144,8b3f467890d97b714831a29253bd5a7c60c1b13f348022f747a50e360089daa5
Surprise_132.wav,E:\PROJECT 33\PROJECT 33\backend\sample_datasets\audio_dataset\Surprise\Surprise_132.wav,Surprise,44144,8b3f467890d97b714831a29253bd5a7c60c1b13f348022f747a50e360089daa5
Surprise_133.wav,E:\PROJECT 33\PROJECT 33\backend\sample_datasets\audio_dataset\Surprise\Surprise_133.wav,Surprise,44144,8b3f467890d97b714831a29253bd5a7c60c1b13f348022f747a50e360089daa5
Surprise_134.wav,E:\PROJECT 33\PROJECT 33\backend\sample_datasets\audio_dataset\Surprise\Surprise_134.wav,Surprise,44144,8b3f467890d97b714831a29253bd5a7c60c1b13f348022f747a50e360089daa5
Surprise_135.wav,E:\PROJECT 33\PROJECT 33\backend\sample_datasets\audio_dataset\Surprise\Surprise_135.wav,Surprise,44144,8b3f467890d97b714831a29253bd5a7c60c1b13f348022f747a50e360089daa5
Surprise_136.wav,E:\PROJECT 33\PROJECT 33\backend\sample_datasets\audio_dataset\Surprise\Surprise_136.wav,Surprise,44144,8b3f467890d97b714831a29253bd5a7c60c1b13f348022f747a50e360089daa5
Surprise_137.wav,E:\PROJECT 33\PROJECT 33\backend\sample_datasets\audio_dataset\Surprise\Surprise_137.wav,Surprise,44144,8b3f467890d97b714831a29253bd5a7c60c1b13f348022f747a50e360089daa5
Surprise_138.wav,E:\PROJECT 33\PROJECT 33\backend\sample_datasets\audio_dataset\Surprise\Surprise_138.wav,Surprise,44144,8b3f467890d97b714831a29253bd5a7c60c1b13f348022f747a50e360089daa5
Surprise_139.wav,E:\PROJECT 33\PROJECT 33\backend\sample_datasets\audio_dataset\Surprise\Surprise_139.wav,Surprise,44144,8b3f467890d97b714831a29253bd5a7c60c1b13f348022f747a50e360089daa5
Surprise_140.wav,E:\PROJECT 33\PROJECT 33\backend\sample_datasets\audio_dataset\Surprise\Surprise_140.wav,Surprise,44144,8b3f467890d97b714831a29253bd5a7c60c1b13f348022f747a50e360089daa5
Surprise_141.wav,E:\PROJECT 33\PROJECT 33\backend\sample_datasets\audio_dataset\Surprise\Surprise_141.wav,Surprise,44144,8b3f467890d97b714831a29253bd5a7c60c1b13f348022f747a50e360089daa5
Surprise_142.wav,E:\PROJECT 33\PROJECT 33\backend\sample_datasets\audio_dataset\Surprise\Surprise_142.wav,Surprise,44144,8b3f467890d97b714831a29253bd5a7c60c1b13f348022f747a50e360089daa5
Surprise_143.wav,E:\PROJECT 33\PROJECT 33\backend\sample_datasets\audio_dataset\Surprise\Surprise_143.wav,Surprise,44144,8b3f467890d97b714831a29253bd5a7c60c1b13f348022f747a50e360089daa5
Surprise_144.wav,E:\PROJECT 33\PROJECT 33\backend\sample_datasets\audio_dataset\Surprise\Surprise_144.wav,Surprise,44144,8b3f467890d97b714831a29253bd5a7c60c1b13f348022f747a50e360089daa5
Surprise_145.wav,E:\PROJECT 33\PROJECT 33\backend\sample_datasets\audio_dataset\Surprise\Surprise_145.wav,Surprise,44144,8b3f467890d97b714831a29253bd5a7c60c1b13f348022f747a50e360089daa5
Surprise_146.wav,E:\PROJECT 33\PROJECT 33\backend\sample_datasets\audio_dataset\Surprise\Surprise_146.wav,Surprise,44144,8b3f467890d97b714831a29253bd5a7c60c1b13f348022f747a50e360089daa5
Surprise_147.wav,E:\PROJECT 33\PROJECT 33\backend\sample_datasets\audio_dataset\Surprise\Surprise_147.wav,Surprise,44144,8b3f467890d97b714831a29253bd5a7c60c1b13f348022f747a50e360089daa5
Surprise_148.wav,E:\PROJECT 33\PROJECT 33\backend\sample_datasets\audio_dataset\Surprise\Surprise_148.wav,Surprise,44144,8b3f467890d97b714831a29253bd5a7c60c1b13f348022f747a50e360089daa5
Surprise_149.wav,E:\PROJECT 33\PROJECT 33\backend\sample_datasets\audio_dataset\Surprise\Surprise_149.wav,Surprise,44144,8b3f467890d97b714831a29253bd5a7c60c1b13f348022f747a50e360089daa5
Surprise_150.wav,E:\PROJECT 33\PROJECT 33\backend\sample_datasets\audio_dataset\Surprise\Surprise_150.wav,Surprise,44144,8b3f467890d97b714831a29253bd5a7c60c1b13f348022f747a50e360089daa5
Surprise_151.wav,E:\PROJECT 33\PROJECT 33\backend\sample_datasets\audio_dataset\Surprise\Surprise_151.wav,Surprise,44144,8b3f467890d97b714831a29253bd5a7c60c1b13f348022f747a50e360089daa5
Surprise_152.wav,E:\PROJECT 33\PROJECT 33\backend\sample_datasets\audio_dataset\Surprise\Surprise_152.wav,Surprise,44144,8b3f467890d97b714831a29253bd5a7c60c1b13f348022f747a50e360089daa5
Surprise_153.wav,E:\PROJECT 33\PROJECT 33\backend\sample_datasets\audio_dataset\Surprise\Surprise_153.wav,Surprise,44144,8b3f467890d97b714831a29253bd5a7c60c1b13f348022f747a50e360089daa5
Surprise_154.wav,E:\PROJECT 33\PROJECT 33\backend\sample_datasets\audio_dataset\Surprise\Surprise_154.wav,Surprise,44144,8b3f467890d97b714831a29253bd5a7c60c1b13f348022f747a50e360089daa5
Surprise_155.wav,E:\PROJECT 33\PROJECT 33\backend\sample_datasets\audio_dataset\Surprise\Surprise_155.wav,Surprise,44144,8b3f467890d97b714831a29253bd5a7c60c1b13f348022f747a50e360089daa5
Surprise_156.wav,E:\PROJECT 33\PROJECT 33\backend\sample_datasets\audio_dataset\Surprise\Surprise_156.wav,Surprise,44144,8b3f467890d97b714831a29253bd5a7c60c1b13f348022f747a50e360089daa5
Surprise_157.wav,E:\PROJECT 33\PROJECT 33\backend\sample_datasets\audio_dataset\Surprise\Surprise_157.wav,Surprise,44144,8b3f467890d97b714831a29253bd5a7c60c1b13f348022f747a50e360089daa5
Surprise_158.wav,E:\PROJECT 33\PROJECT 33\backend\sample_datasets\audio_dataset\Surprise\Surprise_158.wav,Surprise,44144,8b3f467890d97b714831a29253bd5a7c60c1b13f348022f747a50e360089daa5
Surprise_159.wav,E:\PROJECT 33\PROJECT 33\backend\sample_datasets\audio_dataset\Surprise\Surprise_159.wav,Surprise,44144,8b3f467890d97b714831a29253bd5a7c60c1b13f348022f747a50e360089daa5
Surprise_160.wav,E:\PROJECT 33\PROJECT 33\backend\sample_datasets\audio_dataset\Surprise\Surprise_160.wav,Surprise,44144,8b3f467890d97b714831a29253bd5a7c60c1b13f348022f747a50e360089daa5
Surprise_161.wav,E:\PROJECT 33\PROJECT 33\backend\sample_datasets\audio_dataset\Surprise\Surprise_161.wav,Surprise,44144,8b3f467890d97b714831a29253bd5a7c60c1b13f348022f747a50e360089daa5
Surprise_162.wav,E:\PROJECT 33\PROJECT 33\backend\sample_datasets\audio_dataset\Surprise\Surprise_162.wav,Surprise,44144,8b3f467890d97b714831a29253bd5a7c60c1b13f348022f747a50e360089daa5
Surprise_163.wav,E:\PROJECT 33\PROJECT 33\backend\sample_datasets\audio_dataset\Surprise\Surprise_163.wav,Surprise,44144,8b3f467890d97b714831a29253bd5a7c60c1b13f348022f747a50e360089daa5
Surprise_164.wav,E:\PROJECT 33\PROJECT 33\backend\sample_datasets\audio_dataset\Surprise\Surprise_164.wav,Surprise,44144,8b3f467890d97b714831a29253bd5a7c60c1b13f348022f747a50e360089daa5
Surprise_165.wav,E:\PROJECT 33\PROJECT 33\backend\sample_datasets\audio_dataset\Surprise\Surprise_165.wav,Surprise,44144,8b3f467890d97b714831a29253bd5a7c60c1b13f348022f747a50e360089daa5
Surprise_166.wav,E:\PROJECT 33\PROJECT 33\backend\sample_datasets\audio_dataset\Surprise\Surprise_166.wav,Surprise,44144,8b3f467890d97b714831a29253bd5a7c60c1b13f348022f747a50e360089daa5
Surprise_167.wav,E:\PROJECT 33\PROJECT 33\backend\sample_datasets\audio_dataset\Surprise\Surprise_167.wav,Surprise,44144,8b3f467890d97b714831a29253bd5a7c60c1b13f348022f747a50e360089daa5
Surprise_168.wav,E:\PROJECT 33\PROJECT 33\backend\sample_datasets\audio_dataset\Surprise\Surprise_168.wav,Surprise,44144,8b3f467890d97b714831a29253bd5a7c60c1b13f348022f747a50e360089daa5
Surprise_169.wav,E:\PROJECT 33\PROJECT 33\backend\sample_datasets\audio_dataset\Surprise\Surprise_169.wav,Surprise,44144,8b3f467890d97b714831a29253bd5a7c60c1b13f348022f747a50e360089daa5
Surprise_170.wav,E:\PROJECT 33\PROJECT 33\backend\sample_datasets\audio_dataset\Surprise\Surprise_170.wav,Surprise,44144,8b3f467890d97b714831a29253bd5a7c60c1b13f348022f747a50e360089daa5
Surprise_171.wav,E:\PROJECT 33\PROJECT 33\backend\sample_datasets\audio_dataset\Surprise\Surprise_171.wav,Surprise,44144,8b3f467890d97b714831a29253bd5a7c60c1b13f348022f747a50e360089daa5
Surprise_172.wav,E:\PROJECT 33\PROJECT 33\backend\sample_datasets\audio_dataset\Surprise\Surprise_172.wav,Surprise,44144,8b3f467890d97b714831a29253bd5a7c60c1b13f348022f747a50e360089daa5
Surprise_173.wav,E:\PROJECT 33\PROJECT 33\backend\sample_datasets\audio_dataset\Surprise\Surprise_173.wav,Surprise,44144,8b3f467890d97b714831a29253bd5a7c60c1b13f348022f747a50e360089daa5
Surprise_174.wav,E:\PROJECT 33\PROJECT 33\backend\sample_datasets\audio_dataset\Surprise\Surprise_174.wav,Surprise,44144,8b3f467890d97b714831a29253bd5a7c60c1b13f348022f747a50e360089daa5
Surprise_175.wav,E:\PROJECT 33\PROJECT 33\backend\sample_datasets\audio_dataset\Surprise\Surprise_175.wav,Surprise,44144,8b3f467890d97b714831a29253bd5a7c60c1b13f348022f747a50e360089daa5
Surprise_176.wav,E:\PROJECT 33\PROJECT 33\backend\sample_datasets\audio_dataset\Surprise\Surprise_176.wav,Surprise,44144,8b3f467890d97b714831a29253bd5a7c60c1b13f348022f747a50e360089daa5
Surprise_177.wav,E:\PROJECT 33\PROJECT 33\backend\sample_datasets\audio_dataset\Surprise\Surprise_177.wav,Surprise,44144,8b3f467890d97b714831a29253bd5a7c60c1b13f348022f747a50e360089daa5
Surprise_178.wav,E:\PROJECT 33\PROJECT 33\backend\sample_datasets\audio_dataset\Surprise\Surprise_178.wav,Surprise,44144,8b3f467890d97b714831a29253bd5a7c60c1b13f348022f747a50e360089daa5
Surprise_179.wav,E:\PROJECT 33\PROJECT 33\backend\sample_datasets\audio_dataset\Surprise\Surprise_179.wav,Surprise,44144,8b3f467890d97b714831a29253bd5a7c60c1b13f348022f747a50e360089daa5
Surprise_180.wav,E:\PROJECT 33\PROJECT 33\backend\sample_datasets\audio_dataset\Surprise\Surprise_180.wav,Surprise,44144,8b3f467890d97b714831a29253bd5a7c60c1b13f348022f747a50e360089daa5
Surprise_181.wav,E:\PROJECT 33\PROJECT 33\backend\sample_datasets\audio_dataset\Surprise\Surprise_181.wav,Surprise,44144,8b3f467890d97b714831a29253bd5a7c60c1b13f348022f747a50e360089daa5
Surprise_182.wav,E:\PROJECT 33\PROJECT 33\backend\sample_datasets\audio_dataset\Surprise\Surprise_182.wav,Surprise,44144,8b3f467890d97b714831a29253bd5a7c60c1b13f348022f747a50e360089daa5
Surprise_183.wav,E:\PROJECT 33\PROJECT 33\backend\sample_datasets\audio_dataset\Surprise\Surprise_183.wav,Surprise,44144,8b3f467890d97b714831a29253bd5a7c60c1b13f348022f747a50e360089daa5
Surprise_184.wav,E:\PROJECT 33\PROJECT 33\backend\sample_datasets\audio_dataset\Surprise\Surprise_184.wav,Surprise,44144,8b3f467890d97b714831a29253bd5a7c60c1b13f348022f747a50e360089daa5
Surprise_185.wav,E:\PROJECT 33\PROJECT 33\backend\sample_datasets\audio_dataset\Surprise\Surprise_185.wav,Surprise,44144,8b3f467890d97b714831a29253bd5a7c60c1b13f348022f747a50e360089daa5
Surprise_186.wav,E:\PROJECT 33\PROJECT 33\backend\sample_datasets\audio_dataset\Surprise\Surprise_186.wav,Surprise,44144,8b3f467890d97b714831a29253bd5a7c60c1b13f348022f747a50e360089daa5
Surprise_187.wav,E:\PROJECT 33\PROJECT 33\backend\sample_datasets\audio_dataset\Surprise\Surprise_187.wav,Surprise,44144,8b3f467890d97b714831a29253bd5a7c60c1b13f348022f747a50e360089daa5
Surprise_188.wav,E:\PROJECT 33\PROJECT 33\backend\sample_datasets\audio_dataset\Surprise\Surprise_188.wav,Surprise,44144,8b3f467890d97b714831a29253bd5a7c60c1b13f348022f747a50e360089daa5
Surprise_189.wav,E:\PROJECT 33\PROJECT 33\backend\sample_datasets\audio_dataset\Surprise\Surprise_189.wav,Surprise,44144,8b3f467890d97b714831a29253bd5a7c60c1b13f348022f747a50e360089daa5
Surprise_190.wav,E:\PROJECT 33\PROJECT 33\backend\sample_datasets\audio_dataset\Surprise\Surprise_190.wav,Surprise,44144,8b3f467890d97b714831a29253bd5a7c60c1b13f348022f747a50e360089daa5
Surprise_191.wav,E:\PROJECT 33\PROJECT 33\backend\sample_datasets\audio_dataset\Surprise\Surprise_191.wav,Surprise,44144,8b3f467890d97b714831a29253bd5a7c60c1b13f348022f747a50e360089daa5
Surprise_192.wav,E:\PROJECT 33\PROJECT 33\backend\sample_datasets\audio_dataset\Surprise\Surprise_192.wav,Surprise,44144,8b3f467890d97b714831a29253bd5a7c60c1b13f348022f747a50e360089daa5
Surprise_193.wav,E:\PROJECT 33\PROJECT 33\backend\sample_datasets\audio_dataset\Surprise\Surprise_193.wav,Surprise,44144,8b3f467890d97b714831a29253bd5a7c60c1b13f348022f747a50e360089daa5
Surprise_194.wav,E:\PROJECT 33\PROJECT 33\backend\sample_datasets\audio_dataset\Surprise\Surprise_194.wav,Surprise,44144,8b3f467890d97b714831a29253bd5a7c60c1b13f348022f747a50e360089daa5
Surprise_195.wav,E:\PROJECT 33\PROJECT 33\backend\sample_datasets\audio_dataset\Surprise\Surprise_195.wav,Surprise,44144,8b3f467890d97b714831a29253bd5a7c60c1b13f348022f747a50e360089daa5
Surprise_196.wav,E:\PROJECT 33\PROJECT 33\backend\sample_datasets\audio_dataset\Surprise\Surprise_196.wav,Surprise,44144,8b3f467890d97b714831a29253bd5a7c60c1b13f348022f747a50e360089daa5
Surprise_197.wav,E:\PROJECT 33\PROJECT 33\backend\sample_datasets\audio_dataset\Surprise\Surprise_197.wav,Surprise,44144,8b3f467890d97b714831a29253bd5a7c60c1b13f348022f747a50e360089daa5
Surprise_198.wav,E:\PROJECT 33\PROJECT 33\backend\sample_datasets\audio_dataset\Surprise\Surprise_198.wav,Surprise,44144,8b3f467890d97b714831a29253bd5a7c60c1b13f348022f747a50e360089daa5
Surprise_199.wav,E:\PROJECT 33\PROJECT 33\backend\sample_datasets\audio_dataset\Surprise\Surprise_199.wav,Surprise,44144,8b3f467890d97b714831a29253bd5a7c60c1b13f348022f747a50e360089daa5
Surprise_200.wav,E:\PROJECT 33\PROJECT 33\backend\sample_datasets\audio_dataset\Surprise\Surprise_200.wav,Surprise,44144,8b3f467890d97b714831a29253bd5a7c60c1b13f348022f747a50e360089daa5
Surprise_201.wav,E:\PROJECT 33\PROJECT 33\backend\sample_datasets\audio_dataset\Surprise\Surprise_201.wav,Surprise,44144,8b3f467890d97b714831a29253bd5a7c60c1b13f348022f747a50e360089daa5
Surprise_202.wav,E:\PROJECT 33\PROJECT 33\backend\sample_datasets\audio_dataset\Surprise\Surprise_202.wav,Surprise,44144,8b3f467890d97b714831a29253bd5a7c60c1b13f348022f747a50e360089daa5
Surprise_203.wav,E:\PROJECT 33\PROJECT 33\backend\sample_datasets\audio_dataset\Surprise\Surprise_203.wav,Surprise,44144,8b3f467890d97b714831a29253bd5a7c60c1b13f348022f747a50e360089daa5
Surprise_204.wav,E:\PROJECT 33\PROJECT 33\backend\sample_datasets\audio_dataset\Surprise\Surprise_204.wav,Surprise,44144,8b3f467890d97b714831a29253bd5a7c60c1b13f348022f747a50e360089daa5
Surprise_205.wav,E:\PROJECT 33\PROJECT 33\backend\sample_datasets\audio_dataset\Surprise\Surprise_205.wav,Surprise,44144,8b3f467890d97b714831a29253bd5a7c60c1b13f348022f747a50e360089daa5
Surprise_206.wav,E:\PROJECT 33\PROJECT 33\backend\sample_datasets\audio_dataset\Surprise\Surprise_206.wav,Surprise,44144,8b3f467890d97b714831a29253bd5a7c60c1b13f348022f747a50e360089daa5
Surprise_207.wav,E:\PROJECT 33\PROJECT 33\backend\sample_datasets\audio_dataset\Surprise\Surprise_207.wav,Surprise,44144,8b3f467890d97b714831a29253bd5a7c60c1b13f348022f747a50e360089daa5
Surprise_208.wav,E:\PROJECT 33\PROJECT 33\backend\sample_datasets\audio_dataset\Surprise\Surprise_208.wav,Surprise,44144,8b3f467890d97b714831a29253bd5a7c60c1b13f348022f747a50e360089daa5
Surprise_209.wav,E:\PROJECT 33\PROJECT 33\backend\sample_datasets\audio_dataset\Surprise\Surprise_209.wav,Surprise,44144,8b3f467890d97b714831a29253bd5a7c60c1b13f348022f747a50e360089daa5
Surprise_210.wav,E:\PROJECT 33\PROJECT 33\backend\sample_datasets\audio_dataset\Surprise\Surprise_210.wav,Surprise,44144,8b3f467890d97b714831a29253bd5a7c60c1b13f348022f747a50e360089daa5
Surprise_211.wav,E:\PROJECT 33\PROJECT 33\backend\sample_datasets\audio_dataset\Surprise\Surprise_211.wav,Surprise,44144,8b3f467890d97b714831a29253bd5a7c60c1b13f348022f747a50e360089daa5
Surprise_212.wav,E:\PROJECT 33\PROJECT 33\backend\sample_datasets\audio_dataset\Surprise\Surprise_212.wav,Surprise,44144,8b3f467890d97b714831a29253bd5a7c60c1b13f348022f747a50e360089daa5
Surprise_213.wav,E:\PROJECT 33\PROJECT 33\backend\sample_datasets\audio_dataset\Surprise\Surprise_213.wav,Surprise,44144,8b3f467890d97b714831a29253bd5a7c60c1b13f348022f747a50e360089daa5
Surprise_214.wav,E:\PROJECT 33\PROJECT 33\backend\sample_datasets\audio_dataset\Surprise\Surprise_214.wav,Surprise,44144,8b3f467890d97b714831a29253bd5a7c60c1b13f348022f747a50e360089daa5
Surprise_215.wav,E:\PROJECT 33\PROJECT 33\backend\sample_datasets\audio_dataset\Surprise\Surprise_215.wav,Surprise,44144,8b3f467890d97b714831a29253bd5a7c60c1b13f348022f747a50e360089daa5
Surprise_216.wav,E:\PROJECT 33\PROJECT 33\backend\sample_datasets\audio_dataset\Surprise\Surprise_216.wav,Surprise,44144,8b3f467890d97b714831a29253bd5a7c60c1b13f348022f747a50e360089daa5
Surprise_217.wav,E:\PROJECT 33\PROJECT 33\backend\sample_datasets\audio_dataset\Surprise\Surprise_217.wav,Surprise,44144,8b3f467890d97b714831a29253bd5a7c60c1b13f348022f747a50e360089daa5
Surprise_218.wav,E:\PROJECT 33\PROJECT 33\backend\sample_datasets\audio_dataset\Surprise\Surprise_218.wav,Surprise,44144,8b3f467890d97b714831a29253bd5a7c60c1b13f348022f747a50e360089daa5
Surprise_219.wav,E:\PROJECT 33\PROJECT 33\backend\sample_datasets\audio_dataset\Surprise\Surprise_219.wav,Surprise,44144,8b3f467890d97b714831a29253bd5a7c60c1b13f348022f747a50e360089daa5
Surprise_220.wav,E:\PROJECT 33\PROJECT 33\backend\sample_datasets\audio_dataset\Surprise\Surprise_220.wav,Surprise,44144,8b3f467890d97b714831a29253bd5a7c60c1b13f348022f747a50e360089daa5
Surprise_221.wav,E:\PROJECT 33\PROJECT 33\backend\sample_datasets\audio_dataset\Surprise\Surprise_221.wav,Surprise,44144,8b3f467890d97b714831a29253bd5a7c60c1b13f348022f747a50e360089daa5
Surprise_222.wav,E:\PROJECT 33\PROJECT 33\backend\sample_datasets\audio_dataset\Surprise\Surprise_222.wav,Surprise,44144,8b3f467890d97b714831a29253bd5a7c60c1b13f348022f747a50e360089daa5
Surprise_223.wav,E:\PROJECT 33\PROJECT 33\backend\sample_datasets\audio_dataset\Surprise\Surprise_223.wav,Surprise,44144,8b3f467890d97b714831a29253bd5a7c60c1b13f348022f747a50e360089daa5
Surprise_224.wav,E:\PROJECT 33\PROJECT 33\backend\sample_datasets\audio_dataset\Surprise\Surprise_224.wav,Surprise,44144,8b3f467890d97b714831a29253bd5a7c60c1b13f348022f747a50e360089daa5
Surprise_225.wav,E:\PROJECT 33\PROJECT 33\backend\sample_datasets\audio_dataset\Surprise\Surprise_225.wav,Surprise,44144,8b3f467890d97b714831a29253bd5a7c60c1b13f348022f747a50e360089daa5
Surprise_226.wav,E:\PROJECT 33\PROJECT 33\backend\sample_datasets\audio_dataset\Surprise\Surprise_226.wav,Surprise,44144,8b3f467890d97b714831a29253bd5a7c60c1b13f348022f747a50e360089daa5
Surprise_227.wav,E:\PROJECT 33\PROJECT 33\backend\sample_datasets\audio_dataset\Surprise\Surprise_227.wav,Surprise,44144,8b3f467890d97b714831a29253bd5a7c60c1b13f348022f747a50e360089daa5
Surprise_228.wav,E:\PROJECT 33\PROJECT 33\backend\sample_datasets\audio_dataset\Surprise\Surprise_228.wav,Surprise,44144,8b3f467890d97b714831a29253bd5a7c60c1b13f348022f747a50e360089daa5
Surprise_229.wav,E:\PROJECT 33\PROJECT 33\backend\sample_datasets\audio_dataset\Surprise\Surprise_229.wav,Surprise,44144,8b3f467890d97b714831a29253bd5a7c60c1b13f348022f747a50e360089daa5
Surprise_230.wav,E:\PROJECT 33\PROJECT 33\backend\sample_datasets\audio_dataset\Surprise\Surprise_230.wav,Surprise,44144,8b3f467890d97b714831a29253bd5a7c60c1b13f348022f747a50e360089daa5
Surprise_231.wav,E:\PROJECT 33\PROJECT 33\backend\sample_datasets\audio_dataset\Surprise\Surprise_231.wav,Surprise,44144,8b3f467890d97b714831a29253bd5a7c60c1b13f348022f747a50e360089daa5
Surprise_232.wav,E:\PROJECT 33\PROJECT 33\backend\sample_datasets\audio_dataset\Surprise\Surprise_232.wav,Surprise,44144,8b3f467890d97b714831a29253bd5a7c60c1b13f348022f747a50e360089daa5
Surprise_233.wav,E:\PROJECT 33\PROJECT 33\backend\sample_datasets\audio_dataset\Surprise\Surprise_233.wav,Surprise,44144,8b3f467890d97b714831a29253bd5a7c60c1b13f348022f747a50e360089daa5
Surprise_234.wav,E:\PROJECT 33\PROJECT 33\backend\sample_datasets\audio_dataset\Surprise\Surprise_234.wav,Surprise,44144,8b3f467890d97b714831a29253bd5a7c60c1b13f348022f747a50e360089daa5
Surprise_235.wav,E:\PROJECT 33\PROJECT 33\backend\sample_datasets\audio_dataset\Surprise\Surprise_235.wav,Surprise,44144,8b3f467890d97b714831a29253bd5a7c60c1b13f348022f747a50e360089daa5
Surprise_236.wav,E:\PROJECT 33\PROJECT 33\backend\sample_datasets\audio_dataset\Surprise\Surprise_236.wav,Surprise,44144,8b3f467890d97b714831a29253bd5a7c60c1b13f348022f747a50e360089daa5
Surprise_237.wav,E:\PROJECT 33\PROJECT 33\backend\sample_datasets\audio_dataset\Surprise\Surprise_237.wav,Surprise,44144,8b3f467890d97b714831a29253bd5a7c60c1b13f348022f747a50e360089daa5
Surprise_238.wav,E:\PROJECT 33\PROJECT 33\backend\sample_datasets\audio_dataset\Surprise\Surprise_238.wav,Surprise,44144,8b3f467890d97b714831a29253bd5a7c60c1b13f348022f747a50e360089daa5
Surprise_239.wav,E:\PROJECT 33\PROJECT 33\backend\sample_datasets\audio_dataset\Surprise\Surprise_239.wav,Surprise,44144,8b3f467890d97b714831a29253bd5a7c60c1b13f348022f747a50e360089daa5
Surprise_240.wav,E:\PROJECT 33\PROJECT 33\backend\sample_datasets\audio_dataset\Surprise\Surprise_240.wav,Surprise,44144,8b3f467890d97b714831a29253bd5a7c60c1b13f348022f747a50e360089daa5
Surprise_241.wav,E:\PROJECT 33\PROJECT 33\backend\sample_datasets\audio_dataset\Surprise\Surprise_241.wav,Surprise,44144,8b3f467890d97b714831a29253bd5a7c60c1b13f348022f747a50e360089daa5
Surprise_242.wav,E:\PROJECT 33\PROJECT 33\backend\sample_datasets\audio_dataset\Surprise\Surprise_242.wav,Surprise,44144,8b3f467890d97b714831a29253bd5a7c60c1b13f348022f747a50e360089daa5
Surprise_243.wav,E:\PROJECT 33\PROJECT 33\backend\sample_datasets\audio_dataset\Surprise\Surprise_243.wav,Surprise,44144,8b3f467890d97b714831a29253bd5a7c60c1b13f348022f747a50e360089daa5
Surprise_244.wav,E:\PROJECT 33\PROJECT 33\backend\sample_datasets\audio_dataset\Surprise\Surprise_244.wav,Surprise,44144,8b3f467890d97b714831a29253bd5a7c60c1b13f348022f747a50e360089daa5
Surprise_245.wav,E:\PROJECT 33\PROJECT 33\backend\sample_datasets\audio_dataset\Surprise\Surprise_245.wav,Surprise,44144,8b3f467890d97b714831a29253bd5a7c60c1b13f348022f747a50e360089daa5
Surprise_246.wav,E:\PROJECT 33\PROJECT 33\backend\sample_datasets\audio_dataset\Surprise\Surprise_246.wav,Surprise,44144,8b3f467890d97b714831a29253bd5a7c60c1b13f348022f747a50e360089daa5
Surprise_247.wav,E:\PROJECT 33\PROJECT 33\backend\sample_datasets\audio_dataset\Surprise\Surprise_247.wav,Surprise,44144,8b3f467890d97b714831a29253bd5a7c60c1b13f348022f747a50e360089daa5
Surprise_248.wav,E:\PROJECT 33\PROJECT 33\backend\sample_datasets\audio_dataset\Surprise\Surprise_248.wav,Surprise,44144,8b3f467890d97b714831a29253bd5a7c60c1b13f348022f747a50e360089daa5
Surprise_249.wav,E:\PROJECT 33\PROJECT 33\backend\sample_datasets\audio_dataset\Surprise\Surprise_249.wav,Surprise,44144,8b3f467890d97b714831a29253bd5a7c60c1b13f348022f747a50e360089daa5
