filename,file_path,emotion,file_size_bytes,file_hash
Angry_000.png,E:\PROJECT 33\PROJECT 33\backend\sample_datasets\image_dataset\Angry\Angry_000.png,Angry,1282,1add64e24fb378a06660ffd3397394fa90daad9812687530fa6efbe9ce50e4bd
Angry_001.png,E:\PROJECT 33\PROJECT 33\backend\sample_datasets\image_dataset\Angry\Angry_001.png,Angry,1293,53c0aa527308fe2f58c7ed837737faaaca164cc5c8d4a07366e07ce7f3379389
Angry_002.png,E:\PROJECT 33\PROJECT 33\backend\sample_datasets\image_dataset\Angry\Angry_002.png,Angry,1275,832db94cad51cf6b9cd0bcb0b0df914e3b7f6d73cf52de79202a2df6b494663d
Angry_003.png,E:\PROJECT 33\PROJECT 33\backend\sample_datasets\image_dataset\Angry\Angry_003.png,Angry,1272,e1ce974f9217674a3315fb2871fd1e8383a22d4c5f250dea606dcae49183acf0
Angry_004.png,E:\PROJECT 33\PROJECT 33\backend\sample_datasets\image_dataset\Angry\Angry_004.png,Angry,1302,6110ebf44b82cefcc4051f5e83097319e20020eaae6c2763e682b987c9332c55
Angry_005.png,E:\PROJECT 33\PROJECT 33\backend\sample_datasets\image_dataset\Angry\Angry_005.png,Angry,1260,d084b9494dfb852d2b8282ff7252072619e1ccdb9f5720536fe50b7d85813fa1
Angry_006.png,E:\PROJECT 33\PROJECT 33\backend\sample_datasets\image_dataset\Angry\Angry_006.png,Angry,1270,fa852d90d766712b80d6104215b1aecf106a35a0b89b8863875e6bbe44691037
Angry_007.png,E:\PROJECT 33\PROJECT 33\backend\sample_datasets\image_dataset\Angry\Angry_007.png,Angry,1265,a997cbdfd1867f65c041f2f7ed6c305ddecdcdab2dafd5485250cf82caf39808
Angry_008.png,E:\PROJECT 33\PROJECT 33\backend\sample_datasets\image_dataset\Angry\Angry_008.png,Angry,1284,950fff1e6a6b67e40ac5d65c8c2cfdb547b0bc6aeccf44e98c12b9a776067a1c
Angry_009.png,E:\PROJECT 33\PROJECT 33\backend\sample_datasets\image_dataset\Angry\Angry_009.png,Angry,1274,47ecfbc812bb73b4ebfbdeaaaacf693586cb1b27332df17641b0ff15c1fe753c
Angry_010.png,E:\PROJECT 33\PROJECT 33\backend\sample_datasets\image_dataset\Angry\Angry_010.png,Angry,1264,28b42537ebd39d89ef7fb958b497fd046e2cbc72504e138681a291189760954e
Angry_011.png,E:\PROJECT 33\PROJECT 33\backend\sample_datasets\image_dataset\Angry\Angry_011.png,Angry,1279,fea3b350982f70ee7aa29952a4243b82deb08da81deae33a0854727d4eff0dfc
Angry_012.png,E:\PROJECT 33\PROJECT 33\backend\sample_datasets\image_dataset\Angry\Angry_012.png,Angry,1275,f38f585371450866695625a49af6f5cd7cda1292420a51098c036454711bda80
Angry_013.png,E:\PROJECT 33\PROJECT 33\backend\sample_datasets\image_dataset\Angry\Angry_013.png,Angry,1270,4b799e1ed63b6a2c9e38f28940384f04bce82f3d9a0b4c7edaed8637e15ba717
Angry_014.png,E:\PROJECT 33\PROJECT 33\backend\sample_datasets\image_dataset\Angry\Angry_014.png,Angry,1290,6ff05f6b099cfac9710ec192ca453f2fd37ff53dcf6f8469b49d5412201e4b5b
Angry_015.png,E:\PROJECT 33\PROJECT 33\backend\sample_datasets\image_dataset\Angry\Angry_015.png,Angry,1271,21d1938d9afa3dd2165d1b4b1c8acbf591de2e78cf00296d3c406b9776bde747
Angry_016.png,E:\PROJECT 33\PROJECT 33\backend\sample_datasets\image_dataset\Angry\Angry_016.png,Angry,1267,92b290d3c0ceab268c6f1b3fb0d77eef01000e06823328051f90912e8fe06749
Angry_017.png,E:\PROJECT 33\PROJECT 33\backend\sample_datasets\image_dataset\Angry\Angry_017.png,Angry,1281,44093056d1fc6ab39d361693e32122ee0dee568544e6586a1fe2247fceb262b7
Angry_018.png,E:\PROJECT 33\PROJECT 33\backend\sample_datasets\image_dataset\Angry\Angry_018.png,Angry,1275,a086d63179bfb83cd6b3be1fa3b9210b38814f87b57fd078bf08a57e9d8cfce9
Angry_019.png,E:\PROJECT 33\PROJECT 33\backend\sample_datasets\image_dataset\Angry\Angry_019.png,Angry,1277,4f6b84911f7c4729a088966b27b1f4d498ef4dad652efe7cc3e3141341045690
Angry_020.png,E:\PROJECT 33\PROJECT 33\backend\sample_datasets\image_dataset\Angry\Angry_020.png,Angry,1273,a005ca4eda0a78d27cdcf0d14a2ac8ae1ef78e1f8a5194519f7ad0db2946ba27
Angry_021.png,E:\PROJECT 33\PROJECT 33\backend\sample_datasets\image_dataset\Angry\Angry_021.png,Angry,1264,b13d8fb2d1cc75f0cf1ffbac9f0d7f436c81a1b25287866c1182711ad607b7c3
Angry_022.png,E:\PROJECT 33\PROJECT 33\backend\sample_datasets\image_dataset\Angry\Angry_022.png,Angry,1271,da597756aadc3d2d780a4708aa9982e163e3412e7a554fe9894959d6be8b982d
Angry_023.png,E:\PROJECT 33\PROJECT 33\backend\sample_datasets\image_dataset\Angry\Angry_023.png,Angry,1268,0b5d69847d75bfc84a2d0c180b2891352ee4e38e06b0f47447d19f4170070910
Angry_024.png,E:\PROJECT 33\PROJECT 33\backend\sample_datasets\image_dataset\Angry\Angry_024.png,Angry,1264,e7b74bcff79806f55fa7ce8409cfa234b7e5e10a9ea732f6d672749bfdbce426
Angry_025.png,E:\PROJECT 33\PROJECT 33\backend\sample_datasets\image_dataset\Angry\Angry_025.png,Angry,1291,04057881938f0853c4d8330fe1c98e41efeb339f14f4a4c60c005bebb25e0667
Angry_026.png,E:\PROJECT 33\PROJECT 33\backend\sample_datasets\image_dataset\Angry\Angry_026.png,Angry,1283,238f3cf3e909703af05f540a19a9d7f122759a3b7d96c1593b72157a5af081f1
Angry_027.png,E:\PROJECT 33\PROJECT 33\backend\sample_datasets\image_dataset\Angry\Angry_027.png,Angry,1269,5b27528a1ee0aac75c71d0b36dab8bf5b11416f8507f6e4d0ca73f9c40a21c55
Angry_028.png,E:\PROJECT 33\PROJECT 33\backend\sample_datasets\image_dataset\Angry\Angry_028.png,Angry,1273,8ae17edcbfff2446aadca9309f1dae40b250952c5dfaf5f3ca7e6ecab98d55c4
Angry_029.png,E:\PROJECT 33\PROJECT 33\backend\sample_datasets\image_dataset\Angry\Angry_029.png,Angry,1295,f9416040b9f1cc8cbcae722affc2f77ca84b9e4f0d46b12a46182bb0b1313f8b
Angry_030.png,E:\PROJECT 33\PROJECT 33\backend\sample_datasets\image_dataset\Angry\Angry_030.png,Angry,1271,7b8d52fdf405adf767b51b6ffaa37938feb76cfca37402529f6d29540c195fe0
Angry_031.png,E:\PROJECT 33\PROJECT 33\backend\sample_datasets\image_dataset\Angry\Angry_031.png,Angry,1291,3ea335e1a366a2effc54332dfd89ebff564c8da5c2c67f134758311522854c90
Angry_032.png,E:\PROJECT 33\PROJECT 33\backend\sample_datasets\image_dataset\Angry\Angry_032.png,Angry,1298,e4c78d1a099044e89a92089f180bdb5ef9867296a29dd92948079c63f028ae10
Angry_033.png,E:\PROJECT 33\PROJECT 33\backend\sample_datasets\image_dataset\Angry\Angry_033.png,Angry,1275,e0cc865e837f1785c6ef67d81485273ac8ccc6f68c0fc9b802db043a4e8e577c
Angry_034.png,E:\PROJECT 33\PROJECT 33\backend\sample_datasets\image_dataset\Angry\Angry_034.png,Angry,1257,13b6b201a6127fb11d033f286caa77013e3acb27197880de9e64559bcfb9ef4c
Angry_035.png,E:\PROJECT 33\PROJECT 33\backend\sample_datasets\image_dataset\Angry\Angry_035.png,Angry,1290,8b95eb250499f121f9b2ccdb00fdb7b281279b8540b1063a9cd2df8cca60ecd7
Angry_036.png,E:\PROJECT 33\PROJECT 33\backend\sample_datasets\image_dataset\Angry\Angry_036.png,Angry,1270,c6ec859e2e89016f5db4e320cc1022bc33165f6dea7072a4e7e68286f9f6a6e7
Angry_037.png,E:\PROJECT 33\PROJECT 33\backend\sample_datasets\image_dataset\Angry\Angry_037.png,Angry,1272,01bd183e5a2afac7617b2472d8e44808dee0e7142f1f1f2b2f6ca8176aaccebc
Angry_038.png,E:\PROJECT 33\PROJECT 33\backend\sample_datasets\image_dataset\Angry\Angry_038.png,Angry,1258,96a25a4cca20a89ade87ac4c1fcc3cbe097cfdf380125c22a26f115ba35900a1
Angry_039.png,E:\PROJECT 33\PROJECT 33\backend\sample_datasets\image_dataset\Angry\Angry_039.png,Angry,1281,ece20e22535dccbb49a37844bd0993319c217d899b709fee26743d0c362cb97b
Angry_040.png,E:\PROJECT 33\PROJECT 33\backend\sample_datasets\image_dataset\Angry\Angry_040.png,Angry,1280,9406e75db1a0397468318237cd2f40754dd4b77898fc913002b0d2e7d4f2a0c7
Angry_041.png,E:\PROJECT 33\PROJECT 33\backend\sample_datasets\image_dataset\Angry\Angry_041.png,Angry,1286,24b81e2c13eb239b92f5d2d503b126d9122a606a41eda07f25aab24e321a2c40
Angry_042.png,E:\PROJECT 33\PROJECT 33\backend\sample_datasets\image_dataset\Angry\Angry_042.png,Angry,1299,7dd6bdeee937085dcfabcb0dfeb42b95b0588d70c1a75e74553e04b633f02d4e
Angry_043.png,E:\PROJECT 33\PROJECT 33\backend\sample_datasets\image_dataset\Angry\Angry_043.png,Angry,1287,001ccc4f5b03463b685335f855806c1728d736c99b724f9c404234bf41493c11
Angry_044.png,E:\PROJECT 33\PROJECT 33\backend\sample_datasets\image_dataset\Angry\Angry_044.png,Angry,1295,4eee6fd49e99db982b7e4522f61826215b7a5072cbca9b1785552ca2f2b0e736
Angry_045.png,E:\PROJECT 33\PROJECT 33\backend\sample_datasets\image_dataset\Angry\Angry_045.png,Angry,1271,934cc6b428fc9ba7bdd5d9dd44a2c7d0e4f774de68ad4cb3301e146f59497dc8
Angry_046.png,E:\PROJECT 33\PROJECT 33\backend\sample_datasets\image_dataset\Angry\Angry_046.png,Angry,1293,1b0c59564c2d64880cf0b03d0025fa3339689523d9caa71b2a3595f6168a9cb1
Angry_047.png,E:\PROJECT 33\PROJECT 33\backend\sample_datasets\image_dataset\Angry\Angry_047.png,Angry,1269,dc4c41539d545e2b0698dbc6095a5d81b554162fdf150e37f9d239f990582e6c
Angry_048.png,E:\PROJECT 33\PROJECT 33\backend\sample_datasets\image_dataset\Angry\Angry_048.png,Angry,1264,44ee1f3a0d5c9c98e7a53a700ffe68ec720dfc675cfa63c537889c294d215fbf
Angry_049.png,E:\PROJECT 33\PROJECT 33\backend\sample_datasets\image_dataset\Angry\Angry_049.png,Angry,1275,824a17b3e454da77026a27f92e3ca0c54fb597150ca19562f16e792d063217e4
Angry_050.png,E:\PROJECT 33\PROJECT 33\backend\sample_datasets\image_dataset\Angry\Angry_050.png,Angry,1279,e20a1ecf29f795d3b082a7a3459bf3a96cbb0b287dc37b30c775ffee9b2a55fa
Angry_051.png,E:\PROJECT 33\PROJECT 33\backend\sample_datasets\image_dataset\Angry\Angry_051.png,Angry,1270,4f0d4b6708e1ef443969c21ffef59eb6e079d21df35fdba0ab64f90418adfa68
Angry_052.png,E:\PROJECT 33\PROJECT 33\backend\sample_datasets\image_dataset\Angry\Angry_052.png,Angry,1282,d7c1ba5bcacb3a3b8372341eb2c9d3328be2cddc1cf24906b82e362672147ed1
Angry_053.png,E:\PROJECT 33\PROJECT 33\backend\sample_datasets\image_dataset\Angry\Angry_053.png,Angry,1294,571737cb350173a4663c30eecff2acb1b14cc8aee093e46ba9a05545af717ec3
Angry_054.png,E:\PROJECT 33\PROJECT 33\backend\sample_datasets\image_dataset\Angry\Angry_054.png,Angry,1270,045d70e662d317028b92e4ff6fcf0315d097b197b05fbd1ddd450dd7efa5b7ac
Angry_055.png,E:\PROJECT 33\PROJECT 33\backend\sample_datasets\image_dataset\Angry\Angry_055.png,Angry,1273,517bfd9525b66dbea165d4c9be34ce4a64427bfba621f0980f9134a87ce4baa6
Angry_056.png,E:\PROJECT 33\PROJECT 33\backend\sample_datasets\image_dataset\Angry\Angry_056.png,Angry,1290,62cf3c9a3d41144b32da4e2a12d38f13329a68859376f6ecb78a24bb16cca849
Angry_057.png,E:\PROJECT 33\PROJECT 33\backend\sample_datasets\image_dataset\Angry\Angry_057.png,Angry,1270,612de4cd3147a41dcd15e11ee2f825e36553c4f5891577e77f196a07ba3b4f7d
Angry_058.png,E:\PROJECT 33\PROJECT 33\backend\sample_datasets\image_dataset\Angry\Angry_058.png,Angry,1270,f1aa2304b0fd74249da73c5ccbc017c5863994516dc32b6351b8139f9ac8875a
Angry_059.png,E:\PROJECT 33\PROJECT 33\backend\sample_datasets\image_dataset\Angry\Angry_059.png,Angry,1256,536bb2c762e953116760635da52f83fc749f12186f4b48719959793290cb100d
Angry_060.png,E:\PROJECT 33\PROJECT 33\backend\sample_datasets\image_dataset\Angry\Angry_060.png,Angry,1284,449c50172cab12cdd0304ff6e9c375a086b3fca0c61974d3d17e8738ceffb0c5
Angry_061.png,E:\PROJECT 33\PROJECT 33\backend\sample_datasets\image_dataset\Angry\Angry_061.png,Angry,1282,56fa43811bf2ead290ad641a8a281a082ede31562256589e5ed283393b2aa942
Angry_062.png,E:\PROJECT 33\PROJECT 33\backend\sample_datasets\image_dataset\Angry\Angry_062.png,Angry,1291,f4f0d54378c95f93fb05c5fc278d26c79194739c30e1ebeb751fc1f8cfe09dcb
Angry_063.png,E:\PROJECT 33\PROJECT 33\backend\sample_datasets\image_dataset\Angry\Angry_063.png,Angry,1271,8a1d0e7e329fe9a4c716403c17c309af0b70169f2fa1d7a94465953890b314b1
Angry_064.png,E:\PROJECT 33\PROJECT 33\backend\sample_datasets\image_dataset\Angry\Angry_064.png,Angry,1281,c9abcc57bde01c314ddd34426e468cfc7cdd3116a75b2fafc018ba50d852d9a2
Angry_065.png,E:\PROJECT 33\PROJECT 33\backend\sample_datasets\image_dataset\Angry\Angry_065.png,Angry,1284,86c3d53a3f32d62bee69cdcf806d541acb652ea254ae4491fd30a8ea14e6129c
Angry_066.png,E:\PROJECT 33\PROJECT 33\backend\sample_datasets\image_dataset\Angry\Angry_066.png,Angry,1296,e9fa85d51309623409f1d7db6942aa108de5c1e06dbee0425d4ce65ff96f6de9
Angry_067.png,E:\PROJECT 33\PROJECT 33\backend\sample_datasets\image_dataset\Angry\Angry_067.png,Angry,1277,a38c2ca756ab7610f9d9f6e9527366161ec9adb07812e189402f8af85b7947bf
Angry_068.png,E:\PROJECT 33\PROJECT 33\backend\sample_datasets\image_dataset\Angry\Angry_068.png,Angry,1272,35b0bb30af7820c089ab70524d537559408048e1b59c6e1f08195b4b234dce9c
Angry_069.png,E:\PROJECT 33\PROJECT 33\backend\sample_datasets\image_dataset\Angry\Angry_069.png,Angry,1267,ee8850bdbfe809e599ea575ec8bd6b024c5310e8d112b15d33a6959a7faf8b7d
Angry_070.png,E:\PROJECT 33\PROJECT 33\backend\sample_datasets\image_dataset\Angry\Angry_070.png,Angry,1263,61d1951cb44722f9f2f8927684a90022db6a676cd75650d41ca6587e6b3ef474
Angry_071.png,E:\PROJECT 33\PROJECT 33\backend\sample_datasets\image_dataset\Angry\Angry_071.png,Angry,1250,3a8b09d1c53bc00ca661305c8b77ec459bef3dc9b79b92845cc9c8186a1200b8
Angry_072.png,E:\PROJECT 33\PROJECT 33\backend\sample_datasets\image_dataset\Angry\Angry_072.png,Angry,1280,c0208c57b023b2f48ca8dba44da3bced05b39656aca575a2c315377226b9e99c
Angry_073.png,E:\PROJECT 33\PROJECT 33\backend\sample_datasets\image_dataset\Angry\Angry_073.png,Angry,1282,94727cbeff16956c2aae1ff4ee8b38218d8d0e85e5def77267382df9f9690321
Angry_074.png,E:\PROJECT 33\PROJECT 33\backend\sample_datasets\image_dataset\Angry\Angry_074.png,Angry,1293,544c86ba1d68ca7bef4ae6521957e60be3e71c05da77db0fad29cd9c2b6ec5b0
Angry_075.png,E:\PROJECT 33\PROJECT 33\backend\sample_datasets\image_dataset\Angry\Angry_075.png,Angry,1270,3e7e907a8762eef723cc8abde580973e84a048834132d52b94ec0329f3b50b91
Angry_076.png,E:\PROJECT 33\PROJECT 33\backend\sample_datasets\image_dataset\Angry\Angry_076.png,Angry,1260,634c6d8b191a7c41a6ff6d1e3a7722a46bd7f12a6ffcc6eb245ed1cfde715d3f
Angry_077.png,E:\PROJECT 33\PROJECT 33\backend\sample_datasets\image_dataset\Angry\Angry_077.png,Angry,1289,8641d81bd18fe96446f802476e74bbfbc9cfe5af6d7abe88b30715441e1f9d7d
Angry_078.png,E:\PROJECT 33\PROJECT 33\backend\sample_datasets\image_dataset\Angry\Angry_078.png,Angry,1292,a885cd2f9fd26ebf213a1de5dbc51b0653c63e82d1b0fb1c24bed6d677320754
Angry_079.png,E:\PROJECT 33\PROJECT 33\backend\sample_datasets\image_dataset\Angry\Angry_079.png,Angry,1272,41460ba4876e3688ea366db9a5b868f10c9ac520dc7ea3e9464ba1f4f911ce84
Angry_080.png,E:\PROJECT 33\PROJECT 33\backend\sample_datasets\image_dataset\Angry\Angry_080.png,Angry,1291,877cb63b71a48a4bd03d6c146e5727e914a7780ee1cc9cc1f6da3e6b5b7e6b06
Angry_081.png,E:\PROJECT 33\PROJECT 33\backend\sample_datasets\image_dataset\Angry\Angry_081.png,Angry,1279,815c95ab3d009812c68ffd0ddce513700cf3d695db0373b43195c2d571af762f
Angry_082.png,E:\PROJECT 33\PROJECT 33\backend\sample_datasets\image_dataset\Angry\Angry_082.png,Angry,1271,87c45f2534ce5ea4ad351d821a004f04d0e9aa3c475ca0369555f3fa9056a0ee
Angry_083.png,E:\PROJECT 33\PROJECT 33\backend\sample_datasets\image_dataset\Angry\Angry_083.png,Angry,1273,3e31b0d244fe3ba9442e8f86d78b80ae9ebd343141b5a0d648abc8b36398c922
Angry_084.png,E:\PROJECT 33\PROJECT 33\backend\sample_datasets\image_dataset\Angry\Angry_084.png,Angry,1286,7e05e187477563771e68cc7277711c34397e879712cfa2c3c6b843c64351f42c
Angry_085.png,E:\PROJECT 33\PROJECT 33\backend\sample_datasets\image_dataset\Angry\Angry_085.png,Angry,1288,a29bb07f671b7aee770173673a28d4d396e2736ae0fa4c71f68c1d985817e8fd
Angry_086.png,E:\PROJECT 33\PROJECT 33\backend\sample_datasets\image_dataset\Angry\Angry_086.png,Angry,1270,101cbd298a6e3c7711bb191519cc86cbdfc2c0d01f61d695f1fe4756f1697edf
Angry_087.png,E:\PROJECT 33\PROJECT 33\backend\sample_datasets\image_dataset\Angry\Angry_087.png,Angry,1283,2d0ac9717c25b74b9456d9e91a7e5c82dc6e1243ee2187bfece9ca84b5ce6352
Angry_088.png,E:\PROJECT 33\PROJECT 33\backend\sample_datasets\image_dataset\Angry\Angry_088.png,Angry,1258,26db067b1887d2f2bb17c2ba342df012ceeb39973fa494258fe7ad497f1e10d3
Angry_089.png,E:\PROJECT 33\PROJECT 33\backend\sample_datasets\image_dataset\Angry\Angry_089.png,Angry,1291,1953a841daa047db423670b64460bd3c34c7c3f37004e4201fe6ac83eaabb61f
Angry_090.png,E:\PROJECT 33\PROJECT 33\backend\sample_datasets\image_dataset\Angry\Angry_090.png,Angry,1279,0cedc913d6fa834046ee134185d4d62ab1a08417c8dbd07fabaceff76a6b5b6b
Angry_091.png,E:\PROJECT 33\PROJECT 33\backend\sample_datasets\image_dataset\Angry\Angry_091.png,Angry,1282,1f6cc8bf12a308456127e3c6b7986334791ff29a2cedae261ac80e4f3fc3f019
Angry_092.png,E:\PROJECT 33\PROJECT 33\backend\sample_datasets\image_dataset\Angry\Angry_092.png,Angry,1283,4c87a9459a90d9165edb1235c163336b01564dbda982140f896c8720202c8d05
Angry_093.png,E:\PROJECT 33\PROJECT 33\backend\sample_datasets\image_dataset\Angry\Angry_093.png,Angry,1276,7f59fb1194db90f6676722fc6584bf9fadf67fb6a40e8a10a7ae3fc380cd2af5
Angry_094.png,E:\PROJECT 33\PROJECT 33\backend\sample_datasets\image_dataset\Angry\Angry_094.png,Angry,1281,8785112304884cd045d2291107758054fc945ff2e1847257f12c6afe8ef9ff3f
Angry_095.png,E:\PROJECT 33\PROJECT 33\backend\sample_datasets\image_dataset\Angry\Angry_095.png,Angry,1276,460dab1d63383370821fda46fc5c7b102a74580665093487b6f587f3c3e7d31c
Angry_096.png,E:\PROJECT 33\PROJECT 33\backend\sample_datasets\image_dataset\Angry\Angry_096.png,Angry,1281,ad8fc6c78b875f3a69d7a95a26256fcb5a14fd1df58dda1a3d4d97928db92646
Angry_097.png,E:\PROJECT 33\PROJECT 33\backend\sample_datasets\image_dataset\Angry\Angry_097.png,Angry,1286,b4eff79ed6b1e74cfc8793ece5e40ede74e58a6440862fdebfb11fcd5f652385
Angry_098.png,E:\PROJECT 33\PROJECT 33\backend\sample_datasets\image_dataset\Angry\Angry_098.png,Angry,1289,1cc2b72fb68b5f0a7d111f45e866aa476d58f720454459fad1cd37231ebfb9f6
Angry_099.png,E:\PROJECT 33\PROJECT 33\backend\sample_datasets\image_dataset\Angry\Angry_099.png,Angry,1255,51d0c8412160170e032d3456335cafe66b5df135e03840ca67faa66d5a361b84
Angry_100.png,E:\PROJECT 33\PROJECT 33\backend\sample_datasets\image_dataset\Angry\Angry_100.png,Angry,1281,fa3859419b0f608889016470af05ec7b12dad0af70c2083ab9c87a4fafbef5f0
Angry_101.png,E:\PROJECT 33\PROJECT 33\backend\sample_datasets\image_dataset\Angry\Angry_101.png,Angry,1273,895a310a9f95db197375744499d65c7885584c8fb7ee5c5a594d3a1821d7bfbe
Angry_102.png,E:\PROJECT 33\PROJECT 33\backend\sample_datasets\image_dataset\Angry\Angry_102.png,Angry,1291,6ca29b32a59a4939ab49ff55618ecdff6e73e84a000591bce50273734e39812c
Angry_103.png,E:\PROJECT 33\PROJECT 33\backend\sample_datasets\image_dataset\Angry\Angry_103.png,Angry,1263,31cc0031154f2841ba467eb40181d2f9db93225ab0ad33cd480fcbb74b8c1fb4
Angry_104.png,E:\PROJECT 33\PROJECT 33\backend\sample_datasets\image_dataset\Angry\Angry_104.png,Angry,1279,8e4119545617c0cb115112c13439b1dc589b05f0e9d22ee329089cdcd92a3388
Angry_105.png,E:\PROJECT 33\PROJECT 33\backend\sample_datasets\image_dataset\Angry\Angry_105.png,Angry,1283,dfa08f998d2969cf40fc59fc3204224859f4ddd8199a6a9b0971def485cf608e
Angry_106.png,E:\PROJECT 33\PROJECT 33\backend\sample_datasets\image_dataset\Angry\Angry_106.png,Angry,1274,45e418e47e34c1a302633ebff6e0d17d9716ffb522cd7097537556ead61ae325
Angry_107.png,E:\PROJECT 33\PROJECT 33\backend\sample_datasets\image_dataset\Angry\Angry_107.png,Angry,1266,6343f341545e8559cd5808d6c84ed4efe8ce1a5ec8beff475655bac141626f06
Angry_108.png,E:\PROJECT 33\PROJECT 33\backend\sample_datasets\image_dataset\Angry\Angry_108.png,Angry,1275,ee67e449b7106f8086ce65ad42e611bca3f5b3ecebbac7273e361594b7aa0a4b
Angry_109.png,E:\PROJECT 33\PROJECT 33\backend\sample_datasets\image_dataset\Angry\Angry_109.png,Angry,1267,5bded8e7799d70f2e4ce8c0673ecdd23c2fc9b88998d951f4f66f64740aaa5ed
Angry_110.png,E:\PROJECT 33\PROJECT 33\backend\sample_datasets\image_dataset\Angry\Angry_110.png,Angry,1274,7c39681f7f4c20bfdcc77c0f6e232968e13437f73be5eff555b9c65741c9c9d6
Angry_111.png,E:\PROJECT 33\PROJECT 33\backend\sample_datasets\image_dataset\Angry\Angry_111.png,Angry,1289,795de06ad5975fc190826a38b21c89b9125e5592dbfca4db3a69104b11e64ef0
Angry_112.png,E:\PROJECT 33\PROJECT 33\backend\sample_datasets\image_dataset\Angry\Angry_112.png,Angry,1303,2d6d88d90c91477c0ee4952fc0bdae8f2d481dc8a55af13d93466b5b1f237fc8
Angry_113.png,E:\PROJECT 33\PROJECT 33\backend\sample_datasets\image_dataset\Angry\Angry_113.png,Angry,1292,407b4a2dcabbfc538556db4adc35c88918731b74a60c21b3c1081104f69e3170
Angry_114.png,E:\PROJECT 33\PROJECT 33\backend\sample_datasets\image_dataset\Angry\Angry_114.png,Angry,1296,f2f34677737cc844b4e3e0ec0508c21f0aefb3752d9e45cd4840dff6563d24c8
Angry_115.png,E:\PROJECT 33\PROJECT 33\backend\sample_datasets\image_dataset\Angry\Angry_115.png,Angry,1270,fd64e6dda47de012173609f921fc08e80200851fad6a32708dc5ffe6e3a1dd14
Angry_116.png,E:\PROJECT 33\PROJECT 33\backend\sample_datasets\image_dataset\Angry\Angry_116.png,Angry,1283,86ae2019275241977aa99cfb3a4cd77fdec2b990a29bf821dda60546cb310417
Angry_117.png,E:\PROJECT 33\PROJECT 33\backend\sample_datasets\image_dataset\Angry\Angry_117.png,Angry,1293,7a3b6d5a8f7127ef70780fbc52aac9e5c657c955282ae58044b5e81976332f22
Angry_118.png,E:\PROJECT 33\PROJECT 33\backend\sample_datasets\image_dataset\Angry\Angry_118.png,Angry,1275,b4115b939802a0b66e1522bf1ebb1e757aef739259c62912a18970745f471ddc
Angry_119.png,E:\PROJECT 33\PROJECT 33\backend\sample_datasets\image_dataset\Angry\Angry_119.png,Angry,1288,b043bc4e6911e5a56fc3db2f1100bd8a5d31ce92562404287cdc8037474e1a83
Angry_120.png,E:\PROJECT 33\PROJECT 33\backend\sample_datasets\image_dataset\Angry\Angry_120.png,Angry,1281,272a18eb4499085df9a6625fcc533e15a41972ae08c129ac3571454184161402
Angry_121.png,E:\PROJECT 33\PROJECT 33\backend\sample_datasets\image_dataset\Angry\Angry_121.png,Angry,1300,9d2ff496066f8e9240f41ca392cb9ff4094c3593ab3292082da9d7fd47a7f380
Angry_122.png,E:\PROJECT 33\PROJECT 33\backend\sample_datasets\image_dataset\Angry\Angry_122.png,Angry,1262,8d230f242c0b102661ceb7c7c74a3fae6b354f2095ceb18fd2d26133728ef228
Angry_123.png,E:\PROJECT 33\PROJECT 33\backend\sample_datasets\image_dataset\Angry\Angry_123.png,Angry,1266,edb8d208e5cde7970b680c79fc27fe9699ba31a81ab57056a564de2fc8df6dd1
Angry_124.png,E:\PROJECT 33\PROJECT 33\backend\sample_datasets\image_dataset\Angry\Angry_124.png,Angry,1253,7689f1de379ed127c7b117c7a907cc204f7f39795680ac1ac6fe0d04289a9549
Angry_125.png,E:\PROJECT 33\PROJECT 33\backend\sample_datasets\image_dataset\Angry\Angry_125.png,Angry,1249,d3b31b273d969e2867c3c7ef43496ca45026802179f0553ae86cfb7666395992
Angry_126.png,E:\PROJECT 33\PROJECT 33\backend\sample_datasets\image_dataset\Angry\Angry_126.png,Angry,1275,ae4553cbe1f8d183dc7737fcbeae12d2e433be50c249605bce38a7f7c96253aa
Angry_127.png,E:\PROJECT 33\PROJECT 33\backend\sample_datasets\image_dataset\Angry\Angry_127.png,Angry,1259,428336cd2d5d75b7662dc00d445e6e9674d940e6f36571f2ccfd803d5d18d9ff
Angry_128.png,E:\PROJECT 33\PROJECT 33\backend\sample_datasets\image_dataset\Angry\Angry_128.png,Angry,1262,975edcb85e96dd452b9335cb6a76e4e8630ecb58a5474258ed3ddb3af1620980
Angry_129.png,E:\PROJECT 33\PROJECT 33\backend\sample_datasets\image_dataset\Angry\Angry_129.png,Angry,1272,0151ff284e9c8488fddde932820f1d4335b95ab2aa95b9eaa5806dcc3ae18ce3
Angry_130.png,E:\PROJECT 33\PROJECT 33\backend\sample_datasets\image_dataset\Angry\Angry_130.png,Angry,1284,1cd5b6461b837d60ab82eed8d73fa951cefb06e707480e5e2d8328d748aef098
Angry_131.png,E:\PROJECT 33\PROJECT 33\backend\sample_datasets\image_dataset\Angry\Angry_131.png,Angry,1282,339266ca3fe681cb481589229481e3778b35618dd195c76259c08377c9cdf89d
Angry_132.png,E:\PROJECT 33\PROJECT 33\backend\sample_datasets\image_dataset\Angry\Angry_132.png,Angry,1274,fbd041121a8bccc4c1e0c315b516d4e7d5aa3d95c38c5f7fec62907bc5264153
Angry_133.png,E:\PROJECT 33\PROJECT 33\backend\sample_datasets\image_dataset\Angry\Angry_133.png,Angry,1260,325e6c2b2d391df2364671a9097c315e2cd5db5af1eab95378811f636ac1d9e4
Angry_134.png,E:\PROJECT 33\PROJECT 33\backend\sample_datasets\image_dataset\Angry\Angry_134.png,Angry,1284,5a044da35fd5fb5d1ee36731a363649096456e2ba96ddbffaed78649e310f4f6
Angry_135.png,E:\PROJECT 33\PROJECT 33\backend\sample_datasets\image_dataset\Angry\Angry_135.png,Angry,1273,4b1072cef9004afb481d03448279433525598d13a44e4d2ada045ed7abb137e1
Angry_136.png,E:\PROJECT 33\PROJECT 33\backend\sample_datasets\image_dataset\Angry\Angry_136.png,Angry,1276,b9b0d8510749c772a7cb9fe1489eeb43a946153c53faf353aa51241ec7762dde
Angry_137.png,E:\PROJECT 33\PROJECT 33\backend\sample_datasets\image_dataset\Angry\Angry_137.png,Angry,1281,60b8f03b2850a073a9eb9f5a095c951194212999ff7c35cc39ed845245283b6b
Angry_138.png,E:\PROJECT 33\PROJECT 33\backend\sample_datasets\image_dataset\Angry\Angry_138.png,Angry,1281,bb48729402c93ff27fcde40a927ca54344e5921f8567da6357a2200f17029bef
Angry_139.png,E:\PROJECT 33\PROJECT 33\backend\sample_datasets\image_dataset\Angry\Angry_139.png,Angry,1256,442cc283fde46e09c647a5c814bc03123ee990cc664991f64df3f47f29fd5270
Angry_140.png,E:\PROJECT 33\PROJECT 33\backend\sample_datasets\image_dataset\Angry\Angry_140.png,Angry,1286,7c22cfb60bc93579e362da03cfe2ad623319189d26b7bcd798feb7bd5c0ad80a
Angry_141.png,E:\PROJECT 33\PROJECT 33\backend\sample_datasets\image_dataset\Angry\Angry_141.png,Angry,1264,491cb6a966976f952b1bc215d77ff7f21f590bb5d8fb9baf8a461664a087ab04
Angry_142.png,E:\PROJECT 33\PROJECT 33\backend\sample_datasets\image_dataset\Angry\Angry_142.png,Angry,1273,c2395ad033bb1db8579e83173c8e904b7f9f3df41e7db9192fdeb3610ea03afa
Angry_143.png,E:\PROJECT 33\PROJECT 33\backend\sample_datasets\image_dataset\Angry\Angry_143.png,Angry,1267,fc1ea7075281e48be74ebb91aa572334eaa60e7fdf5eccdc30785fc9f33278fe
Angry_144.png,E:\PROJECT 33\PROJECT 33\backend\sample_datasets\image_dataset\Angry\Angry_144.png,Angry,1289,fa986f80f1441618f0a86c7c5a95e3b524769c5623ecd555417f30aa85086210
Angry_145.png,E:\PROJECT 33\PROJECT 33\backend\sample_datasets\image_dataset\Angry\Angry_145.png,Angry,1263,cc67f88c42e726971f82d156c7e596d9764b38da6719d44d67e0ac8db8286e06
Angry_146.png,E:\PROJECT 33\PROJECT 33\backend\sample_datasets\image_dataset\Angry\Angry_146.png,Angry,1265,050b4c758504f7907550fe4aeaaf42378e5f6013c4ddc7086cd5d546a1592b49
Angry_147.png,E:\PROJECT 33\PROJECT 33\backend\sample_datasets\image_dataset\Angry\Angry_147.png,Angry,1272,d4eb4ca7decac8b52f21287b34c91da7c056aa3cdaccad26f83c2af86d6450f2
Angry_148.png,E:\PROJECT 33\PROJECT 33\backend\sample_datasets\image_dataset\Angry\Angry_148.png,Angry,1286,e5e1b07185c5fd977438bd6a1d9d52f3c959a5c54458db23dcac95cfcfa50e1d
Angry_149.png,E:\PROJECT 33\PROJECT 33\backend\sample_datasets\image_dataset\Angry\Angry_149.png,Angry,1291,92645cc46fb85cc45da836367938d287b91d32aec507df27255be48851534b78
Angry_150.png,E:\PROJECT 33\PROJECT 33\backend\sample_datasets\image_dataset\Angry\Angry_150.png,Angry,1271,90655aa58a6c00c9aa25817b2d12f8137e7230c0dc0dba62cc562eefab598975
Angry_151.png,E:\PROJECT 33\PROJECT 33\backend\sample_datasets\image_dataset\Angry\Angry_151.png,Angry,1278,5a5f57a872c8e0863c258268449c899c9b07a69e5dbd88360fa8286168a03edb
Angry_152.png,E:\PROJECT 33\PROJECT 33\backend\sample_datasets\image_dataset\Angry\Angry_152.png,Angry,1277,067be40a025e5cf0b9fc87496fbcb4f3dd0642c198b6d03c5e5eeb251c17da86
Angry_153.png,E:\PROJECT 33\PROJECT 33\backend\sample_datasets\image_dataset\Angry\Angry_153.png,Angry,1272,9d12c595f6f88ff780cb017adae99cc8c17c6da4ad0a9b5b571db7d3af5357e0
Angry_154.png,E:\PROJECT 33\PROJECT 33\backend\sample_datasets\image_dataset\Angry\Angry_154.png,Angry,1279,cef13661494b10c92a08b6ad431e53bcbb3a0b3f4b9fe6e1fd7b90059fac14e3
Angry_155.png,E:\PROJECT 33\PROJECT 33\backend\sample_datasets\image_dataset\Angry\Angry_155.png,Angry,1254,cf16929f8cb7f7841c0eb3f0670eef78152f02519c4f88b1b978491abb989a3c
Angry_156.png,E:\PROJECT 33\PROJECT 33\backend\sample_datasets\image_dataset\Angry\Angry_156.png,Angry,1265,52ceec925747494047667358470b0a0bec8d736cbcc841af92a2efea2032549e
Angry_157.png,E:\PROJECT 33\PROJECT 33\backend\sample_datasets\image_dataset\Angry\Angry_157.png,Angry,1275,a122ac4cfc7523c2d5ee01b2a8cbc75dd76da062f1545631b32b5a73a3e06782
Angry_158.png,E:\PROJECT 33\PROJECT 33\backend\sample_datasets\image_dataset\Angry\Angry_158.png,Angry,1271,cbd9670f3cdac433066f9b77163d14be18fb24f4af2d48110c96e3f87f995d33
Angry_159.png,E:\PROJECT 33\PROJECT 33\backend\sample_datasets\image_dataset\Angry\Angry_159.png,Angry,1289,e0df81f58d3d44eb6720d61447777a46ed64403c2641127bb8b71da2ea715020
Angry_160.png,E:\PROJECT 33\PROJECT 33\backend\sample_datasets\image_dataset\Angry\Angry_160.png,Angry,1279,b263306d4a98ccb3ece289ed2acc83aab9ca0a30383642ed78b748ef26e8eebd
Angry_161.png,E:\PROJECT 33\PROJECT 33\backend\sample_datasets\image_dataset\Angry\Angry_161.png,Angry,1268,0d8e0d1d69ba08050093de9adc81483c38b1eb8446a8973a0722f0525e0602a6
Angry_162.png,E:\PROJECT 33\PROJECT 33\backend\sample_datasets\image_dataset\Angry\Angry_162.png,Angry,1283,a7b6fc0ba839aee8e779b28e4eb0e1957ed432c8a976e9ed385f5a259b7e2fd1
Angry_163.png,E:\PROJECT 33\PROJECT 33\backend\sample_datasets\image_dataset\Angry\Angry_163.png,Angry,1261,cc76ee7d0ffd91d9738d15cd3ed6ba51a1a028ed795e0b78b990218ffb75044c
Angry_164.png,E:\PROJECT 33\PROJECT 33\backend\sample_datasets\image_dataset\Angry\Angry_164.png,Angry,1267,02dff19dbcc5826a813ba36d9854276f7b9d249aa30932f846cc23d0f98b18ba
Angry_165.png,E:\PROJECT 33\PROJECT 33\backend\sample_datasets\image_dataset\Angry\Angry_165.png,Angry,1270,1fce04004e5a0b6496ee488e20d274b39b956d361f9958390f36c7d8d9d3fe44
Angry_166.png,E:\PROJECT 33\PROJECT 33\backend\sample_datasets\image_dataset\Angry\Angry_166.png,Angry,1253,d126fbfbe0541b93f3a5155c64568ee8b45b19c714151059f07e29e391cf0af6
Angry_167.png,E:\PROJECT 33\PROJECT 33\backend\sample_datasets\image_dataset\Angry\Angry_167.png,Angry,1266,c6778a3b5e2b3f1cbd25b7825223c624db6d1bc1d5885202d1d9512785c1b125
Angry_168.png,E:\PROJECT 33\PROJECT 33\backend\sample_datasets\image_dataset\Angry\Angry_168.png,Angry,1276,2f2740eaa1f9fd5b21b742e665c842d421e412ec5c1b874dd64ff262b2590053
Angry_169.png,E:\PROJECT 33\PROJECT 33\backend\sample_datasets\image_dataset\Angry\Angry_169.png,Angry,1246,b60febb72e3706be05f36eafa29d5d31b81dbf3e61e0be3fa8c0759e7b30db2f
Angry_170.png,E:\PROJECT 33\PROJECT 33\backend\sample_datasets\image_dataset\Angry\Angry_170.png,Angry,1250,049d66c80f93f07b714458c3e2d7346c6f9ef64f4d2ac6d4fa8072fb53d75f4a
Angry_171.png,E:\PROJECT 33\PROJECT 33\backend\sample_datasets\image_dataset\Angry\Angry_171.png,Angry,1261,62f9c53f93a2282fc11aa2925b4a4efa71722d397b19457ccc92f21e4f39a067
Angry_172.png,E:\PROJECT 33\PROJECT 33\backend\sample_datasets\image_dataset\Angry\Angry_172.png,Angry,1260,b08ef0dc54fec399bec694a237d8ee8a28b4633037472b199fb240cc690804f7
Angry_173.png,E:\PROJECT 33\PROJECT 33\backend\sample_datasets\image_dataset\Angry\Angry_173.png,Angry,1284,91acb9cc36576152c7accc4508e03b510a6149660d90d49e4443418464ea2416
Angry_174.png,E:\PROJECT 33\PROJECT 33\backend\sample_datasets\image_dataset\Angry\Angry_174.png,Angry,1265,99c007cf0d5ca41d5dd54ee77c0851afe554d96a554d7dd58296a148f65573da
Angry_175.png,E:\PROJECT 33\PROJECT 33\backend\sample_datasets\image_dataset\Angry\Angry_175.png,Angry,1254,403ced41acb4b969494f612ce718567331abae19339f642e05dfbfaf66828cad
Angry_176.png,E:\PROJECT 33\PROJECT 33\backend\sample_datasets\image_dataset\Angry\Angry_176.png,Angry,1265,6b110debf6795240cbbef4ecdba6ab4623b3ec4e4646adaf661f984c77c4bf4c
Angry_177.png,E:\PROJECT 33\PROJECT 33\backend\sample_datasets\image_dataset\Angry\Angry_177.png,Angry,1267,1978d10d2c746448b619f8db4f79848311dfee78d0a73457e3b92f54f5d9ced8
Angry_178.png,E:\PROJECT 33\PROJECT 33\backend\sample_datasets\image_dataset\Angry\Angry_178.png,Angry,1262,6a9e87a9e071b55dc29e8c0d5a5387c233c72cdc5eea5dc87f66c4ab881bfa68
Angry_179.png,E:\PROJECT 33\PROJECT 33\backend\sample_datasets\image_dataset\Angry\Angry_179.png,Angry,1279,01174552c3bfed02dafc9a901b6171c18602a49a3614e8f6af37de254a5649ef
Angry_180.png,E:\PROJECT 33\PROJECT 33\backend\sample_datasets\image_dataset\Angry\Angry_180.png,Angry,1264,e085a813da1de7d468133ab2eeee19ca6eb26132e3e25d6eb9aebfca6fb65535
Angry_181.png,E:\PROJECT 33\PROJECT 33\backend\sample_datasets\image_dataset\Angry\Angry_181.png,Angry,1279,0f651d0ad31a57148f39eb3a88dfc013e837776bfd35204305de4f0c03d6a2c4
Angry_182.png,E:\PROJECT 33\PROJECT 33\backend\sample_datasets\image_dataset\Angry\Angry_182.png,Angry,1268,2eebeaa97d611e07049fa355b14d27335aa53ec15a156f1046387c502d1cc4cb
Angry_183.png,E:\PROJECT 33\PROJECT 33\backend\sample_datasets\image_dataset\Angry\Angry_183.png,Angry,1274,ced004e5d403dc949cba84cb6091febf46177d8e8ebf555f9233e572e4f38ada
Angry_184.png,E:\PROJECT 33\PROJECT 33\backend\sample_datasets\image_dataset\Angry\Angry_184.png,Angry,1276,15d1f8ac27bbc3572382ee95299612f4e08ac337222ebbdc40513f6f117f4d48
Angry_185.png,E:\PROJECT 33\PROJECT 33\backend\sample_datasets\image_dataset\Angry\Angry_185.png,Angry,1273,32f99f9b018b8c4fd92849399dd8d39821dba2b100bed40ccecabda211b48142
Angry_186.png,E:\PROJECT 33\PROJECT 33\backend\sample_datasets\image_dataset\Angry\Angry_186.png,Angry,1294,7d70d9d4083961ba43cc69e837d083c057f8553c970530a85fb5487cc652c30c
Angry_187.png,E:\PROJECT 33\PROJECT 33\backend\sample_datasets\image_dataset\Angry\Angry_187.png,Angry,1270,acf3dc67b277fa8241b51aaae064f5801e469da6cc4f670a007a8962c1225ec3
Angry_188.png,E:\PROJECT 33\PROJECT 33\backend\sample_datasets\image_dataset\Angry\Angry_188.png,Angry,1287,692cde3856222602999df4c4ee484482242c0c250c323700dd4bbfeb034c353d
Angry_189.png,E:\PROJECT 33\PROJECT 33\backend\sample_datasets\image_dataset\Angry\Angry_189.png,Angry,1273,90b7648a5599dff4b8f8b6ebc290fcf4103368fe56010bbb8c584779e3162eae
Angry_190.png,E:\PROJECT 33\PROJECT 33\backend\sample_datasets\image_dataset\Angry\Angry_190.png,Angry,1266,3df1f7832f9786774a3662dad12d4e0f8d0f937f4106a182ec72b33a8addb291
Angry_191.png,E:\PROJECT 33\PROJECT 33\backend\sample_datasets\image_dataset\Angry\Angry_191.png,Angry,1272,a4cab877f5bc7c6fae3ab34e02c7fa7e56432d8e3082f4525b2d3e789847889b
Angry_192.png,E:\PROJECT 33\PROJECT 33\backend\sample_datasets\image_dataset\Angry\Angry_192.png,Angry,1281,d69794a8922b625fcc2b6d179e4354e147b16dad07fdc8065a02eacc3bd93229
Angry_193.png,E:\PROJECT 33\PROJECT 33\backend\sample_datasets\image_dataset\Angry\Angry_193.png,Angry,1268,dd22313d63453955c81536815cdabfb3f4637ee567902eb14caeacacb9de8e9a
Angry_194.png,E:\PROJECT 33\PROJECT 33\backend\sample_datasets\image_dataset\Angry\Angry_194.png,Angry,1285,aa5933810b4b9b919c3c840b6a5067fb72eeef126dd24038ee21b4aceda4e65c
Angry_195.png,E:\PROJECT 33\PROJECT 33\backend\sample_datasets\image_dataset\Angry\Angry_195.png,Angry,1274,c79b7c5f38eec7d75df13f9ab7e2dac76fe332e9f23d18f1b9cdc978090aa132
Angry_196.png,E:\PROJECT 33\PROJECT 33\backend\sample_datasets\image_dataset\Angry\Angry_196.png,Angry,1293,54dbc739ecb95c698780b17d3d16b068be6be85ad445415b1a1ca11a7a0fdada
Angry_197.png,E:\PROJECT 33\PROJECT 33\backend\sample_datasets\image_dataset\Angry\Angry_197.png,Angry,1257,49f77245cd8d5ff7841e6f220b3908a88070bf86b8f77f24d550771042b36a2d
Angry_198.png,E:\PROJECT 33\PROJECT 33\backend\sample_datasets\image_dataset\Angry\Angry_198.png,Angry,1279,0f9ff29fd0f9a8d3d9c181c7ea0cd8f4e09fa6243d0ff670b88cdaf4514f66bc
Angry_199.png,E:\PROJECT 33\PROJECT 33\backend\sample_datasets\image_dataset\Angry\Angry_199.png,Angry,1275,d89485ad83e0c2b96c778bc85aaf4b6036a2e650ac57ca81658dfc26bc563fcd
Angry_200.png,E:\PROJECT 33\PROJECT 33\backend\sample_datasets\image_dataset\Angry\Angry_200.png,Angry,1290,ce6403e185c31e2e5fb32d1e808980c288e7c30beeb7ed65ccda35dbc5f6a2ee
Angry_201.png,E:\PROJECT 33\PROJECT 33\backend\sample_datasets\image_dataset\Angry\Angry_201.png,Angry,1273,6e95a7a131e9b44ec5c13bf637d5948fe65c844db58d87f2927e3a93c2b81658
Angry_202.png,E:\PROJECT 33\PROJECT 33\backend\sample_datasets\image_dataset\Angry\Angry_202.png,Angry,1286,276b990f0d2cbd8bbae7f166552aaa7e051874e779c9d6586abee3977463e6ef
Angry_203.png,E:\PROJECT 33\PROJECT 33\backend\sample_datasets\image_dataset\Angry\Angry_203.png,Angry,1275,0e4c0dbe71b83e276acd9726b6cfa6c3da0a2bca2d750786e78c4e2e358d2482
Angry_204.png,E:\PROJECT 33\PROJECT 33\backend\sample_datasets\image_dataset\Angry\Angry_204.png,Angry,1275,7f80cbe1988830a591878521b5d6afd104884312499544a07b5c86dea7f073b8
Angry_205.png,E:\PROJECT 33\PROJECT 33\backend\sample_datasets\image_dataset\Angry\Angry_205.png,Angry,1286,2a5a1c5bfa38cac57f5968c971d17fe88d062833b8646379a869c8a2bc8ed6ee
Angry_206.png,E:\PROJECT 33\PROJECT 33\backend\sample_datasets\image_dataset\Angry\Angry_206.png,Angry,1275,0074ec6cd1147cf6b059bdc29df3b27c5359d579f776484d2a1d0253a0fb024a
Angry_207.png,E:\PROJECT 33\PROJECT 33\backend\sample_datasets\image_dataset\Angry\Angry_207.png,Angry,1246,393fbddf96d55fe42ca111c54aab2b827ed1cce50bfe9e379a811dc52530809a
Angry_208.png,E:\PROJECT 33\PROJECT 33\backend\sample_datasets\image_dataset\Angry\Angry_208.png,Angry,1271,90aa1a5060bd5cfbe13571cd1d566c185cfab5a03197131e5fe45857b2276f8d
Angry_209.png,E:\PROJECT 33\PROJECT 33\backend\sample_datasets\image_dataset\Angry\Angry_209.png,Angry,1270,0202bc1ff2adadb887ab15ebc6fc0cc12723f1ec98708556a11ff830584141a2
Angry_210.png,E:\PROJECT 33\PROJECT 33\backend\sample_datasets\image_dataset\Angry\Angry_210.png,Angry,1275,fc7dc23489ad2ca6bf823c292de54a2ef1d1c781b058419a40a962b93f0f89c1
Angry_211.png,E:\PROJECT 33\PROJECT 33\backend\sample_datasets\image_dataset\Angry\Angry_211.png,Angry,1271,29675501b7c3d028af8979c24eadd48b16c3146131e1eb1dfe979ae898bd5b17
Angry_212.png,E:\PROJECT 33\PROJECT 33\backend\sample_datasets\image_dataset\Angry\Angry_212.png,Angry,1262,779f4346d438560ad0333b5719600fb5b081e7fd8b6a45ad9bf6073f10db0200
Angry_213.png,E:\PROJECT 33\PROJECT 33\backend\sample_datasets\image_dataset\Angry\Angry_213.png,Angry,1252,3455aafb354766c7bdc65d77cd244914c394080c92adf5f2490db2ff30187ee4
Angry_214.png,E:\PROJECT 33\PROJECT 33\backend\sample_datasets\image_dataset\Angry\Angry_214.png,Angry,1267,c9607f8981ff3bec26c585979ed63b1898cf6d5b197c201846ad04ced023412f
Angry_215.png,E:\PROJECT 33\PROJECT 33\backend\sample_datasets\image_dataset\Angry\Angry_215.png,Angry,1272,b057559b7ce2ae3539d5241f58408c7a4aca3a47164a1bed0d9641622e0d3603
Angry_216.png,E:\PROJECT 33\PROJECT 33\backend\sample_datasets\image_dataset\Angry\Angry_216.png,Angry,1286,bcbd5dbe206acc415ff2917f4f8f3cdc71dc1286cdffa8b78f30e8626eabc000
Angry_217.png,E:\PROJECT 33\PROJECT 33\backend\sample_datasets\image_dataset\Angry\Angry_217.png,Angry,1274,06f73bdf304adca3a3a8c3ab2b772dbfa9c612449f38783823f0078cbefc4082
Angry_218.png,E:\PROJECT 33\PROJECT 33\backend\sample_datasets\image_dataset\Angry\Angry_218.png,Angry,1267,1b4af479517d206d5483977ac38909b7a67b1730524648e114612b52384f01da
Angry_219.png,E:\PROJECT 33\PROJECT 33\backend\sample_datasets\image_dataset\Angry\Angry_219.png,Angry,1282,66860049a215252d4d6b66fc93cc07c783abf9bfec746967f81da12a01ee4ac9
Angry_220.png,E:\PROJECT 33\PROJECT 33\backend\sample_datasets\image_dataset\Angry\Angry_220.png,Angry,1285,905e8db590b7571b4e5778c5e4fee909d233cccf951d790021b1a352df790d17
Angry_221.png,E:\PROJECT 33\PROJECT 33\backend\sample_datasets\image_dataset\Angry\Angry_221.png,Angry,1284,990000f31aeb3617908d46aeb6ddab2e183525df66e88d855a1ed03f2fb757b3
Angry_222.png,E:\PROJECT 33\PROJECT 33\backend\sample_datasets\image_dataset\Angry\Angry_222.png,Angry,1280,fade0472c6fde593c9bdc93cd2d0775d787e9e294ae3918bbbe91ce3c12c59b6
Angry_223.png,E:\PROJECT 33\PROJECT 33\backend\sample_datasets\image_dataset\Angry\Angry_223.png,Angry,1259,b498cd9e750fcedd27295e28d5375c0237b4d3dc459dd721f4b647f362ae98a6
Angry_224.png,E:\PROJECT 33\PROJECT 33\backend\sample_datasets\image_dataset\Angry\Angry_224.png,Angry,1271,c9aeeb61011064502b44c78cdd5e55d34c8cc169244be4bf516e28add0669be4
Angry_225.png,E:\PROJECT 33\PROJECT 33\backend\sample_datasets\image_dataset\Angry\Angry_225.png,Angry,1292,8264103ef010248c9cd37a61fda96a2cff41847247cc46f6937e5f15ff4a2d86
Angry_226.png,E:\PROJECT 33\PROJECT 33\backend\sample_datasets\image_dataset\Angry\Angry_226.png,Angry,1262,5aea0583f960bc79ae91d9ddcc52bbc96c8caeb82d13dee567d6333a78e3d411
Angry_227.png,E:\PROJECT 33\PROJECT 33\backend\sample_datasets\image_dataset\Angry\Angry_227.png,Angry,1268,ee84d0b2169126fdb588265999b2ecb0767f1d80e9b027df0a37083e9bc41541
Angry_228.png,E:\PROJECT 33\PROJECT 33\backend\sample_datasets\image_dataset\Angry\Angry_228.png,Angry,1265,8a28a53a9d6ac5013f5906cea99822868dfcda08142a82ba0e2b95ad4e7bb562
Angry_229.png,E:\PROJECT 33\PROJECT 33\backend\sample_datasets\image_dataset\Angry\Angry_229.png,Angry,1282,34f5d13792334c37add8d5e785a2e7f0d1379fd8607250e7d6784f699672c325
Angry_230.png,E:\PROJECT 33\PROJECT 33\backend\sample_datasets\image_dataset\Angry\Angry_230.png,Angry,1252,8b5c89bf04293f11078fd6a338ec1f8455ced71f1efbba9a0d0e25675482b336
Angry_231.png,E:\PROJECT 33\PROJECT 33\backend\sample_datasets\image_dataset\Angry\Angry_231.png,Angry,1279,6b39ab6f391405db8423abcece47f5f8c3b7a9c5a3b2af807a5c973d743419a6
Angry_232.png,E:\PROJECT 33\PROJECT 33\backend\sample_datasets\image_dataset\Angry\Angry_232.png,Angry,1259,f7402e42e95b1856960180f49fcd90ac98bff78866330b12b5c1b259ba3485d9
Angry_233.png,E:\PROJECT 33\PROJECT 33\backend\sample_datasets\image_dataset\Angry\Angry_233.png,Angry,1278,c6f4e2f34f69a02248cef7c056ae977934e02bafaeafc0897b74a7f51f3ae231
Angry_234.png,E:\PROJECT 33\PROJECT 33\backend\sample_datasets\image_dataset\Angry\Angry_234.png,Angry,1270,41c6d29d36b6d422d6563fa4e02e189152449297c5c88cf7b561dfafb3367347
Angry_235.png,E:\PROJECT 33\PROJECT 33\backend\sample_datasets\image_dataset\Angry\Angry_235.png,Angry,1280,b1ddc2c71e3b695c0f344c82c2c0b4c5d8fa50103577c7037ffed6dc36a01da4
Angry_236.png,E:\PROJECT 33\PROJECT 33\backend\sample_datasets\image_dataset\Angry\Angry_236.png,Angry,1282,2970511faeee0f684946bacdba188526965101adb1d3bc1715d717def62d85c6
Angry_237.png,E:\PROJECT 33\PROJECT 33\backend\sample_datasets\image_dataset\Angry\Angry_237.png,Angry,1273,315adc4c8275ac196b07ad6124ca86e022089a86ddb0e120ad844cab6bc638f2
Angry_238.png,E:\PROJECT 33\PROJECT 33\backend\sample_datasets\image_dataset\Angry\Angry_238.png,Angry,1278,43db219d3961649a5ee10cd0237c7b4e687abe612f633b137d409817f2adb6b8
Angry_239.png,E:\PROJECT 33\PROJECT 33\backend\sample_datasets\image_dataset\Angry\Angry_239.png,Angry,1266,0f2a004ce0defa6040f6b43b385c3e98f256b68bd41cb5fa114f42cbe331a473
Angry_240.png,E:\PROJECT 33\PROJECT 33\backend\sample_datasets\image_dataset\Angry\Angry_240.png,Angry,1279,6672ee9f78e45b62a9295545463a3f180ec9773fad2609936fa9dede75f92203
Angry_241.png,E:\PROJECT 33\PROJECT 33\backend\sample_datasets\image_dataset\Angry\Angry_241.png,Angry,1268,a366a3c9535474eb62f3a698d237636c6843d0e0babf99fae42701d0c230be6e
Angry_242.png,E:\PROJECT 33\PROJECT 33\backend\sample_datasets\image_dataset\Angry\Angry_242.png,Angry,1276,c978bf86c0ee9842cb9caeee31469bbd88f909735720e267cd832e6dad6ac84e
Angry_243.png,E:\PROJECT 33\PROJECT 33\backend\sample_datasets\image_dataset\Angry\Angry_243.png,Angry,1276,a96c6ba47d3d651d0282d4675aae338ea507056e00cf98b67636be7871dbf10c
Angry_244.png,E:\PROJECT 33\PROJECT 33\backend\sample_datasets\image_dataset\Angry\Angry_244.png,Angry,1275,e06c60f47f4b283e4f2fa1d40ac14f9486858a5a50ec6926222153426a25c1f8
Angry_245.png,E:\PROJECT 33\PROJECT 33\backend\sample_datasets\image_dataset\Angry\Angry_245.png,Angry,1277,dc5043afb920a46ff9dabf1155fdeff730475c4a0c70024f46f1ecb67dd93f47
Angry_246.png,E:\PROJECT 33\PROJECT 33\backend\sample_datasets\image_dataset\Angry\Angry_246.png,Angry,1276,911a20c747bbff3f2e19344ba9137c9e5b6b4a4c2650985b15e4f3aebc09bc91
Angry_247.png,E:\PROJECT 33\PROJECT 33\backend\sample_datasets\image_dataset\Angry\Angry_247.png,Angry,1244,7c5962989689fbbe0af59abca9e8c8db754f7c7cd417d7050f75c518188c2508
Angry_248.png,E:\PROJECT 33\PROJECT 33\backend\sample_datasets\image_dataset\Angry\Angry_248.png,Angry,1253,a93391fe78ac9136e69359112d89aed663b36dc7c4ac8c499ea69943832ce6d7
Angry_249.png,E:\PROJECT 33\PROJECT 33\backend\sample_datasets\image_dataset\Angry\Angry_249.png,Angry,1273,3daee6b1422c69d391f6e6f840e1fe199206ed1fbcad134fdc287241fd561ffa
Disgust_000.png,E:\PROJECT 33\PROJECT 33\backend\sample_datasets\image_dataset\Disgust\Disgust_000.png,Disgust,1294,27e42ffd2ffe3eb27cb934b48552c17b98434ef84c8be66e42e5dbc5a366ac8e
Disgust_001.png,E:\PROJECT 33\PROJECT 33\backend\sample_datasets\image_dataset\Disgust\Disgust_001.png,Disgust,1294,647484a8e3abf0bd5bcb72292f5458b122000b554959fbf3e425730a2d0fe447
Disgust_002.png,E:\PROJECT 33\PROJECT 33\backend\sample_datasets\image_dataset\Disgust\Disgust_002.png,Disgust,1273,6399d3d8ea81a3cd441aee4a0c80d855fbb83ec377e63f92f278f4ecb398ba17
Disgust_003.png,E:\PROJECT 33\PROJECT 33\backend\sample_datasets\image_dataset\Disgust\Disgust_003.png,Disgust,1290,812024dad78dfb20c164ce6add4bfe937e8c83417e374a9f43d9b4437c3ab5e2
Disgust_004.png,E:\PROJECT 33\PROJECT 33\backend\sample_datasets\image_dataset\Disgust\Disgust_004.png,Disgust,1293,a1d18bdf69c49c4e58c40630573106c66f83d15dca340f2ba152d0a09305ff70
Disgust_005.png,E:\PROJECT 33\PROJECT 33\backend\sample_datasets\image_dataset\Disgust\Disgust_005.png,Disgust,1266,f81abe17a0d5d943b9956fa06018af63abca3c03f34d41fe3c91d256eaa6c445
Disgust_006.png,E:\PROJECT 33\PROJECT 33\backend\sample_datasets\image_dataset\Disgust\Disgust_006.png,Disgust,1288,f6614fcbb36530b711bc91f949a05a38e35adeba293586e940ade0f4404b0932
Disgust_007.png,E:\PROJECT 33\PROJECT 33\backend\sample_datasets\image_dataset\Disgust\Disgust_007.png,Disgust,1290,034c254ff7ec9528cee394f6ff4d348ee43d321b77e45f00fa08e15c7efbff30
Disgust_008.png,E:\PROJECT 33\PROJECT 33\backend\sample_datasets\image_dataset\Disgust\Disgust_008.png,Disgust,1268,307116f1325c8ad4f65df119f1ed9c21214446e4e458dd64e18359ed92222562
Disgust_009.png,E:\PROJECT 33\PROJECT 33\backend\sample_datasets\image_dataset\Disgust\Disgust_009.png,Disgust,1275,40c4b0f5c7989cfceaf48b764b228fb70e41b5917fb25345dc8bf998ebf4a727
Disgust_010.png,E:\PROJECT 33\PROJECT 33\backend\sample_datasets\image_dataset\Disgust\Disgust_010.png,Disgust,1282,7936ff5d75264f7ffdb09ef3316db5a5e9d0886d7d9e8ef72f9daf039c3c13f1
Disgust_011.png,E:\PROJECT 33\PROJECT 33\backend\sample_datasets\image_dataset\Disgust\Disgust_011.png,Disgust,1285,83e27085a70a7b76ef0b7bf04b86573c8a8dd829cd1a64f16dcecfe3a0bd91b3
Disgust_012.png,E:\PROJECT 33\PROJECT 33\backend\sample_datasets\image_dataset\Disgust\Disgust_012.png,Disgust,1270,6fadb12bdb646e20f1b7dca76ffc63d5c0de8252c3600662db1563b130f53e20
Disgust_013.png,E:\PROJECT 33\PROJECT 33\backend\sample_datasets\image_dataset\Disgust\Disgust_013.png,Disgust,1278,3593b076af968d0aef84d510034940e28d0522e4f7a9c72a11ac278a42dd973f
Disgust_014.png,E:\PROJECT 33\PROJECT 33\backend\sample_datasets\image_dataset\Disgust\Disgust_014.png,Disgust,1277,4f707c4eb7585912876b2ba6344d77410c54f613aa97d1533dba690448a0b8e8
Disgust_015.png,E:\PROJECT 33\PROJECT 33\backend\sample_datasets\image_dataset\Disgust\Disgust_015.png,Disgust,1282,5b11d7aa51bc54bbb9da249f4c1f21fc753177520a6d59a7a629deadb3bb4012
Disgust_016.png,E:\PROJECT 33\PROJECT 33\backend\sample_datasets\image_dataset\Disgust\Disgust_016.png,Disgust,1300,2657c455f1deec97221dbbef92aa0557ae1ef66877608efd34b37a4bc5d86385
Disgust_017.png,E:\PROJECT 33\PROJECT 33\backend\sample_datasets\image_dataset\Disgust\Disgust_017.png,Disgust,1287,9e474483636625c9e004869554b970da7fbb9db8153c90cbc7bacd4108185305
Disgust_018.png,E:\PROJECT 33\PROJECT 33\backend\sample_datasets\image_dataset\Disgust\Disgust_018.png,Disgust,1295,b2ef4a2a1cf4265d4b60fff59c37e498397a692b5c2b6b9d8ccd6fc05e569524
Disgust_019.png,E:\PROJECT 33\PROJECT 33\backend\sample_datasets\image_dataset\Disgust\Disgust_019.png,Disgust,1298,31c6c31bca448c999a57524233745177dd401da60e6e44ff3cf1c82821877762
Disgust_020.png,E:\PROJECT 33\PROJECT 33\backend\sample_datasets\image_dataset\Disgust\Disgust_020.png,Disgust,1275,71d23166b7169949bcf121b97640cdf63aa35bbc9c5509a6498bcb4fd302428d
Disgust_021.png,E:\PROJECT 33\PROJECT 33\backend\sample_datasets\image_dataset\Disgust\Disgust_021.png,Disgust,1289,8a468bd961b4297e19cba8e56d8562803b7b746543f4a59ac24b4860e04eca4b
Disgust_022.png,E:\PROJECT 33\PROJECT 33\backend\sample_datasets\image_dataset\Disgust\Disgust_022.png,Disgust,1282,2a3b1cc090a4caed43df9044615a6c0b4c0f21d197d27b0d1acbf642bd2cf0f4
Disgust_023.png,E:\PROJECT 33\PROJECT 33\backend\sample_datasets\image_dataset\Disgust\Disgust_023.png,Disgust,1281,42333bdb84f7caeff974092ede450c6f614216bdf2d195418f3deeec625deb5c
Disgust_024.png,E:\PROJECT 33\PROJECT 33\backend\sample_datasets\image_dataset\Disgust\Disgust_024.png,Disgust,1284,5452427a773a76c1b82f9e0f6d51a48d55ff18d6562c8003e1f0d35853163766
Disgust_025.png,E:\PROJECT 33\PROJECT 33\backend\sample_datasets\image_dataset\Disgust\Disgust_025.png,Disgust,1284,7f7e714d1a2c48335c81b37a919196bc51f398d786fb98957dd5a91038eb29d8
Disgust_026.png,E:\PROJECT 33\PROJECT 33\backend\sample_datasets\image_dataset\Disgust\Disgust_026.png,Disgust,1297,8238515a7583b0b7554441a2db0e15eb1d337d7c98b771cbaa64754682b1c407
Disgust_027.png,E:\PROJECT 33\PROJECT 33\backend\sample_datasets\image_dataset\Disgust\Disgust_027.png,Disgust,1289,ddad526279a8a3660d622ff8c47876bf28f8f964e7b0135114484ca83c6b7adc
Disgust_028.png,E:\PROJECT 33\PROJECT 33\backend\sample_datasets\image_dataset\Disgust\Disgust_028.png,Disgust,1302,3843be30cbd3ba19b4e59e177c194c1d97d3b85c1ecf7d3e3bb281e16c3f9770
Disgust_029.png,E:\PROJECT 33\PROJECT 33\backend\sample_datasets\image_dataset\Disgust\Disgust_029.png,Disgust,1286,429e43da359c0d17819f9d1fcfb31e01c8ea3c53e09226a8443c578f76f7430b
Disgust_030.png,E:\PROJECT 33\PROJECT 33\backend\sample_datasets\image_dataset\Disgust\Disgust_030.png,Disgust,1296,6f6fb02b97d3e32f501337685d3b3d2bd6a4e1ba359f3ecd3e2a95831f22ceff
Disgust_031.png,E:\PROJECT 33\PROJECT 33\backend\sample_datasets\image_dataset\Disgust\Disgust_031.png,Disgust,1279,f3eb940bde84b4a43141eeb836d583322eb1db26d9396cc9880ca53fd1eb6b43
Disgust_032.png,E:\PROJECT 33\PROJECT 33\backend\sample_datasets\image_dataset\Disgust\Disgust_032.png,Disgust,1289,d25c5cca4a7c89d4b3d78423d07a230d17811d32b32ea788e65484074fdb22c5
Disgust_033.png,E:\PROJECT 33\PROJECT 33\backend\sample_datasets\image_dataset\Disgust\Disgust_033.png,Disgust,1285,8f5bfa352f0a3d73ba05419253f034c818d5d556878737b58b73ef7227335977
Disgust_034.png,E:\PROJECT 33\PROJECT 33\backend\sample_datasets\image_dataset\Disgust\Disgust_034.png,Disgust,1283,8df7a79d68234ab094cb25c8c367036e5cb95931dd5e17b251a102bdbd5e9386
Disgust_035.png,E:\PROJECT 33\PROJECT 33\backend\sample_datasets\image_dataset\Disgust\Disgust_035.png,Disgust,1280,cc3f160e9ccfbf6a20a7e76d2d79c507c877fb57ab6ae21b6b30a7928534b5fa
Disgust_036.png,E:\PROJECT 33\PROJECT 33\backend\sample_datasets\image_dataset\Disgust\Disgust_036.png,Disgust,1273,0b49e5b16e08b8256ba7fc74534197c847bec5427dce4bd6a11b037e0a3c4048
Disgust_037.png,E:\PROJECT 33\PROJECT 33\backend\sample_datasets\image_dataset\Disgust\Disgust_037.png,Disgust,1278,cfa219f6e6bd748cca77f76147a08d491d8c1ebeb254c277dc95c0355e5b9a66
Disgust_038.png,E:\PROJECT 33\PROJECT 33\backend\sample_datasets\image_dataset\Disgust\Disgust_038.png,Disgust,1288,d78b0c3c161a426085cb892a5177ac6a3855ae2bcc57ac5c70bc13a9c96245bb
Disgust_039.png,E:\PROJECT 33\PROJECT 33\backend\sample_datasets\image_dataset\Disgust\Disgust_039.png,Disgust,1298,4ab85387ec8361e35c273f37d00117b88bbae85f3b10ffef6edb07819acc7185
Disgust_040.png,E:\PROJECT 33\PROJECT 33\backend\sample_datasets\image_dataset\Disgust\Disgust_040.png,Disgust,1304,b673f3b043e6ce20e1385dd05e654a96436363cc1eed01925bd07259e902244f
Disgust_041.png,E:\PROJECT 33\PROJECT 33\backend\sample_datasets\image_dataset\Disgust\Disgust_041.png,Disgust,1285,1894583a0f1d1dc2f9387aca9d7e081a19eade72786cd5f2cca317a246e9056e
Disgust_042.png,E:\PROJECT 33\PROJECT 33\backend\sample_datasets\image_dataset\Disgust\Disgust_042.png,Disgust,1287,c51855c1b502ea8109bc48870f741713ecf8e63fecaaa514dbd48b5a66ea63ae
Disgust_043.png,E:\PROJECT 33\PROJECT 33\backend\sample_datasets\image_dataset\Disgust\Disgust_043.png,Disgust,1284,c25ac8fca05083bf26c1d7c0a5104d0d3f364bd0faf2c38b012fced1cb92eff4
Disgust_044.png,E:\PROJECT 33\PROJECT 33\backend\sample_datasets\image_dataset\Disgust\Disgust_044.png,Disgust,1298,c31dd459ec9acd643684c59a2ac61040e5a95ef518939225564b558967ecd1a2
Disgust_045.png,E:\PROJECT 33\PROJECT 33\backend\sample_datasets\image_dataset\Disgust\Disgust_045.png,Disgust,1273,4c85ebbf1d7657d504c6dac10f43459428cd787740b5ece96d67876be720b3a2
Disgust_046.png,E:\PROJECT 33\PROJECT 33\backend\sample_datasets\image_dataset\Disgust\Disgust_046.png,Disgust,1298,56bd16d1696da21900dab7bdedabd13a35ffd170ed59724dc1fde6eb32c0d062
Disgust_047.png,E:\PROJECT 33\PROJECT 33\backend\sample_datasets\image_dataset\Disgust\Disgust_047.png,Disgust,1284,98b1c988444e53a1535de954b655b875108fdc8831355b67c2ca4c6382a56ad4
Disgust_048.png,E:\PROJECT 33\PROJECT 33\backend\sample_datasets\image_dataset\Disgust\Disgust_048.png,Disgust,1274,0b7113aff332e0c1f0c32cdf911fbc3028f9cc7af44b47c3cea3757592328b59
Disgust_049.png,E:\PROJECT 33\PROJECT 33\backend\sample_datasets\image_dataset\Disgust\Disgust_049.png,Disgust,1270,0e147ef3598fe297769353376a735ca2824aa48a32cc6e0a33705fb0306ec39d
Disgust_050.png,E:\PROJECT 33\PROJECT 33\backend\sample_datasets\image_dataset\Disgust\Disgust_050.png,Disgust,1304,06f9fdcd2ca99676732a4c609f57ffec5194ce30d98516d2d9e4edc1ab7556dd
Disgust_051.png,E:\PROJECT 33\PROJECT 33\backend\sample_datasets\image_dataset\Disgust\Disgust_051.png,Disgust,1284,2a5cb8ff3f8eb111b4ebd33eea087019675119c7799955af3c611f7ac36892c9
Disgust_052.png,E:\PROJECT 33\PROJECT 33\backend\sample_datasets\image_dataset\Disgust\Disgust_052.png,Disgust,1298,1bd4ea3a1251d3a3779bad3e5cc25d3f7fd71bb5900bfb991432899be6ece4bc
Disgust_053.png,E:\PROJECT 33\PROJECT 33\backend\sample_datasets\image_dataset\Disgust\Disgust_053.png,Disgust,1292,ba9d09dc94d0e498b17df88c9dd054aa2045a7ef757a4986f20dbd6aa227425d
Disgust_054.png,E:\PROJECT 33\PROJECT 33\backend\sample_datasets\image_dataset\Disgust\Disgust_054.png,Disgust,1291,8b8cd1442d71b26cf1b9a6a58aa030cfc9117ca5cb1a99f529da53c31954cea6
Disgust_055.png,E:\PROJECT 33\PROJECT 33\backend\sample_datasets\image_dataset\Disgust\Disgust_055.png,Disgust,1281,1f9f1044c91006d0e7577287cde860dc8fd5fcb98ca33bee060bfb80b5629038
Disgust_056.png,E:\PROJECT 33\PROJECT 33\backend\sample_datasets\image_dataset\Disgust\Disgust_056.png,Disgust,1283,26e5ba9db16aa6dc5e4be1fcc32ae399d1dcdd3bd4ba820ca827b5aa704c8e4d
Disgust_057.png,E:\PROJECT 33\PROJECT 33\backend\sample_datasets\image_dataset\Disgust\Disgust_057.png,Disgust,1273,a0034e5978e2ea073f7975658409a275d73a91d8500f681f19510b05647dc34b
Disgust_058.png,E:\PROJECT 33\PROJECT 33\backend\sample_datasets\image_dataset\Disgust\Disgust_058.png,Disgust,1290,d2960c44071252023d5ec07e5fe606ca706969f770bd05bb95472e4c67f7a54c
Disgust_059.png,E:\PROJECT 33\PROJECT 33\backend\sample_datasets\image_dataset\Disgust\Disgust_059.png,Disgust,1293,b813e4ba893933542d7f5e6f7e5c7fdbe43eef39e63992bbe3da674f034d6ef9
Disgust_060.png,E:\PROJECT 33\PROJECT 33\backend\sample_datasets\image_dataset\Disgust\Disgust_060.png,Disgust,1293,1fdb6495b4223fa6640eba8ef49ca0c2cd9e39f9b5a12930effeb9dc3937d4e7
Disgust_061.png,E:\PROJECT 33\PROJECT 33\backend\sample_datasets\image_dataset\Disgust\Disgust_061.png,Disgust,1281,dc1efedfa856f2b223699ef86fecbb9a66496611982be3a025f73fb12e77aabd
Disgust_062.png,E:\PROJECT 33\PROJECT 33\backend\sample_datasets\image_dataset\Disgust\Disgust_062.png,Disgust,1276,7028b564be4cfce41a0e355278803c26483c0c28a99d3a31d5c6e6355c00957a
Disgust_063.png,E:\PROJECT 33\PROJECT 33\backend\sample_datasets\image_dataset\Disgust\Disgust_063.png,Disgust,1293,b405d8b6680bcce154483f76ad22681c292d9e3eb5c3c8c7300970d7f57d5bc5
Disgust_064.png,E:\PROJECT 33\PROJECT 33\backend\sample_datasets\image_dataset\Disgust\Disgust_064.png,Disgust,1267,e9f3ec9e0f62967e2f247cc1688eb0c4fc67e9b59352cd0f77c44c1891f064d2
Disgust_065.png,E:\PROJECT 33\PROJECT 33\backend\sample_datasets\image_dataset\Disgust\Disgust_065.png,Disgust,1290,06dca329c2b959cc04350cf37516c90f20a6d6bf862bef2ff3e7393cb61cbe6d
Disgust_066.png,E:\PROJECT 33\PROJECT 33\backend\sample_datasets\image_dataset\Disgust\Disgust_066.png,Disgust,1284,630860418331dd2ea2253130132346727016e35ad3ca6d3cf3c0038123631030
Disgust_067.png,E:\PROJECT 33\PROJECT 33\backend\sample_datasets\image_dataset\Disgust\Disgust_067.png,Disgust,1277,953126129b6c2e545d82aae26d1b6a241c0aee49b23ea5b628e409545aa8853d
Disgust_068.png,E:\PROJECT 33\PROJECT 33\backend\sample_datasets\image_dataset\Disgust\Disgust_068.png,Disgust,1292,ea84631d2d4ec9e3a21b770511ee2477e4037b2e34d7fe568b6c9cb6199871a3
Disgust_069.png,E:\PROJECT 33\PROJECT 33\backend\sample_datasets\image_dataset\Disgust\Disgust_069.png,Disgust,1282,21ce0691ac8e4385d3df5acba33d3d1458845e75e64f71ba0aa7324046c43640
Disgust_070.png,E:\PROJECT 33\PROJECT 33\backend\sample_datasets\image_dataset\Disgust\Disgust_070.png,Disgust,1276,cbe5dea4f7f8e747102aaf315c890ab0568c2acf01597b62c189960799d2afbe
Disgust_071.png,E:\PROJECT 33\PROJECT 33\backend\sample_datasets\image_dataset\Disgust\Disgust_071.png,Disgust,1293,b3f0964343971cb831a810bc8dd64f0cd748aa6c449c84f619fbcb895f5fe8f9
Disgust_072.png,E:\PROJECT 33\PROJECT 33\backend\sample_datasets\image_dataset\Disgust\Disgust_072.png,Disgust,1283,3bb04dd635f711272e45eaa474340f37bda92bc35680604703d2ef2292fd975e
Disgust_073.png,E:\PROJECT 33\PROJECT 33\backend\sample_datasets\image_dataset\Disgust\Disgust_073.png,Disgust,1266,17f0eb5a1726e525b70057d8448a51e3ce6593dbbea424cc133279cd827d63a8
Disgust_074.png,E:\PROJECT 33\PROJECT 33\backend\sample_datasets\image_dataset\Disgust\Disgust_074.png,Disgust,1287,e337fdc044464823f1140c3812b3c17f54ecb41d31e6742668e843242c1e624e
Disgust_075.png,E:\PROJECT 33\PROJECT 33\backend\sample_datasets\image_dataset\Disgust\Disgust_075.png,Disgust,1286,0f2bd863b313f45badcaf926c5c6ff09a8b090ae3133d5e121f3c360eda238ce
Disgust_076.png,E:\PROJECT 33\PROJECT 33\backend\sample_datasets\image_dataset\Disgust\Disgust_076.png,Disgust,1292,ea9be7c8df10a586402f9b219213477621da44bde0c39ec719aa380d6cb10f55
Disgust_077.png,E:\PROJECT 33\PROJECT 33\backend\sample_datasets\image_dataset\Disgust\Disgust_077.png,Disgust,1275,c6efb309e16ce2627bccb9c153e0e81e901ef7315528fd866f385824fa68c55b
Disgust_078.png,E:\PROJECT 33\PROJECT 33\backend\sample_datasets\image_dataset\Disgust\Disgust_078.png,Disgust,1284,4d0d88ee8937dbaa56a4abbb194fdb309a85d8a1a0058065815beff9badd74a4
Disgust_079.png,E:\PROJECT 33\PROJECT 33\backend\sample_datasets\image_dataset\Disgust\Disgust_079.png,Disgust,1286,0e7ed3b3221cab73a8c63c99d63e364442fbf5987b1e7945a130a629b0e331e7
Disgust_080.png,E:\PROJECT 33\PROJECT 33\backend\sample_datasets\image_dataset\Disgust\Disgust_080.png,Disgust,1276,d6cd78d0aa3ce7941cb8546c89b798655b301354f0c7f155fabb2e266b40f02d
Disgust_081.png,E:\PROJECT 33\PROJECT 33\backend\sample_datasets\image_dataset\Disgust\Disgust_081.png,Disgust,1270,3a5666bdec86750afa7b9059d55285d40aaa67b948f01d1d82108c11c4f8cc61
Disgust_082.png,E:\PROJECT 33\PROJECT 33\backend\sample_datasets\image_dataset\Disgust\Disgust_082.png,Disgust,1289,701c3f4152d574ec72fa512e6b758bdec9d2400459b8672eb14d5281025f0789
Disgust_083.png,E:\PROJECT 33\PROJECT 33\backend\sample_datasets\image_dataset\Disgust\Disgust_083.png,Disgust,1287,0033358c04973d8da733972766b60e7030311f41022b77bba4d6ff5df3295195
Disgust_084.png,E:\PROJECT 33\PROJECT 33\backend\sample_datasets\image_dataset\Disgust\Disgust_084.png,Disgust,1292,5eb6432bae4343ab230c86e7ac55a8f357bb00de2b05492e5469e6038db41a8a
Disgust_085.png,E:\PROJECT 33\PROJECT 33\backend\sample_datasets\image_dataset\Disgust\Disgust_085.png,Disgust,1283,30227eaea5a208503b024747de987272e08527b56fe7934255dc084517280d24
Disgust_086.png,E:\PROJECT 33\PROJECT 33\backend\sample_datasets\image_dataset\Disgust\Disgust_086.png,Disgust,1298,2d5401061fab2d68abaeba14fa092b05c514ceffc42ea749da5536eaa796b4bf
Disgust_087.png,E:\PROJECT 33\PROJECT 33\backend\sample_datasets\image_dataset\Disgust\Disgust_087.png,Disgust,1294,e083ca14d648fb56de17eff5b0c336a38d595257ca53ddeea0eb0bd61347175a
Disgust_088.png,E:\PROJECT 33\PROJECT 33\backend\sample_datasets\image_dataset\Disgust\Disgust_088.png,Disgust,1303,c1d73386c0a4ca8c08ae0759a1982a46cdfa796de2939eb568cae73618467f5d
Disgust_089.png,E:\PROJECT 33\PROJECT 33\backend\sample_datasets\image_dataset\Disgust\Disgust_089.png,Disgust,1283,753f14578bf56076a157fe6125db2613569eda6cd7d1f3f4ab041dfab41d29d7
Disgust_090.png,E:\PROJECT 33\PROJECT 33\backend\sample_datasets\image_dataset\Disgust\Disgust_090.png,Disgust,1305,b59755493f85e2880134ee5cd682dc5e203e1e3d464260886fe8776484271601
Disgust_091.png,E:\PROJECT 33\PROJECT 33\backend\sample_datasets\image_dataset\Disgust\Disgust_091.png,Disgust,1292,a228e83eaeb13d8444cfb6efc02c8ccc84d11dc4f372b5fc34c859fcede34431
Disgust_092.png,E:\PROJECT 33\PROJECT 33\backend\sample_datasets\image_dataset\Disgust\Disgust_092.png,Disgust,1294,3e87db1ae20b4e7bdcbf3ce73e78944293262aac524387f549b7397339f05517
Disgust_093.png,E:\PROJECT 33\PROJECT 33\backend\sample_datasets\image_dataset\Disgust\Disgust_093.png,Disgust,1293,a6f96cb8754a5bf29b860e4338693d5c271a261fe87a62c0d41d52fd5e562b5b
Disgust_094.png,E:\PROJECT 33\PROJECT 33\backend\sample_datasets\image_dataset\Disgust\Disgust_094.png,Disgust,1286,97b89f0cec7ae6bf2a6cf77aebb22b6ae1ccb1b5bbb68b5335beb66bc74d48f7
Disgust_095.png,E:\PROJECT 33\PROJECT 33\backend\sample_datasets\image_dataset\Disgust\Disgust_095.png,Disgust,1271,de797138a5c7d8924e87175a51de1b6f1a0a2f11edd2ecb5b3c11a67e14ce6bf
Disgust_096.png,E:\PROJECT 33\PROJECT 33\backend\sample_datasets\image_dataset\Disgust\Disgust_096.png,Disgust,1282,fd7547c803d5a508a6a59ebe48e2de07cfa475d45335db3c801ab7c82d6e4851
Disgust_097.png,E:\PROJECT 33\PROJECT 33\backend\sample_datasets\image_dataset\Disgust\Disgust_097.png,Disgust,1268,547d0729ed0cc5966d2856398f47e4ae7a0f4829107f62979935aff7ce9bf662
Disgust_098.png,E:\PROJECT 33\PROJECT 33\backend\sample_datasets\image_dataset\Disgust\Disgust_098.png,Disgust,1285,9d3eb1d19da2558058edc613a6561df76ccf32c23e6e184b4dd4a9b96cd5a46e
Disgust_099.png,E:\PROJECT 33\PROJECT 33\backend\sample_datasets\image_dataset\Disgust\Disgust_099.png,Disgust,1270,bc0b9416853a0119530b1b65ed2b645a4d575dcdb8fd9e5bc4eaeac14dcaf2cd
Disgust_100.png,E:\PROJECT 33\PROJECT 33\backend\sample_datasets\image_dataset\Disgust\Disgust_100.png,Disgust,1294,ffb00a8f90f1400062a8edb9f185bdf30a1624b57e4f73c243a2879b1ca97e33
Disgust_101.png,E:\PROJECT 33\PROJECT 33\backend\sample_datasets\image_dataset\Disgust\Disgust_101.png,Disgust,1274,06705ea51d93b97f142e7f80e3abf8fe025052428aa933ae533ad32797bd412e
Disgust_102.png,E:\PROJECT 33\PROJECT 33\backend\sample_datasets\image_dataset\Disgust\Disgust_102.png,Disgust,1268,cba2fbfb5059c9a9f9e37f2081949d262faf82d7474c227d227c54cc0342ca8e
Disgust_103.png,E:\PROJECT 33\PROJECT 33\backend\sample_datasets\image_dataset\Disgust\Disgust_103.png,Disgust,1279,b11a6db5e8c83e04ec50e9c381c13a80e8922e807f4b9acd08e235b6ad08034d
Disgust_104.png,E:\PROJECT 33\PROJECT 33\backend\sample_datasets\image_dataset\Disgust\Disgust_104.png,Disgust,1299,2ab64f5812824de89235f752182d900b5f9f6a7d16071a83338d14fa34faa7c4
Disgust_105.png,E:\PROJECT 33\PROJECT 33\backend\sample_datasets\image_dataset\Disgust\Disgust_105.png,Disgust,1267,ec671b63a12afa00c54124911f8af1ca7f8bd05dd5e82be6e34e0cf61d132635
Disgust_106.png,E:\PROJECT 33\PROJECT 33\backend\sample_datasets\image_dataset\Disgust\Disgust_106.png,Disgust,1295,89ac2ef292bae8f5ffe2c55d1e68270ac21aeab7ac61a58538e212e6081c4737
Disgust_107.png,E:\PROJECT 33\PROJECT 33\backend\sample_datasets\image_dataset\Disgust\Disgust_107.png,Disgust,1282,1d47b2947e45f4610378bebaa3e09413493c7d2b5bfe6c69f658abfa5ca8e2b7
Disgust_108.png,E:\PROJECT 33\PROJECT 33\backend\sample_datasets\image_dataset\Disgust\Disgust_108.png,Disgust,1269,5b75b8f93f1cdf7f0a1243d73de33fac9607cdf5b3153bfd2b59b12b6560f541
Disgust_109.png,E:\PROJECT 33\PROJECT 33\backend\sample_datasets\image_dataset\Disgust\Disgust_109.png,Disgust,1289,7eb54362221a0fd6be0f6bb4fd1cc1b49f02e2414fc4c8a0396b27d37ce46094
Disgust_110.png,E:\PROJECT 33\PROJECT 33\backend\sample_datasets\image_dataset\Disgust\Disgust_110.png,Disgust,1281,701a021dcd927e52698d144dac13adffd71d5c9471dbd52f7f78b9ede3838d81
Disgust_111.png,E:\PROJECT 33\PROJECT 33\backend\sample_datasets\image_dataset\Disgust\Disgust_111.png,Disgust,1281,917b5a9013ac6e221f5b2a21511227df2aba50e326b6e1fde43ca09f36b36df0
Disgust_112.png,E:\PROJECT 33\PROJECT 33\backend\sample_datasets\image_dataset\Disgust\Disgust_112.png,Disgust,1280,677f6aa5390401484b7c662c7cbe41f7bf3c893edc7fbc0d54bd2b29a7270576
Disgust_113.png,E:\PROJECT 33\PROJECT 33\backend\sample_datasets\image_dataset\Disgust\Disgust_113.png,Disgust,1280,05bfc3af1913b43f18fb081f15e187abdcf368e9605438a5f65e06c361738be5
Disgust_114.png,E:\PROJECT 33\PROJECT 33\backend\sample_datasets\image_dataset\Disgust\Disgust_114.png,Disgust,1280,40bb47638e24542a00926817f26eddcafd42ad0172ddfcff2c8ed542a24ba74c
Disgust_115.png,E:\PROJECT 33\PROJECT 33\backend\sample_datasets\image_dataset\Disgust\Disgust_115.png,Disgust,1293,17fd394dfa7f74598064dea53dff32b05ae762eee881012d54cdf08ea494524e
Disgust_116.png,E:\PROJECT 33\PROJECT 33\backend\sample_datasets\image_dataset\Disgust\Disgust_116.png,Disgust,1300,1d5a6d12dcece719098ae20657d0c4751ca4f4edd153cbb6e9b53bbeb49c8e31
Disgust_117.png,E:\PROJECT 33\PROJECT 33\backend\sample_datasets\image_dataset\Disgust\Disgust_117.png,Disgust,1272,342c765bfbedb6cb86bc6aea6e0fe14f275cf08e1583575bfb48e2af670cbd66
Disgust_118.png,E:\PROJECT 33\PROJECT 33\backend\sample_datasets\image_dataset\Disgust\Disgust_118.png,Disgust,1292,8c61adc4d7184bf95e7b0bd72f2be093f4c5a53a496f53a381f5f4c49d3d837e
Disgust_119.png,E:\PROJECT 33\PROJECT 33\backend\sample_datasets\image_dataset\Disgust\Disgust_119.png,Disgust,1281,18f0725f8a87f80b9689c80ea1bd844a7b803a2b59f1e8c534037a542c6cb824
Disgust_120.png,E:\PROJECT 33\PROJECT 33\backend\sample_datasets\image_dataset\Disgust\Disgust_120.png,Disgust,1303,1d893bcd41378ae4501608b0ae501894a369cb3541a2e163c043e6937b5a1ba2
Disgust_121.png,E:\PROJECT 33\PROJECT 33\backend\sample_datasets\image_dataset\Disgust\Disgust_121.png,Disgust,1275,cba6aad081c3ea2b041e36a47832bf1c8ddf3d2d9b92ae79e5c33665600ab214
Disgust_122.png,E:\PROJECT 33\PROJECT 33\backend\sample_datasets\image_dataset\Disgust\Disgust_122.png,Disgust,1292,d73dae2046e3b69e4eb020d98c2a5b74acd040a50bccecb4234d1719a8166f95
Disgust_123.png,E:\PROJECT 33\PROJECT 33\backend\sample_datasets\image_dataset\Disgust\Disgust_123.png,Disgust,1289,e544811f3fbd39536a5d21cc281139fbb858f35126c457901337e5d32d1cc654
Disgust_124.png,E:\PROJECT 33\PROJECT 33\backend\sample_datasets\image_dataset\Disgust\Disgust_124.png,Disgust,1285,0b17ee623abd0c365bc22375e366ebccace5fd8c8436a4776462a294267b4e30
Disgust_125.png,E:\PROJECT 33\PROJECT 33\backend\sample_datasets\image_dataset\Disgust\Disgust_125.png,Disgust,1282,4b81ae975fbd3da13c0b631a73e80b5c4e17c3748a4d3956c7bfeaddf41a3033
Disgust_126.png,E:\PROJECT 33\PROJECT 33\backend\sample_datasets\image_dataset\Disgust\Disgust_126.png,Disgust,1282,654ea2cc1d8b537c9538b96bed6af439fc4bedca9da1fe765bdee77038b3993d
Disgust_127.png,E:\PROJECT 33\PROJECT 33\backend\sample_datasets\image_dataset\Disgust\Disgust_127.png,Disgust,1304,7bf1f718ebfb7a88275cce2e383c0ea1658c7854e7a3ee4cf9414c76a4db054a
Disgust_128.png,E:\PROJECT 33\PROJECT 33\backend\sample_datasets\image_dataset\Disgust\Disgust_128.png,Disgust,1308,05c02bd6a7ee5e972ea590ad18b9f179a8714b3fea5f130b8b846daf6067a2cf
Disgust_129.png,E:\PROJECT 33\PROJECT 33\backend\sample_datasets\image_dataset\Disgust\Disgust_129.png,Disgust,1270,5cda6b5093fc6774149a259516aae20fc9155b6bda1f246fddc400f5cad8fb96
Disgust_130.png,E:\PROJECT 33\PROJECT 33\backend\sample_datasets\image_dataset\Disgust\Disgust_130.png,Disgust,1297,8b3cb64d41d8e9256f625c88d157d1b01313a65a59c443a95b5cf43e71ec3c25
Disgust_131.png,E:\PROJECT 33\PROJECT 33\backend\sample_datasets\image_dataset\Disgust\Disgust_131.png,Disgust,1295,440c9bc3f2a62305355b993039d6196361a294fbef124129501d340210d25d09
Disgust_132.png,E:\PROJECT 33\PROJECT 33\backend\sample_datasets\image_dataset\Disgust\Disgust_132.png,Disgust,1301,479ed3e8624009395fe9b09ec70530864bed67835e5fedeef4d805c9840021ff
Disgust_133.png,E:\PROJECT 33\PROJECT 33\backend\sample_datasets\image_dataset\Disgust\Disgust_133.png,Disgust,1286,53f0c59a78b323504dcaac4396ac1699fbb81a5842388967321b43573c1c549a
Disgust_134.png,E:\PROJECT 33\PROJECT 33\backend\sample_datasets\image_dataset\Disgust\Disgust_134.png,Disgust,1275,87440409626b03cae6ef6aba08e09040e5091a7ccf00bad94c4ff350c78816bd
Disgust_135.png,E:\PROJECT 33\PROJECT 33\backend\sample_datasets\image_dataset\Disgust\Disgust_135.png,Disgust,1288,c663e5e2c892c0b0461228c49bb15ac07c5a1586f537b69f513b9a04565b2d68
Disgust_136.png,E:\PROJECT 33\PROJECT 33\backend\sample_datasets\image_dataset\Disgust\Disgust_136.png,Disgust,1287,a892ba5653002989e717c3870f9406823f0dbd990a06a2341f600bfa3d241046
Disgust_137.png,E:\PROJECT 33\PROJECT 33\backend\sample_datasets\image_dataset\Disgust\Disgust_137.png,Disgust,1284,4cc7df9a7bc48f9e086bc4d837748f36f4109c23f299d65ffcc2739d476c3e03
Disgust_138.png,E:\PROJECT 33\PROJECT 33\backend\sample_datasets\image_dataset\Disgust\Disgust_138.png,Disgust,1285,5acb182db96c4ac9832ba94811b17c8c2229d7d1c9a5615b493bff959de96596
Disgust_139.png,E:\PROJECT 33\PROJECT 33\backend\sample_datasets\image_dataset\Disgust\Disgust_139.png,Disgust,1292,9dcd28ac4f6f5ae72446961a72f9ff9fe8c58cf672f5ecd53fcb0668e6cc0414
Disgust_140.png,E:\PROJECT 33\PROJECT 33\backend\sample_datasets\image_dataset\Disgust\Disgust_140.png,Disgust,1290,bb68932e13e416a7cf63166c6ade34bf135101fdc16be358fe3ebc820ae28889
Disgust_141.png,E:\PROJECT 33\PROJECT 33\backend\sample_datasets\image_dataset\Disgust\Disgust_141.png,Disgust,1282,3f2695e91b21e0147c5e29692c18dcf31837cdd5b8f8f1829f643446dde0cb9e
Disgust_142.png,E:\PROJECT 33\PROJECT 33\backend\sample_datasets\image_dataset\Disgust\Disgust_142.png,Disgust,1262,c696a5f0f7a2bf3d40b2e187eba38462a11bd8a1b49b28a1f1e36c3bf1e38fbb
Disgust_143.png,E:\PROJECT 33\PROJECT 33\backend\sample_datasets\image_dataset\Disgust\Disgust_143.png,Disgust,1292,c85e90f9dc4c9ec1222176e291ca484233ffac6924a627531066f0ca86556541
Disgust_144.png,E:\PROJECT 33\PROJECT 33\backend\sample_datasets\image_dataset\Disgust\Disgust_144.png,Disgust,1285,ec9008178e634755f2a599805898f94f6b666c084e098614f6e7d706ce49f9ec
Disgust_145.png,E:\PROJECT 33\PROJECT 33\backend\sample_datasets\image_dataset\Disgust\Disgust_145.png,Disgust,1284,c547cbfe7d79cbcf3e57cc802c447499e4429d69573d5367e02654c707cc709f
Disgust_146.png,E:\PROJECT 33\PROJECT 33\backend\sample_datasets\image_dataset\Disgust\Disgust_146.png,Disgust,1278,7ef6faecd84c1f65be5e19debbadcd7b93dc378c850b08597da69e3fc0aec387
Disgust_147.png,E:\PROJECT 33\PROJECT 33\backend\sample_datasets\image_dataset\Disgust\Disgust_147.png,Disgust,1277,0f5525d8879948a0413708a206ac75f1c1b9f8240a5f1168642529bbf61cd88b
Disgust_148.png,E:\PROJECT 33\PROJECT 33\backend\sample_datasets\image_dataset\Disgust\Disgust_148.png,Disgust,1271,6dcab206189ac7c50a192f267556b13824a67f1f158e98a121364429372d1fde
Disgust_149.png,E:\PROJECT 33\PROJECT 33\backend\sample_datasets\image_dataset\Disgust\Disgust_149.png,Disgust,1280,6e7de33ae34cc8f7f545e2098cf45eb36a7a25b3ca8f8fbcc93803efa2256f52
Disgust_150.png,E:\PROJECT 33\PROJECT 33\backend\sample_datasets\image_dataset\Disgust\Disgust_150.png,Disgust,1280,5acf0bdddc1c9e4ddf476901d59a301ebc010028dd1d140eed9cd7679e0e5573
Disgust_151.png,E:\PROJECT 33\PROJECT 33\backend\sample_datasets\image_dataset\Disgust\Disgust_151.png,Disgust,1277,18598033f752c57910c830294b94fd0a4180460436ad8919daff63d6962a5871
Disgust_152.png,E:\PROJECT 33\PROJECT 33\backend\sample_datasets\image_dataset\Disgust\Disgust_152.png,Disgust,1295,8573eecf0c753b50028e39a24aec9152126e6542f687f4cb06e35afc36e7d970
Disgust_153.png,E:\PROJECT 33\PROJECT 33\backend\sample_datasets\image_dataset\Disgust\Disgust_153.png,Disgust,1277,35883d8461addb8d4339ba7910f88ed2c10abc07bed4f1296f5cc5819150d45e
Disgust_154.png,E:\PROJECT 33\PROJECT 33\backend\sample_datasets\image_dataset\Disgust\Disgust_154.png,Disgust,1281,cace8deef2c369894cded107ee68c475922da8b9688659bae0ad0534faec9964
Disgust_155.png,E:\PROJECT 33\PROJECT 33\backend\sample_datasets\image_dataset\Disgust\Disgust_155.png,Disgust,1259,abbd8be11544ec67cc1387947ce55ad63b06a5b8ac57a09f69fe874f08a1c13f
Disgust_156.png,E:\PROJECT 33\PROJECT 33\backend\sample_datasets\image_dataset\Disgust\Disgust_156.png,Disgust,1283,e22fca51b6398e3ae9c9e6685395229d46896b5e01119a9853dda5476d8fa4d8
Disgust_157.png,E:\PROJECT 33\PROJECT 33\backend\sample_datasets\image_dataset\Disgust\Disgust_157.png,Disgust,1296,55dfd832ca2038a2a22cb20d1c50ecf05a890e122c8160e9e705e6008c38e250
Disgust_158.png,E:\PROJECT 33\PROJECT 33\backend\sample_datasets\image_dataset\Disgust\Disgust_158.png,Disgust,1285,cadc503d603f4a5b3929caddf33a8ceee792ccbfe2836d012da83a8178b393eb
Disgust_159.png,E:\PROJECT 33\PROJECT 33\backend\sample_datasets\image_dataset\Disgust\Disgust_159.png,Disgust,1293,b71f352b46c418d76b34dbc0895b42fad4c5f1a5d254b1e7cebafb981dc95e77
Disgust_160.png,E:\PROJECT 33\PROJECT 33\backend\sample_datasets\image_dataset\Disgust\Disgust_160.png,Disgust,1272,f5eec0a6f1f4913a20c87c265a51ba2201a674f18177ee1c2c3064eb5278de33
Disgust_161.png,E:\PROJECT 33\PROJECT 33\backend\sample_datasets\image_dataset\Disgust\Disgust_161.png,Disgust,1283,b430242828c68b621041a81428a7a50865a9ba7a99d077a465591df5bbc02ee1
Disgust_162.png,E:\PROJECT 33\PROJECT 33\backend\sample_datasets\image_dataset\Disgust\Disgust_162.png,Disgust,1273,65bcbabf9d4ddb7dc19214d0b44f8eff317101a9ffe694dba4cde9ad71b766c7
Disgust_163.png,E:\PROJECT 33\PROJECT 33\backend\sample_datasets\image_dataset\Disgust\Disgust_163.png,Disgust,1296,2ad956ebd095d7fc9f38f21d4fc53517e09038258dd894b877ec192b30ff579f
Disgust_164.png,E:\PROJECT 33\PROJECT 33\backend\sample_datasets\image_dataset\Disgust\Disgust_164.png,Disgust,1266,a97e26c930522d11ddc97b4603559addbe658a7fa1ddeb1e2273232173f77447
Disgust_165.png,E:\PROJECT 33\PROJECT 33\backend\sample_datasets\image_dataset\Disgust\Disgust_165.png,Disgust,1279,cb6973f12e2d70efbadf6d6a276b7c741580614c22bf280095fc033fe02e9305
Disgust_166.png,E:\PROJECT 33\PROJECT 33\backend\sample_datasets\image_dataset\Disgust\Disgust_166.png,Disgust,1287,8eecd00b32696f3193d551e5225e9e40444a9a7204feb3fb9295a53238b07973
Disgust_167.png,E:\PROJECT 33\PROJECT 33\backend\sample_datasets\image_dataset\Disgust\Disgust_167.png,Disgust,1283,86da18165d5284ca6b84a9cc38eac22d2eaae6c6b83430e97849277c3a7d2265
Disgust_168.png,E:\PROJECT 33\PROJECT 33\backend\sample_datasets\image_dataset\Disgust\Disgust_168.png,Disgust,1281,7780b1744660edde664fb31f11134677d9a27a4a9e35a56e9b0147c514444691
Disgust_169.png,E:\PROJECT 33\PROJECT 33\backend\sample_datasets\image_dataset\Disgust\Disgust_169.png,Disgust,1294,10d92c3648dc4001be59580405319b4c261bfe0ae857124757062485e85da468
Disgust_170.png,E:\PROJECT 33\PROJECT 33\backend\sample_datasets\image_dataset\Disgust\Disgust_170.png,Disgust,1286,67743b78c2ff92d458ce54e8ef4e3c26960dfc9278f342cbef54b55a7aedabe0
Disgust_171.png,E:\PROJECT 33\PROJECT 33\backend\sample_datasets\image_dataset\Disgust\Disgust_171.png,Disgust,1301,870332bb9d1910d1975b94e083cd788fe58deeb1b255c686b9fe63e92fa8835b
Disgust_172.png,E:\PROJECT 33\PROJECT 33\backend\sample_datasets\image_dataset\Disgust\Disgust_172.png,Disgust,1290,de1970c85f3c7105fd04faa794a0a5c9d2a93678fcc201788550e2badb482c95
Disgust_173.png,E:\PROJECT 33\PROJECT 33\backend\sample_datasets\image_dataset\Disgust\Disgust_173.png,Disgust,1274,7ca3478d445dda383398f14ba0f19c86c4505ed6ea81daa9ac4948a485068c2a
Disgust_174.png,E:\PROJECT 33\PROJECT 33\backend\sample_datasets\image_dataset\Disgust\Disgust_174.png,Disgust,1277,9f2d8cd4e799d098b7f4970449bf40c3a49e21830a63a16333e042bd2aa8ef99
Disgust_175.png,E:\PROJECT 33\PROJECT 33\backend\sample_datasets\image_dataset\Disgust\Disgust_175.png,Disgust,1282,4f1cfc0cfd448168df2bc8267050b145f4ac1338d0b4c38b773726ee8ff2ec87
Disgust_176.png,E:\PROJECT 33\PROJECT 33\backend\sample_datasets\image_dataset\Disgust\Disgust_176.png,Disgust,1279,1aa7a2bd8e0464c166fc2773e6c905e6d61ee619199efb9cf7ff714cbc6d92c2
Disgust_177.png,E:\PROJECT 33\PROJECT 33\backend\sample_datasets\image_dataset\Disgust\Disgust_177.png,Disgust,1283,a0f6df667280ec0689d903b46dde4d269d3c240cc15eb9d4ce71d27c98318cf0
Disgust_178.png,E:\PROJECT 33\PROJECT 33\backend\sample_datasets\image_dataset\Disgust\Disgust_178.png,Disgust,1286,167e53399601d9a0cc68a1d11ea3d2ab8d55d85f9329dd5ae212410b9bb07f84
Disgust_179.png,E:\PROJECT 33\PROJECT 33\backend\sample_datasets\image_dataset\Disgust\Disgust_179.png,Disgust,1279,b06bc61af26bec91c87d99bc0f4dbb816e1c2ee80e204ba3c8a687a0e3f281ae
Disgust_180.png,E:\PROJECT 33\PROJECT 33\backend\sample_datasets\image_dataset\Disgust\Disgust_180.png,Disgust,1282,0ede89168eb4b18eaedee6264fc5a6892ee578c00bc107e135053a5621b44e5d
Disgust_181.png,E:\PROJECT 33\PROJECT 33\backend\sample_datasets\image_dataset\Disgust\Disgust_181.png,Disgust,1270,c39614754983795e06bb95d61cb58494705c963090e266d81d0426f437cb847e
Disgust_182.png,E:\PROJECT 33\PROJECT 33\backend\sample_datasets\image_dataset\Disgust\Disgust_182.png,Disgust,1280,fb745c9a53fd8a4d8d9809f7a81a5795002f3056b544240c954e177d06ae5d26
Disgust_183.png,E:\PROJECT 33\PROJECT 33\backend\sample_datasets\image_dataset\Disgust\Disgust_183.png,Disgust,1309,f8d93fee34e2a60fcdb8b527f9c185f6f128f2bc360d3399c8ddf538ba4ef78b
Disgust_184.png,E:\PROJECT 33\PROJECT 33\backend\sample_datasets\image_dataset\Disgust\Disgust_184.png,Disgust,1266,9ca1d51bbf785fe34df3a5eb1815d928521ced3b7047fe72fd30fb62e19705ce
Disgust_185.png,E:\PROJECT 33\PROJECT 33\backend\sample_datasets\image_dataset\Disgust\Disgust_185.png,Disgust,1276,20b74f4433b5b3ac5a95123fba1241790e87555955c1d8c321dc203a920a25eb
Disgust_186.png,E:\PROJECT 33\PROJECT 33\backend\sample_datasets\image_dataset\Disgust\Disgust_186.png,Disgust,1292,c6e6bf3006bc2b67867dbb08c17ba8bd6d786be0b916785f5a3c159e690dca4c
Disgust_187.png,E:\PROJECT 33\PROJECT 33\backend\sample_datasets\image_dataset\Disgust\Disgust_187.png,Disgust,1283,778058cb97057077bb44345d013a92f22e5e9ab73401d4e812fa7948be0a6add
Disgust_188.png,E:\PROJECT 33\PROJECT 33\backend\sample_datasets\image_dataset\Disgust\Disgust_188.png,Disgust,1283,e26739edef89316e926f742b8c5730e28ba570f9fa70d70d5cc264d8479b0d08
Disgust_189.png,E:\PROJECT 33\PROJECT 33\backend\sample_datasets\image_dataset\Disgust\Disgust_189.png,Disgust,1273,7dcf85d3a556f3befd0729e0ccef33c368b908aabf33280440f57388c1dfb532
Disgust_190.png,E:\PROJECT 33\PROJECT 33\backend\sample_datasets\image_dataset\Disgust\Disgust_190.png,Disgust,1307,660b54fb9e29788b2dad771f496d69b3a7c6b2150028d671606d26289372ff3a
Disgust_191.png,E:\PROJECT 33\PROJECT 33\backend\sample_datasets\image_dataset\Disgust\Disgust_191.png,Disgust,1266,68a30ded5b3764ac3e5231f233f0c084b05430cace74d451395b9340ee11921f
Disgust_192.png,E:\PROJECT 33\PROJECT 33\backend\sample_datasets\image_dataset\Disgust\Disgust_192.png,Disgust,1265,4360b670cd00ca683e1b8e3e806f01f23bb1af4510061246c0f6abc2202fc96f
Disgust_193.png,E:\PROJECT 33\PROJECT 33\backend\sample_datasets\image_dataset\Disgust\Disgust_193.png,Disgust,1267,daea0222f5cbfaa5cd5feacfe28ea70dc4274cb2823db59ad10d359e3fd346c6
Disgust_194.png,E:\PROJECT 33\PROJECT 33\backend\sample_datasets\image_dataset\Disgust\Disgust_194.png,Disgust,1285,a9c2e5a39ec0331af1191f6c9f21529cdd055fa4cd012b797c38f9dc4b91e336
Disgust_195.png,E:\PROJECT 33\PROJECT 33\backend\sample_datasets\image_dataset\Disgust\Disgust_195.png,Disgust,1290,8c9ea9ad5a13ea2bed59ff3ba861ad884d45d46d514f3c416538aeea372cac77
Disgust_196.png,E:\PROJECT 33\PROJECT 33\backend\sample_datasets\image_dataset\Disgust\Disgust_196.png,Disgust,1286,9b138e7566f8faae36c90385b98ec47ced85ab9c2a6f3b9c449de6762f4b0916
Disgust_197.png,E:\PROJECT 33\PROJECT 33\backend\sample_datasets\image_dataset\Disgust\Disgust_197.png,Disgust,1273,ec024a48e8c175100b843925aa58674878ee0b9152172d52ae46bdd956844e88
Disgust_198.png,E:\PROJECT 33\PROJECT 33\backend\sample_datasets\image_dataset\Disgust\Disgust_198.png,Disgust,1297,6e6317c1aa86a4e850e23b279dcfcc5dc9bd67abc3dfc5fa9b8d621245f6cda1
Disgust_199.png,E:\PROJECT 33\PROJECT 33\backend\sample_datasets\image_dataset\Disgust\Disgust_199.png,Disgust,1274,4438ecd620b714c635f31a45ba3af2d5f6ba488961449cfc145cbf8989b5467b
Disgust_200.png,E:\PROJECT 33\PROJECT 33\backend\sample_datasets\image_dataset\Disgust\Disgust_200.png,Disgust,1298,f2c84c8239cd2f67307f55d59e228f3f14e71ff886c92fc7ce96466a6d52d9e2
Disgust_201.png,E:\PROJECT 33\PROJECT 33\backend\sample_datasets\image_dataset\Disgust\Disgust_201.png,Disgust,1285,03c49a69cb5d3455c474a9fa96456913f1655bdbb41f62baa70eab62de4473fe
Disgust_202.png,E:\PROJECT 33\PROJECT 33\backend\sample_datasets\image_dataset\Disgust\Disgust_202.png,Disgust,1284,a354c5cbe09e0dd9f0b9aa5d47836054694fba96a5fabbc7c465d7b47238376f
Disgust_203.png,E:\PROJECT 33\PROJECT 33\backend\sample_datasets\image_dataset\Disgust\Disgust_203.png,Disgust,1293,a0dfcff34813fa2a4c37325bee8f941cbacc3aac2d2ecc1d8482a69c3d0f9a1b
Disgust_204.png,E:\PROJECT 33\PROJECT 33\backend\sample_datasets\image_dataset\Disgust\Disgust_204.png,Disgust,1290,dd3ce0ace55d3efe47a110fe2392c572549e806c72161f3ce540a21f8164ec3a
Disgust_205.png,E:\PROJECT 33\PROJECT 33\backend\sample_datasets\image_dataset\Disgust\Disgust_205.png,Disgust,1289,c022586c043c4a4abf6a54f50a231dbf40d479b20a417119024d6d143021360b
Disgust_206.png,E:\PROJECT 33\PROJECT 33\backend\sample_datasets\image_dataset\Disgust\Disgust_206.png,Disgust,1278,dc1fea6dd6d9cc961e168511fbeb8052f33cb3b1c8b019d6992fe5fdea7341a0
Disgust_207.png,E:\PROJECT 33\PROJECT 33\backend\sample_datasets\image_dataset\Disgust\Disgust_207.png,Disgust,1270,ba4dd1a1397a20c0c170da87adbdde6a60b73d3e1320a56317186386582afb9b
Disgust_208.png,E:\PROJECT 33\PROJECT 33\backend\sample_datasets\image_dataset\Disgust\Disgust_208.png,Disgust,1302,6932163c4cfbaea6624f011b2d49806d37d72d6a326367df2882729a0e94d0f0
Disgust_209.png,E:\PROJECT 33\PROJECT 33\backend\sample_datasets\image_dataset\Disgust\Disgust_209.png,Disgust,1300,d67d4e445b6899852770f1b89aa22ea394865df5194db203919ea9f08b98c524
Disgust_210.png,E:\PROJECT 33\PROJECT 33\backend\sample_datasets\image_dataset\Disgust\Disgust_210.png,Disgust,1284,66415b5dd834cdcadc8569625faa4f7809de0fa72e324370e156f3fa698971f5
Disgust_211.png,E:\PROJECT 33\PROJECT 33\backend\sample_datasets\image_dataset\Disgust\Disgust_211.png,Disgust,1277,ff5fdbd30e450d4fe8c72985466252c9d6e665dc077c9f1912c0395247420eb1
Disgust_212.png,E:\PROJECT 33\PROJECT 33\backend\sample_datasets\image_dataset\Disgust\Disgust_212.png,Disgust,1286,a13e60f78ab37db344658edd0aef4fba31981279a2d83f156bccc57d9d22b69b
Disgust_213.png,E:\PROJECT 33\PROJECT 33\backend\sample_datasets\image_dataset\Disgust\Disgust_213.png,Disgust,1256,a08a6b2c3b8a06815d35c4eadc9ac4461e1ca3792f891879999d744775e94918
Disgust_214.png,E:\PROJECT 33\PROJECT 33\backend\sample_datasets\image_dataset\Disgust\Disgust_214.png,Disgust,1268,5384d1638c3ed4aacb7bcf29b0419488cfeae3dcfa317769d34cb8b1e1aaca4c
Disgust_215.png,E:\PROJECT 33\PROJECT 33\backend\sample_datasets\image_dataset\Disgust\Disgust_215.png,Disgust,1291,ba7b10849ac38e17a5d691b1b3760dba7948864e26415931ad02962c436957bd
Disgust_216.png,E:\PROJECT 33\PROJECT 33\backend\sample_datasets\image_dataset\Disgust\Disgust_216.png,Disgust,1279,0ba5988efe74b20a77190ba5b2e11f22856b50d97fae7daf604e9c22bf70297e
Disgust_217.png,E:\PROJECT 33\PROJECT 33\backend\sample_datasets\image_dataset\Disgust\Disgust_217.png,Disgust,1301,0bee442854b28541838353e8287ba1d4ef8f1a74a709946d3503bbc7d51f7861
Disgust_218.png,E:\PROJECT 33\PROJECT 33\backend\sample_datasets\image_dataset\Disgust\Disgust_218.png,Disgust,1272,55efb4d64e74541607d3fbe950bae6e143d9a4ec6bc06cb3cde0c4d9fc32a77f
Disgust_219.png,E:\PROJECT 33\PROJECT 33\backend\sample_datasets\image_dataset\Disgust\Disgust_219.png,Disgust,1295,07934e9fc3beb1f97e4e819ac004bc13ee9686b1678a54c471553df73ee098f6
Disgust_220.png,E:\PROJECT 33\PROJECT 33\backend\sample_datasets\image_dataset\Disgust\Disgust_220.png,Disgust,1290,c92a3a37af474a12788967cd6beaca94ec604dcd2509991811488061f65db50f
Disgust_221.png,E:\PROJECT 33\PROJECT 33\backend\sample_datasets\image_dataset\Disgust\Disgust_221.png,Disgust,1283,47db65452e753165c9ce5d00276dd33c9afa552c271e7424f95b50d5af25382d
Disgust_222.png,E:\PROJECT 33\PROJECT 33\backend\sample_datasets\image_dataset\Disgust\Disgust_222.png,Disgust,1290,b0536f2fe7a3bf0a001ff3f41d69808d339b995b6a317a50085fbfdd9a887f7e
Disgust_223.png,E:\PROJECT 33\PROJECT 33\backend\sample_datasets\image_dataset\Disgust\Disgust_223.png,Disgust,1295,39de69a51dcfafbf701dddf45d6a4e1885ec05446764522b84c553a218de447a
Disgust_224.png,E:\PROJECT 33\PROJECT 33\backend\sample_datasets\image_dataset\Disgust\Disgust_224.png,Disgust,1292,341c0f63fb66a937565da36688b8ddbd1207308843a9c83d61484ceba2fbec01
Disgust_225.png,E:\PROJECT 33\PROJECT 33\backend\sample_datasets\image_dataset\Disgust\Disgust_225.png,Disgust,1297,6d9dbf6f2cce5115ebfa5c888106c42fa616325adb1a8dec9a85c6ab0b6aed9e
Disgust_226.png,E:\PROJECT 33\PROJECT 33\backend\sample_datasets\image_dataset\Disgust\Disgust_226.png,Disgust,1303,d5cb32b306a3770be5d15b86b481ea33b591132fd00bb9563bc777af062dbf3b
Disgust_227.png,E:\PROJECT 33\PROJECT 33\backend\sample_datasets\image_dataset\Disgust\Disgust_227.png,Disgust,1306,ddd08cc0138f3a39620cccd3a02deeb5dcb1bed2c455e08d14c371208b6f0c91
Disgust_228.png,E:\PROJECT 33\PROJECT 33\backend\sample_datasets\image_dataset\Disgust\Disgust_228.png,Disgust,1276,671fe09f1a92b0d69f5ce404e99714cd789572c0ed2c25b6731ccbf79fa13837
Disgust_229.png,E:\PROJECT 33\PROJECT 33\backend\sample_datasets\image_dataset\Disgust\Disgust_229.png,Disgust,1297,42941b3be6189311ee2977d32e0cf07d32f27b0b671a29bd46798b777fd63117
Disgust_230.png,E:\PROJECT 33\PROJECT 33\backend\sample_datasets\image_dataset\Disgust\Disgust_230.png,Disgust,1289,851391df44c512c47a7d71254bbdc605107172015dee7efbcf8c9d09ef9cfe92
Disgust_231.png,E:\PROJECT 33\PROJECT 33\backend\sample_datasets\image_dataset\Disgust\Disgust_231.png,Disgust,1280,7ba8dc53648ffe583c109ae8b33f46457256dab6372118e0aaa2df4101a8ec4b
Disgust_232.png,E:\PROJECT 33\PROJECT 33\backend\sample_datasets\image_dataset\Disgust\Disgust_232.png,Disgust,1294,3b6695f03ca8d559c1bfbc78fac4288433b885a47f9259c4620d265c726bede9
Disgust_233.png,E:\PROJECT 33\PROJECT 33\backend\sample_datasets\image_dataset\Disgust\Disgust_233.png,Disgust,1300,1f142a795e164f286f09a963ff9b64f17b9f6576f3d554c3a469be6f054aa8f5
Disgust_234.png,E:\PROJECT 33\PROJECT 33\backend\sample_datasets\image_dataset\Disgust\Disgust_234.png,Disgust,1290,65cc42693d1712bdb191038a1480904172784cdc772790f20057e4154c67e9b6
Disgust_235.png,E:\PROJECT 33\PROJECT 33\backend\sample_datasets\image_dataset\Disgust\Disgust_235.png,Disgust,1281,4f624ddf229ecc22b8f0df7a5f35e6eb0726b9350283f8246f785bbc39f4454f
Disgust_236.png,E:\PROJECT 33\PROJECT 33\backend\sample_datasets\image_dataset\Disgust\Disgust_236.png,Disgust,1293,9cff0adab03a4d32bffec6b47575d638acc46e3782a86812976724f6103c84d3
Disgust_237.png,E:\PROJECT 33\PROJECT 33\backend\sample_datasets\image_dataset\Disgust\Disgust_237.png,Disgust,1301,9dc2f649b4d39fde8a748a3b6284f012834fe7226e568563c189715b77485829
Disgust_238.png,E:\PROJECT 33\PROJECT 33\backend\sample_datasets\image_dataset\Disgust\Disgust_238.png,Disgust,1281,25f94bd6033e95ba2520767d46a066822db2d896ba8fc778079b96092987c138
Disgust_239.png,E:\PROJECT 33\PROJECT 33\backend\sample_datasets\image_dataset\Disgust\Disgust_239.png,Disgust,1288,0c128899f7971d477d1bfb01e86b430ee4cf8d4848752ac6aa5380f8a0a465bb
Disgust_240.png,E:\PROJECT 33\PROJECT 33\backend\sample_datasets\image_dataset\Disgust\Disgust_240.png,Disgust,1277,b930e228a0160467f9a2a68086b7b85767aee329b75fbb52d338c368331c1819
Disgust_241.png,E:\PROJECT 33\PROJECT 33\backend\sample_datasets\image_dataset\Disgust\Disgust_241.png,Disgust,1281,bdaaf6913c2d470281c8f42e04786dc3025cde8eede346b32ddf2cc52692cb78
Disgust_242.png,E:\PROJECT 33\PROJECT 33\backend\sample_datasets\image_dataset\Disgust\Disgust_242.png,Disgust,1278,c19335e57bbc5793341c0b2b2554f8d0dd2c0ba5b52b2a057a0ac9dab0b60883
Disgust_243.png,E:\PROJECT 33\PROJECT 33\backend\sample_datasets\image_dataset\Disgust\Disgust_243.png,Disgust,1270,535437a36da2f279dd194f19eaf4bf07789667a7ff3d5bb0ae8fea930cd7232b
Disgust_244.png,E:\PROJECT 33\PROJECT 33\backend\sample_datasets\image_dataset\Disgust\Disgust_244.png,Disgust,1298,0fe415109f48b1a1ea8c2274b4ec095318a620eb94420ec186a0d708f3ff5b97
Disgust_245.png,E:\PROJECT 33\PROJECT 33\backend\sample_datasets\image_dataset\Disgust\Disgust_245.png,Disgust,1299,d073bba2980d892c4a9f347d7ef6e17ff3e9acdc685e4443bac9805b73b32e82
Disgust_246.png,E:\PROJECT 33\PROJECT 33\backend\sample_datasets\image_dataset\Disgust\Disgust_246.png,Disgust,1293,9a72fde64a50c40b2dd9c49795f64d5b9f8960cf3002f8902e06ab02041c2ba9
Disgust_247.png,E:\PROJECT 33\PROJECT 33\backend\sample_datasets\image_dataset\Disgust\Disgust_247.png,Disgust,1294,69f002893a6a3297cefb94a88312e06b0ad2b12221a95642f8fe2a9636e8671a
Disgust_248.png,E:\PROJECT 33\PROJECT 33\backend\sample_datasets\image_dataset\Disgust\Disgust_248.png,Disgust,1299,84cb17f2d7eb27cedde28c658ea09533500ee8b0012a71f87f91c5fea95f655c
Disgust_249.png,E:\PROJECT 33\PROJECT 33\backend\sample_datasets\image_dataset\Disgust\Disgust_249.png,Disgust,1277,bd2a2e9931a5e3e6dbe126b70da0a32ceccf9ececb07a086f1a537bab1d81a3b
Fear_000.png,E:\PROJECT 33\PROJECT 33\backend\sample_datasets\image_dataset\Fear\Fear_000.png,Fear,1304,7dd6ad881dbc2355349d073f2a83297fadb7e2962acead7589f17ea9c8335f55
Fear_001.png,E:\PROJECT 33\PROJECT 33\backend\sample_datasets\image_dataset\Fear\Fear_001.png,Fear,1296,c39722294c627509335ff865a75c403e84bd153fdd3d533ff53ed5e8d9c8971a
Fear_002.png,E:\PROJECT 33\PROJECT 33\backend\sample_datasets\image_dataset\Fear\Fear_002.png,Fear,1319,5029cbd024b8e7abdba0d2f0d3a32db7380c97b74d07e2294e3f03f2f09badfb
Fear_003.png,E:\PROJECT 33\PROJECT 33\backend\sample_datasets\image_dataset\Fear\Fear_003.png,Fear,1302,ca6e7b3eb10017ceb5982ca62ad589a5fdfc0ef4072eca3d79f14bb421ee0307
Fear_004.png,E:\PROJECT 33\PROJECT 33\backend\sample_datasets\image_dataset\Fear\Fear_004.png,Fear,1294,59b8d90482a95d9327f95a27875f0bf863e45809db85e07a537d86c3ca79d7cd
Fear_005.png,E:\PROJECT 33\PROJECT 33\backend\sample_datasets\image_dataset\Fear\Fear_005.png,Fear,1302,94088e650665bc854bc5a3822fe7d1ea077ecce5640f435f09500caa06af4eb1
Fear_006.png,E:\PROJECT 33\PROJECT 33\backend\sample_datasets\image_dataset\Fear\Fear_006.png,Fear,1292,65b1254a8d20958045600a0e5d23c5263f886536c303e1db950e8924ea15a85c
Fear_007.png,E:\PROJECT 33\PROJECT 33\backend\sample_datasets\image_dataset\Fear\Fear_007.png,Fear,1292,da39fe8b5990eba789f63da34c15a458dc11c138d169f9fdc1b052b1a62dd372
Fear_008.png,E:\PROJECT 33\PROJECT 33\backend\sample_datasets\image_dataset\Fear\Fear_008.png,Fear,1302,6e09a0810e5543bd5bfe96eb6d5d307ac816f65d5425967773e9284c29f21d99
Fear_009.png,E:\PROJECT 33\PROJECT 33\backend\sample_datasets\image_dataset\Fear\Fear_009.png,Fear,1275,0687df760887a16bbfa53b773f69fc0deb5d57c88cec5f7716627eebadaabcbc
Fear_010.png,E:\PROJECT 33\PROJECT 33\backend\sample_datasets\image_dataset\Fear\Fear_010.png,Fear,1280,0df8497dda3246cfae13194d83baa850dc34be35a63ae371d4fa7614759fd14b
Fear_011.png,E:\PROJECT 33\PROJECT 33\backend\sample_datasets\image_dataset\Fear\Fear_011.png,Fear,1283,e50b3737cf073bf9044d6c82338ecd94123c0be05c269d1282011e701bad5f54
Fear_012.png,E:\PROJECT 33\PROJECT 33\backend\sample_datasets\image_dataset\Fear\Fear_012.png,Fear,1308,2b41470a5fb1f0bcb353667a40b4664208d21709c80898b9e24f967300043ffc
Fear_013.png,E:\PROJECT 33\PROJECT 33\backend\sample_datasets\image_dataset\Fear\Fear_013.png,Fear,1311,3df08f75c615bcbbf56e6279b0df26f73f475c41dc53d0b3bd0236723ef0ddc9
Fear_014.png,E:\PROJECT 33\PROJECT 33\backend\sample_datasets\image_dataset\Fear\Fear_014.png,Fear,1301,5c39f639e9aaeff76eee9afd3bdde037c76ee27dcbc8bf0906439640c52dfc5a
Fear_015.png,E:\PROJECT 33\PROJECT 33\backend\sample_datasets\image_dataset\Fear\Fear_015.png,Fear,1292,68c797b08f1d58b448f2a8e7fac532ddfb2a2f797ec91f56cabdc25a8fd732fc
Fear_016.png,E:\PROJECT 33\PROJECT 33\backend\sample_datasets\image_dataset\Fear\Fear_016.png,Fear,1311,d0a7afa7b2d3db02418cef47550b7fdd1425731386da041c5d19d72b09c3483a
Fear_017.png,E:\PROJECT 33\PROJECT 33\backend\sample_datasets\image_dataset\Fear\Fear_017.png,Fear,1284,3e0db0ebe3bdc7a7ac49fd144e6fd3a41cfbf976441d463094288832fe1abdf0
Fear_018.png,E:\PROJECT 33\PROJECT 33\backend\sample_datasets\image_dataset\Fear\Fear_018.png,Fear,1299,7b45af310817cbc10be95f04b1bfe1e1f37a52c537596644001fe6362fdb804f
Fear_019.png,E:\PROJECT 33\PROJECT 33\backend\sample_datasets\image_dataset\Fear\Fear_019.png,Fear,1272,cae6c102c6b53888d74dce20d80e19784ed4519d3969ba6243b1f37e3b1e5f17
Fear_020.png,E:\PROJECT 33\PROJECT 33\backend\sample_datasets\image_dataset\Fear\Fear_020.png,Fear,1294,6162a5e0e3a2e55a756e3cc5d71234849ecbeb7de8f943ec37ca990e41d57d40
Fear_021.png,E:\PROJECT 33\PROJECT 33\backend\sample_datasets\image_dataset\Fear\Fear_021.png,Fear,1299,06cc43c49a9c8d42519003f74df67b743ba117c1cd902dc1dfab66528d500cc9
Fear_022.png,E:\PROJECT 33\PROJECT 33\backend\sample_datasets\image_dataset\Fear\Fear_022.png,Fear,1304,0449ed6e27939ee15127d7999a7c5d68cb47a3c2ebdf43dbcd80934bbc337b66
Fear_023.png,E:\PROJECT 33\PROJECT 33\backend\sample_datasets\image_dataset\Fear\Fear_023.png,Fear,1307,a140ad3fce77b421b240134cc603c50e9654a9bffc7f150136e77683ff0b65c9
Fear_024.png,E:\PROJECT 33\PROJECT 33\backend\sample_datasets\image_dataset\Fear\Fear_024.png,Fear,1296,6339f6b30919bb2412744f99cccd92af0fa8afac229d1ac4be833395c0a4a7a8
Fear_025.png,E:\PROJECT 33\PROJECT 33\backend\sample_datasets\image_dataset\Fear\Fear_025.png,Fear,1288,11765b9f72d8718994a07886a8b7fd96d7e5eabf19b0048b5389f156673fff72
Fear_026.png,E:\PROJECT 33\PROJECT 33\backend\sample_datasets\image_dataset\Fear\Fear_026.png,Fear,1275,620d30d610a0417266ffe7e23e5752c5bbb1b11e8aca69469a71a20079b992d8
Fear_027.png,E:\PROJECT 33\PROJECT 33\backend\sample_datasets\image_dataset\Fear\Fear_027.png,Fear,1283,ce8028e5c7ed7eee1562ff1a65756e9a47f9d47ab08968e0b9cbe9115c0fcfd4
Fear_028.png,E:\PROJECT 33\PROJECT 33\backend\sample_datasets\image_dataset\Fear\Fear_028.png,Fear,1285,15b5df66c09ee0715d27986cb9bd58e355d68d443825fca0b93a8ae2d7877aec
Fear_029.png,E:\PROJECT 33\PROJECT 33\backend\sample_datasets\image_dataset\Fear\Fear_029.png,Fear,1315,354f470901cf51c12bef1814e76597559d5b395adee59e6bb7b681dd4932982a
Fear_030.png,E:\PROJECT 33\PROJECT 33\backend\sample_datasets\image_dataset\Fear\Fear_030.png,Fear,1302,f742c9fe3fe9bc3a625c9a26dcb1d632847069400a1b29a5dcb86a07adc2ef09
Fear_031.png,E:\PROJECT 33\PROJECT 33\backend\sample_datasets\image_dataset\Fear\Fear_031.png,Fear,1295,0d308810b0799945a454fe941a4616fc1a9136696651e5e804792adef4017178
Fear_032.png,E:\PROJECT 33\PROJECT 33\backend\sample_datasets\image_dataset\Fear\Fear_032.png,Fear,1309,1ef72bc603d66938c126dc7beceac21efdd4e300489a62d366a71391b994c0cf
Fear_033.png,E:\PROJECT 33\PROJECT 33\backend\sample_datasets\image_dataset\Fear\Fear_033.png,Fear,1294,9c6406955a6b77d84f18cd7a1c8ac3493b47df93c664183da1cf1e25fcee6467
Fear_034.png,E:\PROJECT 33\PROJECT 33\backend\sample_datasets\image_dataset\Fear\Fear_034.png,Fear,1284,496e8100e35f3d026fab8909b4fd62a48e0da31777ebb8fbbc77ce02a614fac2
Fear_035.png,E:\PROJECT 33\PROJECT 33\backend\sample_datasets\image_dataset\Fear\Fear_035.png,Fear,1295,95e7cb2161c2b1b9885551b7d9670a67db1e366d4a1e0bbbd443f1d8e0a3f319
Fear_036.png,E:\PROJECT 33\PROJECT 33\backend\sample_datasets\image_dataset\Fear\Fear_036.png,Fear,1307,6616adb280ec1d2d5576d8bb884137b1f66221b1daf48c7e74e8db182cc1e0ba
Fear_037.png,E:\PROJECT 33\PROJECT 33\backend\sample_datasets\image_dataset\Fear\Fear_037.png,Fear,1298,b2820a73391de94d49c7c5e3dc1aae2037f1616f2ecd5c145e48eecd5fd3c321
Fear_038.png,E:\PROJECT 33\PROJECT 33\backend\sample_datasets\image_dataset\Fear\Fear_038.png,Fear,1279,3e98a0d84b222e8a7a2abc68080f56e7848b4e933cde1314ff4a078c8f747aef
Fear_039.png,E:\PROJECT 33\PROJECT 33\backend\sample_datasets\image_dataset\Fear\Fear_039.png,Fear,1304,42a5eba3b30ffed4741d0905100f506b36e5f68b628794b60a609f0f34db827f
Fear_040.png,E:\PROJECT 33\PROJECT 33\backend\sample_datasets\image_dataset\Fear\Fear_040.png,Fear,1286,17c356a6262e852e3778994d826ca52c7315ceac5e96acc3d6d6c01e815b0af3
Fear_041.png,E:\PROJECT 33\PROJECT 33\backend\sample_datasets\image_dataset\Fear\Fear_041.png,Fear,1295,c167e6ce491ec786b4d3b84b28efa23e84ded60c627ebf217ecd796ffc6c1680
Fear_042.png,E:\PROJECT 33\PROJECT 33\backend\sample_datasets\image_dataset\Fear\Fear_042.png,Fear,1292,e2f07d65745c3544729223ede5de0c53d9e325c4fe50519d7661de5916dc90c5
Fear_043.png,E:\PROJECT 33\PROJECT 33\backend\sample_datasets\image_dataset\Fear\Fear_043.png,Fear,1310,93dc49698d12422a5bf25329cb5eda8300307dcb7ce247e5f4fc50822a740c91
Fear_044.png,E:\PROJECT 33\PROJECT 33\backend\sample_datasets\image_dataset\Fear\Fear_044.png,Fear,1294,76008abc91b9c0e11e59c7cec81dc0dfd63df85d4e902b40872b2c28867fce3d
Fear_045.png,E:\PROJECT 33\PROJECT 33\backend\sample_datasets\image_dataset\Fear\Fear_045.png,Fear,1296,5786eff7ab0adf8b3cae95c6a6d557004072cd0967681a346918354c33297a3f
Fear_046.png,E:\PROJECT 33\PROJECT 33\backend\sample_datasets\image_dataset\Fear\Fear_046.png,Fear,1288,b2e476461d7fa47172610d9c0babeffc2f7a6c50d3dc159b3f86047d19400fb7
Fear_047.png,E:\PROJECT 33\PROJECT 33\backend\sample_datasets\image_dataset\Fear\Fear_047.png,Fear,1299,6e3acb206cf23cd84d61732d6a26483c00b6c5baac461f3d625c80516916fa9b
Fear_048.png,E:\PROJECT 33\PROJECT 33\backend\sample_datasets\image_dataset\Fear\Fear_048.png,Fear,1312,e3f8c3cee3523e25ec8477f06541c11d5cd219d33602405228fd5e436d1a8e50
Fear_049.png,E:\PROJECT 33\PROJECT 33\backend\sample_datasets\image_dataset\Fear\Fear_049.png,Fear,1284,d398c8e9c77e29535802a9258eaf5095da4874825299ba75320b1d5b15dc7545
Fear_050.png,E:\PROJECT 33\PROJECT 33\backend\sample_datasets\image_dataset\Fear\Fear_050.png,Fear,1276,e52acd6706d7102efdabdd5a1c4ab6c0c09944d5a5ec33769209dd5eece69d21
Fear_051.png,E:\PROJECT 33\PROJECT 33\backend\sample_datasets\image_dataset\Fear\Fear_051.png,Fear,1294,5518bdd1d8317931e237fe0d23be8fd55e1aa6d08f815989c6c337eb76c43b1a
Fear_052.png,E:\PROJECT 33\PROJECT 33\backend\sample_datasets\image_dataset\Fear\Fear_052.png,Fear,1285,6615d7a88f5bdde97287bfc871ac0c80bcd0b33e02264f1f38b5dcf2e64c2cbb
Fear_053.png,E:\PROJECT 33\PROJECT 33\backend\sample_datasets\image_dataset\Fear\Fear_053.png,Fear,1297,35e4a2769f5af3e65515b18a3908e996be098e78d457c248cfb2bcf5b221cf61
Fear_054.png,E:\PROJECT 33\PROJECT 33\backend\sample_datasets\image_dataset\Fear\Fear_054.png,Fear,1302,03420ec41f24532fc157434e7c3436ab2a2bc6c00b3704726abb03a283730d71
Fear_055.png,E:\PROJECT 33\PROJECT 33\backend\sample_datasets\image_dataset\Fear\Fear_055.png,Fear,1281,abce40b569a4e1b25f72ab0bbee11e0b3fbcbf3a4d4ab86a9093c7387003c694
Fear_056.png,E:\PROJECT 33\PROJECT 33\backend\sample_datasets\image_dataset\Fear\Fear_056.png,Fear,1302,07f318a7442b2af7809259e513d957c7887ac0bd6bd3d934c700a1b6457923a2
Fear_057.png,E:\PROJECT 33\PROJECT 33\backend\sample_datasets\image_dataset\Fear\Fear_057.png,Fear,1294,32da99a4ad83cd209c8e78efd7d02e3f7b6261b49c989c5845f728d28003bea2
Fear_058.png,E:\PROJECT 33\PROJECT 33\backend\sample_datasets\image_dataset\Fear\Fear_058.png,Fear,1310,0a585fd82cb683bb8b96e3f7df719679bb2db365631bc241fdc86f8572828d1b
Fear_059.png,E:\PROJECT 33\PROJECT 33\backend\sample_datasets\image_dataset\Fear\Fear_059.png,Fear,1300,15918fe0d633f748cfeb2233c1a089ea731e7e529ec398efe9d777fcdc8d54c1
Fear_060.png,E:\PROJECT 33\PROJECT 33\backend\sample_datasets\image_dataset\Fear\Fear_060.png,Fear,1301,93cd8923a2daa57184c868fb1f923e4e37b20e05ece6beb88ed619adc6626ea8
Fear_061.png,E:\PROJECT 33\PROJECT 33\backend\sample_datasets\image_dataset\Fear\Fear_061.png,Fear,1288,4920c91d300efa76235fd78225ea80011aa8d84f28dd1fae69e5955fd8282d5e
Fear_062.png,E:\PROJECT 33\PROJECT 33\backend\sample_datasets\image_dataset\Fear\Fear_062.png,Fear,1289,89f7affe545d09687ba77753a0602a7b2dafb6d22d7033d98427c2819d8a68c7
Fear_063.png,E:\PROJECT 33\PROJECT 33\backend\sample_datasets\image_dataset\Fear\Fear_063.png,Fear,1300,d8504862763adce480137b6eb117dc1059b7973417f8432dc640deb7b4c15054
Fear_064.png,E:\PROJECT 33\PROJECT 33\backend\sample_datasets\image_dataset\Fear\Fear_064.png,Fear,1298,cb60fb4c9340a69b2323219bcd2c5b7371bcdb8c440c221908b9594bbf3712e5
Fear_065.png,E:\PROJECT 33\PROJECT 33\backend\sample_datasets\image_dataset\Fear\Fear_065.png,Fear,1312,63d3817b4ac0064d03c66390014ffe0d1c909a492ecce559dd0a0521974c31f5
Fear_066.png,E:\PROJECT 33\PROJECT 33\backend\sample_datasets\image_dataset\Fear\Fear_066.png,Fear,1289,a74b62908e5644f7179b93eddd8949f6fbd9c2ab70145277236d77ed99a3da24
Fear_067.png,E:\PROJECT 33\PROJECT 33\backend\sample_datasets\image_dataset\Fear\Fear_067.png,Fear,1279,0fae93c6f9c676651c197fd52bffa3b7c2bae36decffb3fbd5b981adad3b03cc
Fear_068.png,E:\PROJECT 33\PROJECT 33\backend\sample_datasets\image_dataset\Fear\Fear_068.png,Fear,1293,d2d652aed1ae6c1eae64634dde329b297a6911e4c2b9c417febccfb480b7a6fb
Fear_069.png,E:\PROJECT 33\PROJECT 33\backend\sample_datasets\image_dataset\Fear\Fear_069.png,Fear,1310,b6683f5a3c51868853abda9d2bd2dec31bfbc4587da6af68f0eeac0c191d4282
Fear_070.png,E:\PROJECT 33\PROJECT 33\backend\sample_datasets\image_dataset\Fear\Fear_070.png,Fear,1290,f8bd9e0eb0ae510699037463f48daf6ae49bbd0d2fc3eccb52b40b8e40289aab
Fear_071.png,E:\PROJECT 33\PROJECT 33\backend\sample_datasets\image_dataset\Fear\Fear_071.png,Fear,1295,a607873ea549669eb714dc861d937f1df94d5696b4e3f37d35d8117ef9a1d766
Fear_072.png,E:\PROJECT 33\PROJECT 33\backend\sample_datasets\image_dataset\Fear\Fear_072.png,Fear,1290,094fc6bbfda1741423c2592c45422d77869588148750f8d206dbd3ab1b53346f
Fear_073.png,E:\PROJECT 33\PROJECT 33\backend\sample_datasets\image_dataset\Fear\Fear_073.png,Fear,1296,ac31b5e3fbf164eea75a1b1b65ac04ffab3cd8a9224874f94b47a49e38ee5857
Fear_074.png,E:\PROJECT 33\PROJECT 33\backend\sample_datasets\image_dataset\Fear\Fear_074.png,Fear,1305,f942d03329c8ca2d270ff099590b10ced1c6846a66518e612d1ade655e6b848f
Fear_075.png,E:\PROJECT 33\PROJECT 33\backend\sample_datasets\image_dataset\Fear\Fear_075.png,Fear,1284,9bb8a0834488c17d6a5ad4d1c32c06495bfc9e89d385d51fc446c86a6507b541
Fear_076.png,E:\PROJECT 33\PROJECT 33\backend\sample_datasets\image_dataset\Fear\Fear_076.png,Fear,1291,266b3a04e4267806c7e8fae481809cd370fe779ef9ce7139321a7fb7e32074f6
Fear_077.png,E:\PROJECT 33\PROJECT 33\backend\sample_datasets\image_dataset\Fear\Fear_077.png,Fear,1280,ec1098da327ade738da5ca159c50abcccaef5ba04e94f708c75fd1d7ffb45e09
Fear_078.png,E:\PROJECT 33\PROJECT 33\backend\sample_datasets\image_dataset\Fear\Fear_078.png,Fear,1306,9c3daac3a52316aea3dfbc370c2b4a7671d25b83433feb2ef0e958e4548d1941
Fear_079.png,E:\PROJECT 33\PROJECT 33\backend\sample_datasets\image_dataset\Fear\Fear_079.png,Fear,1292,45086d8335d6dfde739ed68d6b30030da0602d09411d5042951ac076dc02c598
Fear_080.png,E:\PROJECT 33\PROJECT 33\backend\sample_datasets\image_dataset\Fear\Fear_080.png,Fear,1298,4d06d8b2770379f4965a36b3ff156f1102928af50c0859ac7a5ab239038573d1
Fear_081.png,E:\PROJECT 33\PROJECT 33\backend\sample_datasets\image_dataset\Fear\Fear_081.png,Fear,1290,f9565ce754adff4581f2844ecac62c480864732e098ac78d724aea5c204ccde7
Fear_082.png,E:\PROJECT 33\PROJECT 33\backend\sample_datasets\image_dataset\Fear\Fear_082.png,Fear,1289,929f85b271691ec54591f996dcbb8d18e9a6de1071e920ac225e21050b184d53
Fear_083.png,E:\PROJECT 33\PROJECT 33\backend\sample_datasets\image_dataset\Fear\Fear_083.png,Fear,1307,6bd66e279611615cac57787a39a1c61dcd2b05ab8abdd721c31c072d403a5962
Fear_084.png,E:\PROJECT 33\PROJECT 33\backend\sample_datasets\image_dataset\Fear\Fear_084.png,Fear,1300,19dadef3d9969a1b33d5a165808805b321c35f2108ac173161ddc2fb2326ddd6
Fear_085.png,E:\PROJECT 33\PROJECT 33\backend\sample_datasets\image_dataset\Fear\Fear_085.png,Fear,1297,4af3f4026bec1dcccad18725deca9c92e9da8d733538688815f7aa4b7cb741e8
Fear_086.png,E:\PROJECT 33\PROJECT 33\backend\sample_datasets\image_dataset\Fear\Fear_086.png,Fear,1312,5af6744a94286c44d9d1dc9217d5d710a4095df31373f027fec758da634cfbb4
Fear_087.png,E:\PROJECT 33\PROJECT 33\backend\sample_datasets\image_dataset\Fear\Fear_087.png,Fear,1303,a9568c18630a59069e4efa046f4f4859899a671bee13c90b8f277453a6a2beb7
Fear_088.png,E:\PROJECT 33\PROJECT 33\backend\sample_datasets\image_dataset\Fear\Fear_088.png,Fear,1299,bc8071a32850daeb126478177c3a636fcc9b3d77305c7925a63ecf10a0790bdb
Fear_089.png,E:\PROJECT 33\PROJECT 33\backend\sample_datasets\image_dataset\Fear\Fear_089.png,Fear,1283,8ff006269a535b60c0598994768b6faef9842cabe72d5e669060916cf5797bdb
Fear_090.png,E:\PROJECT 33\PROJECT 33\backend\sample_datasets\image_dataset\Fear\Fear_090.png,Fear,1292,9e5055e54c9b2b9703601a46e19d8238d724355e44d916ea4476365910765467
Fear_091.png,E:\PROJECT 33\PROJECT 33\backend\sample_datasets\image_dataset\Fear\Fear_091.png,Fear,1293,044d841e2874e1aec5e707284f889b0d3f1875ed82221e64ef8daf7484243ecd
Fear_092.png,E:\PROJECT 33\PROJECT 33\backend\sample_datasets\image_dataset\Fear\Fear_092.png,Fear,1296,0a2ffb242423068370655071418d944a2e032a24114854af41bb527893e6683e
Fear_093.png,E:\PROJECT 33\PROJECT 33\backend\sample_datasets\image_dataset\Fear\Fear_093.png,Fear,1287,153aa4a4d0f9fde5fd6953a42f01905665564310611883b3c56d9c44598a8e14
Fear_094.png,E:\PROJECT 33\PROJECT 33\backend\sample_datasets\image_dataset\Fear\Fear_094.png,Fear,1291,1c0c9508efe61b02f0a007af81025d63c2b820eb3a6c1ab287016d604301bba5
Fear_095.png,E:\PROJECT 33\PROJECT 33\backend\sample_datasets\image_dataset\Fear\Fear_095.png,Fear,1282,26c5d9617fa10b1419af221306722e2c082129d49f3c0b2d2fddd51844f6c59c
Fear_096.png,E:\PROJECT 33\PROJECT 33\backend\sample_datasets\image_dataset\Fear\Fear_096.png,Fear,1296,7b8ae165eba8cfa85ca8bcb6f5d9a4ab6765062d3b746544ae0524dfc4dc18e0
Fear_097.png,E:\PROJECT 33\PROJECT 33\backend\sample_datasets\image_dataset\Fear\Fear_097.png,Fear,1281,2bcc0e969204449046c23b2dc3913cd5bea82b2847e564f3436fce0060f1e9a9
Fear_098.png,E:\PROJECT 33\PROJECT 33\backend\sample_datasets\image_dataset\Fear\Fear_098.png,Fear,1288,798d6db8528959b9129eda593f02295593eb70007c65018090c7ee77c9411b1c
Fear_099.png,E:\PROJECT 33\PROJECT 33\backend\sample_datasets\image_dataset\Fear\Fear_099.png,Fear,1308,900bb12fb7811edd66c11d369818cc4b15fb4686c731278356ce91194b2e06a8
Fear_100.png,E:\PROJECT 33\PROJECT 33\backend\sample_datasets\image_dataset\Fear\Fear_100.png,Fear,1297,41b44d78d6e5f46d14929a1d3532494052cfc3eeb8ebd2b294d3f78a9ec2346c
Fear_101.png,E:\PROJECT 33\PROJECT 33\backend\sample_datasets\image_dataset\Fear\Fear_101.png,Fear,1293,f643dde02dbeeca64e0adcd1303dccda891094922b766658d7c1fc416ee4088e
Fear_102.png,E:\PROJECT 33\PROJECT 33\backend\sample_datasets\image_dataset\Fear\Fear_102.png,Fear,1299,de6ffa79e3015228b5a5efe617d7f85324201ea2849a21ad98d8df790e03602f
Fear_103.png,E:\PROJECT 33\PROJECT 33\backend\sample_datasets\image_dataset\Fear\Fear_103.png,Fear,1289,3e02b4cc5b8320315fb61379ba224deef293e26d848bdd6efb40ff1fa9005e8a
Fear_104.png,E:\PROJECT 33\PROJECT 33\backend\sample_datasets\image_dataset\Fear\Fear_104.png,Fear,1292,c8062107a5dfa83fcf5cee7774e9c3ec25ae4fb69aaccdad05832e1adba86acb
Fear_105.png,E:\PROJECT 33\PROJECT 33\backend\sample_datasets\image_dataset\Fear\Fear_105.png,Fear,1289,cf31faff950f00543327d351559eb21321f559c34927bab751611d282b0d5da8
Fear_106.png,E:\PROJECT 33\PROJECT 33\backend\sample_datasets\image_dataset\Fear\Fear_106.png,Fear,1280,11d7c0497665e773e4035e38f61c17e1dbea9d471a109b519593d3d2879a378c
Fear_107.png,E:\PROJECT 33\PROJECT 33\backend\sample_datasets\image_dataset\Fear\Fear_107.png,Fear,1288,ba77b3d203e5644ef2fc2e0a15412be7630e3aa98304137c7906013efad442e7
Fear_108.png,E:\PROJECT 33\PROJECT 33\backend\sample_datasets\image_dataset\Fear\Fear_108.png,Fear,1301,19ee9aa42b201e6353682686266a4bb42b2a593274cb901edf1a20c95f237e8e
Fear_109.png,E:\PROJECT 33\PROJECT 33\backend\sample_datasets\image_dataset\Fear\Fear_109.png,Fear,1287,ef717142d6c4525ade09ec26ff97aa2b2a6818bc518f1f97c2bc42d7e37b409a
Fear_110.png,E:\PROJECT 33\PROJECT 33\backend\sample_datasets\image_dataset\Fear\Fear_110.png,Fear,1310,83bf07d1eaa60d5129f9a22339a035178113cb2ddee83e43e3eb5543f71f7f03
Fear_111.png,E:\PROJECT 33\PROJECT 33\backend\sample_datasets\image_dataset\Fear\Fear_111.png,Fear,1297,5255b5053f2278255f4a6667dea64bb573e3f53ab6a1579b90ea75815f25c8f9
Fear_112.png,E:\PROJECT 33\PROJECT 33\backend\sample_datasets\image_dataset\Fear\Fear_112.png,Fear,1282,8b776385b2a85d7c70e34db892f1c8dd241e92484403a04fc99fa5a0ea89745b
Fear_113.png,E:\PROJECT 33\PROJECT 33\backend\sample_datasets\image_dataset\Fear\Fear_113.png,Fear,1303,b560b5b2ac73e1d481744eba628e6cf77bf2e72a13b00f77f8d30c2227e8258b
Fear_114.png,E:\PROJECT 33\PROJECT 33\backend\sample_datasets\image_dataset\Fear\Fear_114.png,Fear,1299,0acedc399963d4de0afea2e9d05b7484d956ef57bcf667c9ebbae1bc4c04fbfd
Fear_115.png,E:\PROJECT 33\PROJECT 33\backend\sample_datasets\image_dataset\Fear\Fear_115.png,Fear,1289,d071934d200573ad6be3a5c5f3d8dc4f4de0e6747136150b853884459ac0bf81
Fear_116.png,E:\PROJECT 33\PROJECT 33\backend\sample_datasets\image_dataset\Fear\Fear_116.png,Fear,1297,dcc3bde7569a5111988f86cc493761a4ebaa28c6034e97e5bb39e1a56eb398d5
Fear_117.png,E:\PROJECT 33\PROJECT 33\backend\sample_datasets\image_dataset\Fear\Fear_117.png,Fear,1292,ded04efcb5d174204f4d708f6f275e038e5c3f91b7637d4d0eed8ffe0012c6f5
Fear_118.png,E:\PROJECT 33\PROJECT 33\backend\sample_datasets\image_dataset\Fear\Fear_118.png,Fear,1284,b5503af919f62b8944b1a654a07b4d57119ebfe898682f76e811b70d09747071
Fear_119.png,E:\PROJECT 33\PROJECT 33\backend\sample_datasets\image_dataset\Fear\Fear_119.png,Fear,1292,65876983b1269aa49e679c37b77fb0318f4f8cac4764d4ce6fecec1067447446
Fear_120.png,E:\PROJECT 33\PROJECT 33\backend\sample_datasets\image_dataset\Fear\Fear_120.png,Fear,1292,ec6762793cdecd00b44197ad0f223300b5f91ba7561067ee84f1e3157f74f830
Fear_121.png,E:\PROJECT 33\PROJECT 33\backend\sample_datasets\image_dataset\Fear\Fear_121.png,Fear,1273,1a3e98bc6f3e9de3d0ea738874a948b7dbfd31f2dbd6b82b2125288d3c4a29ab
Fear_122.png,E:\PROJECT 33\PROJECT 33\backend\sample_datasets\image_dataset\Fear\Fear_122.png,Fear,1287,03a19d9c2b9c9219ee9bfa2cc9adcf87790c65339dca376ca9cf36ad1aae63bf
Fear_123.png,E:\PROJECT 33\PROJECT 33\backend\sample_datasets\image_dataset\Fear\Fear_123.png,Fear,1294,98ad27ed8f928d47ba5aaacbf5cd1aabc1b82c7cdc7a2bb2c8d171b10716564c
Fear_124.png,E:\PROJECT 33\PROJECT 33\backend\sample_datasets\image_dataset\Fear\Fear_124.png,Fear,1296,5064be81c62bf9965064c375d1179de779b3027c7204c6ddeff94cbfdd613848
Fear_125.png,E:\PROJECT 33\PROJECT 33\backend\sample_datasets\image_dataset\Fear\Fear_125.png,Fear,1281,3f75cc78cd54c78c875e6d09aef6032907eb22de3668fd33ea1945cc9d26af7b
Fear_126.png,E:\PROJECT 33\PROJECT 33\backend\sample_datasets\image_dataset\Fear\Fear_126.png,Fear,1295,36ddb6f3e21baacd40b3ca4bf5cc82a863ab89211a672212e33a60bbbe4e9578
Fear_127.png,E:\PROJECT 33\PROJECT 33\backend\sample_datasets\image_dataset\Fear\Fear_127.png,Fear,1294,f15b5afbce373b735039d104b0bfa4b9ca7ab2aff550e357510b4272ec2d9fd0
Fear_128.png,E:\PROJECT 33\PROJECT 33\backend\sample_datasets\image_dataset\Fear\Fear_128.png,Fear,1307,ad97b4772fee2d75907ae0e8ff333b72b3e73b4f7379f8c3671149c15035a7dd
Fear_129.png,E:\PROJECT 33\PROJECT 33\backend\sample_datasets\image_dataset\Fear\Fear_129.png,Fear,1306,6a33d06beaaf7f0cf533993afff1b5d1c1a8e760ebb19b58efe9f39d35c56946
Fear_130.png,E:\PROJECT 33\PROJECT 33\backend\sample_datasets\image_dataset\Fear\Fear_130.png,Fear,1307,f0e34c74701d7ec7c19f1b8c1168e94fa4e14b98ae9f4acfdb98480fa3876abb
Fear_131.png,E:\PROJECT 33\PROJECT 33\backend\sample_datasets\image_dataset\Fear\Fear_131.png,Fear,1305,a72f72fc74340ba0fd53954e5b672c4bc037420c40550b9447a1729452a1709d
Fear_132.png,E:\PROJECT 33\PROJECT 33\backend\sample_datasets\image_dataset\Fear\Fear_132.png,Fear,1303,c40bf24b41d140ab2753dcbd918bbd596d7687b4d7636a735b97550343b38e48
Fear_133.png,E:\PROJECT 33\PROJECT 33\backend\sample_datasets\image_dataset\Fear\Fear_133.png,Fear,1288,08811aefbb957a82779533b60bb120a1e82377534b44d36876bd909276e03ece
Fear_134.png,E:\PROJECT 33\PROJECT 33\backend\sample_datasets\image_dataset\Fear\Fear_134.png,Fear,1298,9cbf9c5c023c3929112368b8c7a728889666e25c37b51bf6f7e44111b2e46633
Fear_135.png,E:\PROJECT 33\PROJECT 33\backend\sample_datasets\image_dataset\Fear\Fear_135.png,Fear,1303,366fd6931ba2e995e39bb826e91ac496a4cd9a11f51d7e9a5e6b4105bc92fe9a
Fear_136.png,E:\PROJECT 33\PROJECT 33\backend\sample_datasets\image_dataset\Fear\Fear_136.png,Fear,1301,aac003ac48746415402f5226157feb01a2b4bb01c8f0ac5bd2d649c4178d5c43
Fear_137.png,E:\PROJECT 33\PROJECT 33\backend\sample_datasets\image_dataset\Fear\Fear_137.png,Fear,1297,f072526cbbb4cbca4a36a40f137c265403963384fc425062c2a32125a152e4c4
Fear_138.png,E:\PROJECT 33\PROJECT 33\backend\sample_datasets\image_dataset\Fear\Fear_138.png,Fear,1295,25945ab6a438d08fb1fb031f555040e638af9096b659fe591e177ccc6f24b097
Fear_139.png,E:\PROJECT 33\PROJECT 33\backend\sample_datasets\image_dataset\Fear\Fear_139.png,Fear,1306,94c89c3aba0c9342f0a530c67db43259d2b8bdba8d9253741a6a70ddab652a87
Fear_140.png,E:\PROJECT 33\PROJECT 33\backend\sample_datasets\image_dataset\Fear\Fear_140.png,Fear,1312,52dd59f9d4b4f6cbcfc72b8c9744b4bf9836f46fb96ada7b2f47f9d5d82cd308
Fear_141.png,E:\PROJECT 33\PROJECT 33\backend\sample_datasets\image_dataset\Fear\Fear_141.png,Fear,1285,86db178da5bf39e013545e37c313d20ae8b8e1dff279731f3cd9c5222d174349
Fear_142.png,E:\PROJECT 33\PROJECT 33\backend\sample_datasets\image_dataset\Fear\Fear_142.png,Fear,1295,39b27d149a28cca8122df96f34c7ef0e28a885d04cc9044538b402fa430f5ba4
Fear_143.png,E:\PROJECT 33\PROJECT 33\backend\sample_datasets\image_dataset\Fear\Fear_143.png,Fear,1295,084c45d68ae8a2122f523f51259536ca8cd2fa019e3fed39e03078a8f94b8b2d
Fear_144.png,E:\PROJECT 33\PROJECT 33\backend\sample_datasets\image_dataset\Fear\Fear_144.png,Fear,1287,81e2a912954e598577534f9285c3144d5be7ff6dd81962602530a40be02d79de
Fear_145.png,E:\PROJECT 33\PROJECT 33\backend\sample_datasets\image_dataset\Fear\Fear_145.png,Fear,1304,279434808bb17e7b75a2840072006665e2b8c76f4ba6970cfad8751c206e1756
Fear_146.png,E:\PROJECT 33\PROJECT 33\backend\sample_datasets\image_dataset\Fear\Fear_146.png,Fear,1296,f6517457add494150fb26862763d1b9a7c45f82d291f6cc97bd05e06ac9b6a5e
Fear_147.png,E:\PROJECT 33\PROJECT 33\backend\sample_datasets\image_dataset\Fear\Fear_147.png,Fear,1294,e482ef78953661a998f0939acc9eb8566f3d04cecde246bb9d9d9c5d1ad3fe77
Fear_148.png,E:\PROJECT 33\PROJECT 33\backend\sample_datasets\image_dataset\Fear\Fear_148.png,Fear,1281,3c4f8028985592e71786bf6648116db30a56957a9883754dafdac73a4f0cd99b
Fear_149.png,E:\PROJECT 33\PROJECT 33\backend\sample_datasets\image_dataset\Fear\Fear_149.png,Fear,1301,3ecca945be010830ab662cc7b0017061909dcbe6a0a95587ec495135b92da50d
Fear_150.png,E:\PROJECT 33\PROJECT 33\backend\sample_datasets\image_dataset\Fear\Fear_150.png,Fear,1286,127da77c44e1e996bcb75198497b90166d9198b6175804bea196e0f5185c64fd
Fear_151.png,E:\PROJECT 33\PROJECT 33\backend\sample_datasets\image_dataset\Fear\Fear_151.png,Fear,1306,09d85012b204353e6abb4e799d35d6ae666b624ca824dddaeb11748642711606
Fear_152.png,E:\PROJECT 33\PROJECT 33\backend\sample_datasets\image_dataset\Fear\Fear_152.png,Fear,1311,692de90f5d644807aa3da647ecea8b35c4e32cec8806ee7a4cd990299ee315d1
Fear_153.png,E:\PROJECT 33\PROJECT 33\backend\sample_datasets\image_dataset\Fear\Fear_153.png,Fear,1279,5c7d56cc8b0fec3ad753d14f20e0ea2fe6a05f5e9a1d86a5bef4563f69109594
Fear_154.png,E:\PROJECT 33\PROJECT 33\backend\sample_datasets\image_dataset\Fear\Fear_154.png,Fear,1300,b228325e0a915176e950548388f46349af6420b4254539454ad703923aa75e57
Fear_155.png,E:\PROJECT 33\PROJECT 33\backend\sample_datasets\image_dataset\Fear\Fear_155.png,Fear,1293,9fb8c27dc59b853f3ee5188c86958aaf4e8c3999c49971e50ea11535a3fc612d
Fear_156.png,E:\PROJECT 33\PROJECT 33\backend\sample_datasets\image_dataset\Fear\Fear_156.png,Fear,1299,29c863d30f94fa54d2ad801aa5419d5d7616ca221f61e6ad57d02c7d29513f0a
Fear_157.png,E:\PROJECT 33\PROJECT 33\backend\sample_datasets\image_dataset\Fear\Fear_157.png,Fear,1278,03b28015d09cbb8dae95cb301331e502a30f813dbb5768dc685a4f1a35897d42
Fear_158.png,E:\PROJECT 33\PROJECT 33\backend\sample_datasets\image_dataset\Fear\Fear_158.png,Fear,1271,0b695675efda12de4446f1e907ab01e4b503129dadebda3c7fbb865a777ff5b4
Fear_159.png,E:\PROJECT 33\PROJECT 33\backend\sample_datasets\image_dataset\Fear\Fear_159.png,Fear,1292,0f05ae104f0a90352b03c2c13ae48ca40a580db76c3099858a7016170e7823c1
Fear_160.png,E:\PROJECT 33\PROJECT 33\backend\sample_datasets\image_dataset\Fear\Fear_160.png,Fear,1285,9b8881fb4b9a601f89ce6f26560797d856e7c6aadb8f527790f42c999b15ecd3
Fear_161.png,E:\PROJECT 33\PROJECT 33\backend\sample_datasets\image_dataset\Fear\Fear_161.png,Fear,1278,7ef7570c8c8d8de7daa707e0d071c932a579e096e825a483bf93499298bbb35a
Fear_162.png,E:\PROJECT 33\PROJECT 33\backend\sample_datasets\image_dataset\Fear\Fear_162.png,Fear,1276,72087232c92ad3f667c14836ae7902578171ffeebae84ffbe8bc421ef65df881
Fear_163.png,E:\PROJECT 33\PROJECT 33\backend\sample_datasets\image_dataset\Fear\Fear_163.png,Fear,1287,dfd13f1893de9da4cd6bbd13b8a977835745ce0a45e27e048d0ca16af6201ae4
Fear_164.png,E:\PROJECT 33\PROJECT 33\backend\sample_datasets\image_dataset\Fear\Fear_164.png,Fear,1285,4b7871c50920c7aa65f2a240e8ba29472c831c3edf37fc1e6cf0b474b63b3cae
Fear_165.png,E:\PROJECT 33\PROJECT 33\backend\sample_datasets\image_dataset\Fear\Fear_165.png,Fear,1290,49243300e372497cda03d44cb8080374110b0c2a284a4993a7a594c78e52231a
Fear_166.png,E:\PROJECT 33\PROJECT 33\backend\sample_datasets\image_dataset\Fear\Fear_166.png,Fear,1302,490fbcbc1dc0a27a95f3163dd72515c7a1ffb269af274139560012c43a14ca8c
Fear_167.png,E:\PROJECT 33\PROJECT 33\backend\sample_datasets\image_dataset\Fear\Fear_167.png,Fear,1291,779eed4b022a7ef228140fa30a093e72af524867180a29e0fd24c501bb5afe80
Fear_168.png,E:\PROJECT 33\PROJECT 33\backend\sample_datasets\image_dataset\Fear\Fear_168.png,Fear,1290,116f1daa3fbba61af4018053423f9485367d3f8a7d7796c84cc0aade92bad16b
Fear_169.png,E:\PROJECT 33\PROJECT 33\backend\sample_datasets\image_dataset\Fear\Fear_169.png,Fear,1290,597018ae7490104ebeff693ec9a0718e978a547af7a5bc2719fb0d50fc4e51a2
Fear_170.png,E:\PROJECT 33\PROJECT 33\backend\sample_datasets\image_dataset\Fear\Fear_170.png,Fear,1297,2f5c07cceb3c130364c695bd7b7848e72d1e4e3089659b9ea6029d3e6f5f27fc
Fear_171.png,E:\PROJECT 33\PROJECT 33\backend\sample_datasets\image_dataset\Fear\Fear_171.png,Fear,1280,674abf0097e8035e101e1cd70856888bdcbf814ae7a97a8c1f8615f7db85f4ad
Fear_172.png,E:\PROJECT 33\PROJECT 33\backend\sample_datasets\image_dataset\Fear\Fear_172.png,Fear,1303,35f52b46a80d699df431086eecc2fcf87c979ff0d9d1cccb94fe1daa456bdfa1
Fear_173.png,E:\PROJECT 33\PROJECT 33\backend\sample_datasets\image_dataset\Fear\Fear_173.png,Fear,1289,b13ca1212ced0f18c221ad1fcc20aac7ebb83d0fa7483a52ecafb42b10cbe36b
Fear_174.png,E:\PROJECT 33\PROJECT 33\backend\sample_datasets\image_dataset\Fear\Fear_174.png,Fear,1302,455546b9ffb4dda52d046b9c497918e76370d0ef0becb44d3bf29678ff62f2c1
Fear_175.png,E:\PROJECT 33\PROJECT 33\backend\sample_datasets\image_dataset\Fear\Fear_175.png,Fear,1293,a645d0efad3522739400a1ecf6bb634ad06bf3bfb217df8d63a3790af6314146
Fear_176.png,E:\PROJECT 33\PROJECT 33\backend\sample_datasets\image_dataset\Fear\Fear_176.png,Fear,1304,c8478af93ca77f617358d6cc11fd980a9db8b36ad4b6f00a7e6d7e9779cd76e0
Fear_177.png,E:\PROJECT 33\PROJECT 33\backend\sample_datasets\image_dataset\Fear\Fear_177.png,Fear,1285,a44698925e86dde26ecf70ad6a2797fd0bc3dc549d6aa37f776914efd53d408f
Fear_178.png,E:\PROJECT 33\PROJECT 33\backend\sample_datasets\image_dataset\Fear\Fear_178.png,Fear,1307,13814115cc98ffcff6d5c09de0512eab09dc6836cfe10567def529b7979ff25e
Fear_179.png,E:\PROJECT 33\PROJECT 33\backend\sample_datasets\image_dataset\Fear\Fear_179.png,Fear,1298,7a3acbf786adb229a6b0474889fcafb6853eba1ff42fcce541e152382a2f83d1
Fear_180.png,E:\PROJECT 33\PROJECT 33\backend\sample_datasets\image_dataset\Fear\Fear_180.png,Fear,1294,a8fd7e66868ee007512de363d94dc576fe391401b1c7e6a973d7c3c9045a91aa
Fear_181.png,E:\PROJECT 33\PROJECT 33\backend\sample_datasets\image_dataset\Fear\Fear_181.png,Fear,1311,76e86a35d11f82968a016bf93c540e29cc1a4f336e254c60efc8385c5d9848ec
Fear_182.png,E:\PROJECT 33\PROJECT 33\backend\sample_datasets\image_dataset\Fear\Fear_182.png,Fear,1312,9093e620f551609c02f34259f27627709085657f7356df2d52ec042c9d1815c7
Fear_183.png,E:\PROJECT 33\PROJECT 33\backend\sample_datasets\image_dataset\Fear\Fear_183.png,Fear,1310,b6f3b2fd36e8da6cf74d2206c1713113a573e0b4b51a73f3aea582959fc78028
Fear_184.png,E:\PROJECT 33\PROJECT 33\backend\sample_datasets\image_dataset\Fear\Fear_184.png,Fear,1293,7ca727885f41d0c93369cbfcfa5159bedcf17b9ef2d82d659d9c82025fbb043a
Fear_185.png,E:\PROJECT 33\PROJECT 33\backend\sample_datasets\image_dataset\Fear\Fear_185.png,Fear,1298,914585aaae4f3e2095d218a418e752ffb3e5dfc146d6586417a195c88c6f60a3
Fear_186.png,E:\PROJECT 33\PROJECT 33\backend\sample_datasets\image_dataset\Fear\Fear_186.png,Fear,1310,7c940b5714fa9dfb3fd8759822e63a411f42015bb5e866dfc1fef422cb76a6bf
Fear_187.png,E:\PROJECT 33\PROJECT 33\backend\sample_datasets\image_dataset\Fear\Fear_187.png,Fear,1298,38dc6f18c0d380933502dbe4c307594526fae43be11d55218ca1ed8192c71313
Fear_188.png,E:\PROJECT 33\PROJECT 33\backend\sample_datasets\image_dataset\Fear\Fear_188.png,Fear,1293,f926f9ed575be241559edaf7b2aed0451ebf339ee8176d0aeddfa83d8dd6deb1
Fear_189.png,E:\PROJECT 33\PROJECT 33\backend\sample_datasets\image_dataset\Fear\Fear_189.png,Fear,1302,f0f2543eae6f231a880cde86c8083bc4d3801c626646a3ef5e77e98fc473e2da
Fear_190.png,E:\PROJECT 33\PROJECT 33\backend\sample_datasets\image_dataset\Fear\Fear_190.png,Fear,1288,e85c84d975c86263e98de1ab57ad182784be9cf011e23a820432181ee07489f4
Fear_191.png,E:\PROJECT 33\PROJECT 33\backend\sample_datasets\image_dataset\Fear\Fear_191.png,Fear,1295,56170fa70aa524c37c6993edbbbac6a1cdd7a95ebfcf7fdd4eb8eea7d7193e3e
Fear_192.png,E:\PROJECT 33\PROJECT 33\backend\sample_datasets\image_dataset\Fear\Fear_192.png,Fear,1289,f951b3bea074ab86075e77d1f619cea65b3e82eb42ecf5af2ddede6a86d7762d
Fear_193.png,E:\PROJECT 33\PROJECT 33\backend\sample_datasets\image_dataset\Fear\Fear_193.png,Fear,1281,7fc5432e3cae8c317a797c0f167052e68974e46268d322591b21e1e262675bad
Fear_194.png,E:\PROJECT 33\PROJECT 33\backend\sample_datasets\image_dataset\Fear\Fear_194.png,Fear,1277,69491cfd3b4cfea97ebbb3a9468d3377e4cf57a29fe3c6329ac90988cab17bd1
Fear_195.png,E:\PROJECT 33\PROJECT 33\backend\sample_datasets\image_dataset\Fear\Fear_195.png,Fear,1300,ac84109174082a7d537d47f76c1ed5caf0f756984ab0be12ef2147913ece7e70
Fear_196.png,E:\PROJECT 33\PROJECT 33\backend\sample_datasets\image_dataset\Fear\Fear_196.png,Fear,1297,31c78c547ee5d6d7256e87211ac05003a2f88df9af3eea725a1f758e316628c9
Fear_197.png,E:\PROJECT 33\PROJECT 33\backend\sample_datasets\image_dataset\Fear\Fear_197.png,Fear,1288,4cd4f3731e296a9716a0963b2008d6e17da2816a3a89b3fb4397c358d3368cc5
Fear_198.png,E:\PROJECT 33\PROJECT 33\backend\sample_datasets\image_dataset\Fear\Fear_198.png,Fear,1282,1b985cc6b6fe373e9413ada1c9189392289da3560c6fbe9d9fe11aec0ebdbdb6
Fear_199.png,E:\PROJECT 33\PROJECT 33\backend\sample_datasets\image_dataset\Fear\Fear_199.png,Fear,1301,5e195910b04354186b07796da717a9d62c42e584d36af0d1bd7ba612609b0ae8
Fear_200.png,E:\PROJECT 33\PROJECT 33\backend\sample_datasets\image_dataset\Fear\Fear_200.png,Fear,1279,7cdcbf9a1477b1e1f1406b546e085c251379fea7f8d6a5bcd9b655aa0b27c1ec
Fear_201.png,E:\PROJECT 33\PROJECT 33\backend\sample_datasets\image_dataset\Fear\Fear_201.png,Fear,1285,54d950c5f5b762f94a4a9da8b48b2439af89d926af99cc8947663dc4e00277cd
Fear_202.png,E:\PROJECT 33\PROJECT 33\backend\sample_datasets\image_dataset\Fear\Fear_202.png,Fear,1301,3f53fd71b360f33bef9d754fe2498bf2e7eb5a2d4ae229343892dcd498d15288
Fear_203.png,E:\PROJECT 33\PROJECT 33\backend\sample_datasets\image_dataset\Fear\Fear_203.png,Fear,1285,90833fead2c8a271727114b97b0d5bc7b452212183434ee7bd0156996d10a3d2
Fear_204.png,E:\PROJECT 33\PROJECT 33\backend\sample_datasets\image_dataset\Fear\Fear_204.png,Fear,1294,b47ce8c61fbbc41724165a52b28d69227c57ca684f563f7bbb4e2ad267e978c6
Fear_205.png,E:\PROJECT 33\PROJECT 33\backend\sample_datasets\image_dataset\Fear\Fear_205.png,Fear,1298,bf3e7e532ca6bbc080c02c3134b3f43ea1b61d7ec6ccdd55f2354bbb78613f19
Fear_206.png,E:\PROJECT 33\PROJECT 33\backend\sample_datasets\image_dataset\Fear\Fear_206.png,Fear,1311,e0b3a0beb86afbd5c02c94e8751a3f714c3d4f62a6130b4f832720d4fe6dbb28
Fear_207.png,E:\PROJECT 33\PROJECT 33\backend\sample_datasets\image_dataset\Fear\Fear_207.png,Fear,1313,93f82fbc15cd4a928d1832d1cd9fceafc311e96f67251096fceea4337f08e36b
Fear_208.png,E:\PROJECT 33\PROJECT 33\backend\sample_datasets\image_dataset\Fear\Fear_208.png,Fear,1316,cedfb5fea1e8d11bda3580f0b5e5667d043d65b3e512bdd4ae4ae75ba0aed4fd
Fear_209.png,E:\PROJECT 33\PROJECT 33\backend\sample_datasets\image_dataset\Fear\Fear_209.png,Fear,1294,ee56d74891d1d86787025e34adb2e348aaae9f8174f43de640f1f4a15c1623a0
Fear_210.png,E:\PROJECT 33\PROJECT 33\backend\sample_datasets\image_dataset\Fear\Fear_210.png,Fear,1308,506689c680cd2952691da8f3a1801079df1407c24b7f2103cc0c2c097ead02d6
Fear_211.png,E:\PROJECT 33\PROJECT 33\backend\sample_datasets\image_dataset\Fear\Fear_211.png,Fear,1295,fc6eca5c8a8e38f315be88c2498a10f5d5c9dceb792af583574870910c6b78e1
Fear_212.png,E:\PROJECT 33\PROJECT 33\backend\sample_datasets\image_dataset\Fear\Fear_212.png,Fear,1300,361b0cfee049ea5ab69e186b7fe4781e94b26336666631c2f99292a0f01f0e55
Fear_213.png,E:\PROJECT 33\PROJECT 33\backend\sample_datasets\image_dataset\Fear\Fear_213.png,Fear,1317,1502bc2ff769bb08a4bc1426355a179d183aa14464ca923ae3844d813bd72504
Fear_214.png,E:\PROJECT 33\PROJECT 33\backend\sample_datasets\image_dataset\Fear\Fear_214.png,Fear,1296,a81d281b4d3c96f33d971b9de23fa3ed3716345d0d32b96c2f166fd86ad65cee
Fear_215.png,E:\PROJECT 33\PROJECT 33\backend\sample_datasets\image_dataset\Fear\Fear_215.png,Fear,1292,97e2b27b9f6fb80a5ec86dd013d518c746d3fc54f867be6789bf48567ba8321a
Fear_216.png,E:\PROJECT 33\PROJECT 33\backend\sample_datasets\image_dataset\Fear\Fear_216.png,Fear,1291,a64a6caddd6d48dc94c71296aca03ec7887ae814938a32acf6ae0eb45c4894cf
Fear_217.png,E:\PROJECT 33\PROJECT 33\backend\sample_datasets\image_dataset\Fear\Fear_217.png,Fear,1285,2920ff82014ac9c94b5a689e8da64e516d1b5b6fd8cfcd8eb3e7f0b7d99e96f8
Fear_218.png,E:\PROJECT 33\PROJECT 33\backend\sample_datasets\image_dataset\Fear\Fear_218.png,Fear,1301,0b255ed29e73a37af53b1e7c0502007f0eef2aed2b27dad6cfd1c9f495d36be8
Fear_219.png,E:\PROJECT 33\PROJECT 33\backend\sample_datasets\image_dataset\Fear\Fear_219.png,Fear,1312,bfc4aa91b81acc92e86b2a9da42c938ec9dc18f9de996498c0d34a8810aa313c
Fear_220.png,E:\PROJECT 33\PROJECT 33\backend\sample_datasets\image_dataset\Fear\Fear_220.png,Fear,1294,e37924995cdd7e1ca5d838be2a9dfc6caa974406d94c26d305b11a871ffd956e
Fear_221.png,E:\PROJECT 33\PROJECT 33\backend\sample_datasets\image_dataset\Fear\Fear_221.png,Fear,1299,dc9bf956d7f3bd50e6dad3f04e0d2b2061b93c04fcc00a5fbbfa071fe35ddb0b
Fear_222.png,E:\PROJECT 33\PROJECT 33\backend\sample_datasets\image_dataset\Fear\Fear_222.png,Fear,1293,7ec06f73ec51310de5a8cb36831e0f30907a01851c35f88db384e7670ba17fd5
Fear_223.png,E:\PROJECT 33\PROJECT 33\backend\sample_datasets\image_dataset\Fear\Fear_223.png,Fear,1308,e3f6299e083f0a7a196726de907c68f4db5d86a5976153c2653fec47c6895c6b
Fear_224.png,E:\PROJECT 33\PROJECT 33\backend\sample_datasets\image_dataset\Fear\Fear_224.png,Fear,1284,e2273e584296cf392af057405a613fdad894365ff60998db51e6ca20d81170f0
Fear_225.png,E:\PROJECT 33\PROJECT 33\backend\sample_datasets\image_dataset\Fear\Fear_225.png,Fear,1294,06b14f4b8422b3ab075e6e33f031f676114c451c4e3dd88cbbe9411cb48ec56c
Fear_226.png,E:\PROJECT 33\PROJECT 33\backend\sample_datasets\image_dataset\Fear\Fear_226.png,Fear,1313,a2a600d79551c02cb038362c0e50c0fa3a301bf94d8c6c52b8223eb281a219d8
Fear_227.png,E:\PROJECT 33\PROJECT 33\backend\sample_datasets\image_dataset\Fear\Fear_227.png,Fear,1281,e8c9a2bed64115412947a3dc71ff29ae5ab88719c1a1d16b190a09f8113c343b
Fear_228.png,E:\PROJECT 33\PROJECT 33\backend\sample_datasets\image_dataset\Fear\Fear_228.png,Fear,1291,6925cff665df3637266bdbf761da80bfee52bd87149dd2de4ea06729975ac02e
Fear_229.png,E:\PROJECT 33\PROJECT 33\backend\sample_datasets\image_dataset\Fear\Fear_229.png,Fear,1300,33950fd5d50da3873b74b1554ab1ab9444b94763da449de3272dc4f618254b88
Fear_230.png,E:\PROJECT 33\PROJECT 33\backend\sample_datasets\image_dataset\Fear\Fear_230.png,Fear,1294,a038647e871074378312cc565516b0bdbebc936dcbf4e027d165285b856c83c2
Fear_231.png,E:\PROJECT 33\PROJECT 33\backend\sample_datasets\image_dataset\Fear\Fear_231.png,Fear,1292,68455e52f115a4243a168f480485428998e843182c4d70e494b006aac8ac3766
Fear_232.png,E:\PROJECT 33\PROJECT 33\backend\sample_datasets\image_dataset\Fear\Fear_232.png,Fear,1292,901b19d819e44788f6d65dfb5ef690ca080cf69525f44c0cb0e1913230d6f05e
Fear_233.png,E:\PROJECT 33\PROJECT 33\backend\sample_datasets\image_dataset\Fear\Fear_233.png,Fear,1288,cd7b68f51a9591fcd25b21be06d8d147e775df9766a6f7503a9639cc888f625d
Fear_234.png,E:\PROJECT 33\PROJECT 33\backend\sample_datasets\image_dataset\Fear\Fear_234.png,Fear,1276,5b70a1ada832e03d98c46b6c62ae1b49dea338c095e60cfbe346981ba170dbfb
Fear_235.png,E:\PROJECT 33\PROJECT 33\backend\sample_datasets\image_dataset\Fear\Fear_235.png,Fear,1291,77964a1cbba3e3f30927de5fc8ce38434207b0785a45d9d6c7d671371ac59026
Fear_236.png,E:\PROJECT 33\PROJECT 33\backend\sample_datasets\image_dataset\Fear\Fear_236.png,Fear,1302,949dca70eced3492bc7b5cf13f6559479a7faa9dfafd67f3dd72ed5b9eec4309
Fear_237.png,E:\PROJECT 33\PROJECT 33\backend\sample_datasets\image_dataset\Fear\Fear_237.png,Fear,1310,7ec0cffe9848dc50487f6347f64acdaf9079086670285b52f3e5ed70084a2697
Fear_238.png,E:\PROJECT 33\PROJECT 33\backend\sample_datasets\image_dataset\Fear\Fear_238.png,Fear,1301,c8c495a040ea6ea2f38d6aab16323acb2b1186c70b9b397aaae7ab71668744f0
Fear_239.png,E:\PROJECT 33\PROJECT 33\backend\sample_datasets\image_dataset\Fear\Fear_239.png,Fear,1291,6fe670c737dae97a2cf985a01c3113fc44b023166aa87ed8a4dea61b629af35b
Fear_240.png,E:\PROJECT 33\PROJECT 33\backend\sample_datasets\image_dataset\Fear\Fear_240.png,Fear,1284,c6eb4590234534fbdd28136babe15cbf87acaec984d30a0197e98dc2814bab30
Fear_241.png,E:\PROJECT 33\PROJECT 33\backend\sample_datasets\image_dataset\Fear\Fear_241.png,Fear,1294,2b01eb6ee8ddfa8ca07280b90ce55f772184f9c07452c2d43c2c4045480422fe
Fear_242.png,E:\PROJECT 33\PROJECT 33\backend\sample_datasets\image_dataset\Fear\Fear_242.png,Fear,1306,3dbb55bc25b0a6b52b3093f3631f760069eb0eef74c648c8b3957a1b9ab40518
Fear_243.png,E:\PROJECT 33\PROJECT 33\backend\sample_datasets\image_dataset\Fear\Fear_243.png,Fear,1292,927324ddc9f024bade48a3db0032677502b315d37ff760b43a0ca31a7292642b
Fear_244.png,E:\PROJECT 33\PROJECT 33\backend\sample_datasets\image_dataset\Fear\Fear_244.png,Fear,1311,2193626194ac59a4873fd2398b8bc43d0899d4bd7f825611f9385d12f9583146
Fear_245.png,E:\PROJECT 33\PROJECT 33\backend\sample_datasets\image_dataset\Fear\Fear_245.png,Fear,1291,adf86c7ae1bf8c1688facbe844850a26b6fe265b5afd12acae3456b8b549ed28
Fear_246.png,E:\PROJECT 33\PROJECT 33\backend\sample_datasets\image_dataset\Fear\Fear_246.png,Fear,1283,ee362c251086bd78b77f5428a72c8a1d36437ca901a3fb444114c0e46f022610
Fear_247.png,E:\PROJECT 33\PROJECT 33\backend\sample_datasets\image_dataset\Fear\Fear_247.png,Fear,1273,e0744444e8c59cfd53625730a1fde3a7a045298a3656cb20caf0e60b8dd7f682
Fear_248.png,E:\PROJECT 33\PROJECT 33\backend\sample_datasets\image_dataset\Fear\Fear_248.png,Fear,1294,9003139263416ccc233684af203b7cff68768f1c5fabaf30f465e5a35a85b2ac
Fear_249.png,E:\PROJECT 33\PROJECT 33\backend\sample_datasets\image_dataset\Fear\Fear_249.png,Fear,1302,40551c13af8facde71df459cbc8ebca1ef8e03297f33835faa73b95d064e6c8e
Happy_000.png,E:\PROJECT 33\PROJECT 33\backend\sample_datasets\image_dataset\Happy\Happy_000.png,Happy,1363,0641693fc506f69e0b4927268b5554bedc6f45ef9fc237a5ed0e9901c06d6533
Happy_001.png,E:\PROJECT 33\PROJECT 33\backend\sample_datasets\image_dataset\Happy\Happy_001.png,Happy,1360,73bf6000b7c630571e1fcd5cf4758b4d31bdd468182373beab1619fe58cc31d2
Happy_002.png,E:\PROJECT 33\PROJECT 33\backend\sample_datasets\image_dataset\Happy\Happy_002.png,Happy,1358,9bfbe0e53596fe5b8d9ada185d0da65747f665a8fbe66fbf776febee7d127b8c
Happy_003.png,E:\PROJECT 33\PROJECT 33\backend\sample_datasets\image_dataset\Happy\Happy_003.png,Happy,1371,b6bdbfd08fe41108a817fb10d42297ff5fc6de972153091349f6940c9b9bcaa5
Happy_004.png,E:\PROJECT 33\PROJECT 33\backend\sample_datasets\image_dataset\Happy\Happy_004.png,Happy,1367,4f8c3a65e0ed69a2500c53f0378418c2cb94410b373f41d42c7dcfe13cbef0f8
Happy_005.png,E:\PROJECT 33\PROJECT 33\backend\sample_datasets\image_dataset\Happy\Happy_005.png,Happy,1359,068c66c2981ba6c1b9741c9fb1178fcf1d4416f37ae38f50e31f293ee69a4778
Happy_006.png,E:\PROJECT 33\PROJECT 33\backend\sample_datasets\image_dataset\Happy\Happy_006.png,Happy,1367,3710f41b331701b138f7be7a50f56a783d55c74dc108791e347e91517f275b48
Happy_007.png,E:\PROJECT 33\PROJECT 33\backend\sample_datasets\image_dataset\Happy\Happy_007.png,Happy,1355,b4257617546832a08aecd2e66e60e6542086638d05638009ff022179c32a10ad
Happy_008.png,E:\PROJECT 33\PROJECT 33\backend\sample_datasets\image_dataset\Happy\Happy_008.png,Happy,1371,0f3d09a0da3adc6ab69ef94ac412217424e0fe55500427869fc23471c7dd7d7c
Happy_009.png,E:\PROJECT 33\PROJECT 33\backend\sample_datasets\image_dataset\Happy\Happy_009.png,Happy,1376,bf6746bfd39fd4e5635f2cc2c394df977c166a33423c1a0cdc84fe2da7282bda
Happy_010.png,E:\PROJECT 33\PROJECT 33\backend\sample_datasets\image_dataset\Happy\Happy_010.png,Happy,1365,d2f84101d7a7083cff831d58c27f730ae5a3c7966643eeba85fcf037eba61936
Happy_011.png,E:\PROJECT 33\PROJECT 33\backend\sample_datasets\image_dataset\Happy\Happy_011.png,Happy,1365,6ec748bb0024d928ff24f266334e4092498832ee090cf3bb8518b80b07449520
Happy_012.png,E:\PROJECT 33\PROJECT 33\backend\sample_datasets\image_dataset\Happy\Happy_012.png,Happy,1356,f14854394b38b1aa1cf82a8e26992a86c5f4e22b4713fb25cfc6dc015e2252a7
Happy_013.png,E:\PROJECT 33\PROJECT 33\backend\sample_datasets\image_dataset\Happy\Happy_013.png,Happy,1359,dd17f361c8282acc40d820bfc254535dd9aba837b66df118426d4d239cab3988
Happy_014.png,E:\PROJECT 33\PROJECT 33\backend\sample_datasets\image_dataset\Happy\Happy_014.png,Happy,1383,cb57f4e7fd31f6ba9ba38a7a6fd031b13a0de97ab47fa2ec2306939a638c8d66
Happy_015.png,E:\PROJECT 33\PROJECT 33\backend\sample_datasets\image_dataset\Happy\Happy_015.png,Happy,1369,42724a073290adb61831e63ae84e0c64508e81602952a581794f623d929de5dd
Happy_016.png,E:\PROJECT 33\PROJECT 33\backend\sample_datasets\image_dataset\Happy\Happy_016.png,Happy,1349,f05f0e30138ca03dda3dc0ced8916aacdcca045c9ad79454d7d45e9e334bf95f
Happy_017.png,E:\PROJECT 33\PROJECT 33\backend\sample_datasets\image_dataset\Happy\Happy_017.png,Happy,1387,f07260c947d8cc303f89e7406e4bd2559ba8ae72e4f5f6c84d8b22c8874d9850
Happy_018.png,E:\PROJECT 33\PROJECT 33\backend\sample_datasets\image_dataset\Happy\Happy_018.png,Happy,1366,fc2938dac9ceba7b564b864ade0415c0baf2e0ef1965ff2bc4ca4283c8c57567
Happy_019.png,E:\PROJECT 33\PROJECT 33\backend\sample_datasets\image_dataset\Happy\Happy_019.png,Happy,1373,e86cb13faf13cfe4d7f3c1d621326be38b1c7f735c8e4d83e83bd4dff12a7869
Happy_020.png,E:\PROJECT 33\PROJECT 33\backend\sample_datasets\image_dataset\Happy\Happy_020.png,Happy,1359,054b81d0c2d5bbfa68261dd7eb8858bce09107cce3dda1622b8dde2951397dc5
Happy_021.png,E:\PROJECT 33\PROJECT 33\backend\sample_datasets\image_dataset\Happy\Happy_021.png,Happy,1352,df4e4435910529aff541e4955267ef9c6277649dd116fe603ee7cb46abb13cf8
Happy_022.png,E:\PROJECT 33\PROJECT 33\backend\sample_datasets\image_dataset\Happy\Happy_022.png,Happy,1373,4b82c67be52cf32dba0b0bb78d79adbd39f024bf2210eaad985b2a305d31df84
Happy_023.png,E:\PROJECT 33\PROJECT 33\backend\sample_datasets\image_dataset\Happy\Happy_023.png,Happy,1358,07986924fe905c215228f6659b058b1d23aa8ad4f14c909d5645271ff1e3eaaa
Happy_024.png,E:\PROJECT 33\PROJECT 33\backend\sample_datasets\image_dataset\Happy\Happy_024.png,Happy,1379,e741f65b6789e4180068bafce33212086b15b709e57b0668ff0c493bc58caf01
Happy_025.png,E:\PROJECT 33\PROJECT 33\backend\sample_datasets\image_dataset\Happy\Happy_025.png,Happy,1364,9ddfbd06d9e84a75175f870e2604b897ee4b902cd924254e6e977c7541cbafdc
Happy_026.png,E:\PROJECT 33\PROJECT 33\backend\sample_datasets\image_dataset\Happy\Happy_026.png,Happy,1346,dc5e8ca7c98079c569543a2c611e5fb7d186d075ab0ec5a6ac545f1dff5a7b81
Happy_027.png,E:\PROJECT 33\PROJECT 33\backend\sample_datasets\image_dataset\Happy\Happy_027.png,Happy,1372,6806fb28f73c299f20629ac572576e07ab974737b22d0ea1a219d1f57e5c49e3
Happy_028.png,E:\PROJECT 33\PROJECT 33\backend\sample_datasets\image_dataset\Happy\Happy_028.png,Happy,1372,872434de03b018b307d2afa6e11478ed6cf96842b250ea1356ac5aec89673968
Happy_029.png,E:\PROJECT 33\PROJECT 33\backend\sample_datasets\image_dataset\Happy\Happy_029.png,Happy,1357,9a2324cde54dcffa9e587c398faa01c3cbc4478b9e2bdd838591c8e31cb86f79
Happy_030.png,E:\PROJECT 33\PROJECT 33\backend\sample_datasets\image_dataset\Happy\Happy_030.png,Happy,1366,70228974555bb2c4f217afd7d64c600713c4ebdf6b38f8f7e725c728f972260a
Happy_031.png,E:\PROJECT 33\PROJECT 33\backend\sample_datasets\image_dataset\Happy\Happy_031.png,Happy,1348,9aff6a88fbd93393f493ea71ba08864d9477ca97c3a644acceda6313854c237a
Happy_032.png,E:\PROJECT 33\PROJECT 33\backend\sample_datasets\image_dataset\Happy\Happy_032.png,Happy,1365,d974bbfa3b7f38769e543010a0c055405eff7f3cde6e2f63d62ff13e518720b9
Happy_033.png,E:\PROJECT 33\PROJECT 33\backend\sample_datasets\image_dataset\Happy\Happy_033.png,Happy,1376,110547eb0115e438befe37652c017ce078f27636f346ded023484a1f07c4d0ed
Happy_034.png,E:\PROJECT 33\PROJECT 33\backend\sample_datasets\image_dataset\Happy\Happy_034.png,Happy,1332,11c0727ef6318719c95141b935e81570b97b4894a2bcd5444347453975755f34
Happy_035.png,E:\PROJECT 33\PROJECT 33\backend\sample_datasets\image_dataset\Happy\Happy_035.png,Happy,1365,50a814e4065e03329bf743b6acb54587f5935318588312b9c9502d56293506d7
Happy_036.png,E:\PROJECT 33\PROJECT 33\backend\sample_datasets\image_dataset\Happy\Happy_036.png,Happy,1365,2dcc2130cfd428add15bcad80287e98bba7a9c40b8076dc9f4be70bfcf9cd4e9
Happy_037.png,E:\PROJECT 33\PROJECT 33\backend\sample_datasets\image_dataset\Happy\Happy_037.png,Happy,1349,1ae1558c61519a356ec9b61b74ee78dd861b278fd06d80aa01333b5d24e0e3fd
Happy_038.png,E:\PROJECT 33\PROJECT 33\backend\sample_datasets\image_dataset\Happy\Happy_038.png,Happy,1349,a67b613faeaa597df1f02c376fff0048d7511d31ef6f6f58d7badc8ad4af4af7
Happy_039.png,E:\PROJECT 33\PROJECT 33\backend\sample_datasets\image_dataset\Happy\Happy_039.png,Happy,1359,0dcf4d56c9ded1397df66de9a305434a7cc5ef0943732c0fb56770538d268d81
Happy_040.png,E:\PROJECT 33\PROJECT 33\backend\sample_datasets\image_dataset\Happy\Happy_040.png,Happy,1377,80b240e40cb9e5ce0aee6cfdf40e39ff9dbad85b71be47f59b69aaf5351ff5f8
Happy_041.png,E:\PROJECT 33\PROJECT 33\backend\sample_datasets\image_dataset\Happy\Happy_041.png,Happy,1364,276ccb9148a0b0b9406189d1ed54381fff0af4e23f4cfa77a02fdf9770219c81
Happy_042.png,E:\PROJECT 33\PROJECT 33\backend\sample_datasets\image_dataset\Happy\Happy_042.png,Happy,1361,dd13c54a368282e1dd5d156b49232d800a10c8dacd134841c5d6bfdb1a759237
Happy_043.png,E:\PROJECT 33\PROJECT 33\backend\sample_datasets\image_dataset\Happy\Happy_043.png,Happy,1365,06f9aa05ec58c99eb7693f9489dd596909b63b2420bd2abe18a4957f18db32ed
Happy_044.png,E:\PROJECT 33\PROJECT 33\backend\sample_datasets\image_dataset\Happy\Happy_044.png,Happy,1366,2b5e1bc877c37c21ecf362a4c5cbe4ebb842867de4b30775c3a5eb303de60c61
Happy_045.png,E:\PROJECT 33\PROJECT 33\backend\sample_datasets\image_dataset\Happy\Happy_045.png,Happy,1355,2f8e4116c9aaabe44423c279d11122de6a9c9de6e21e2d6d507ead385fe24cd9
Happy_046.png,E:\PROJECT 33\PROJECT 33\backend\sample_datasets\image_dataset\Happy\Happy_046.png,Happy,1360,fa1764faed53555e278fdc4e99475101b01908b2e9d84c9bfdc98aadfcc844de
Happy_047.png,E:\PROJECT 33\PROJECT 33\backend\sample_datasets\image_dataset\Happy\Happy_047.png,Happy,1369,ae5f2bd9072897c9b0615116d87f76dbdfe651b36a9a76510d6b30dd694d074f
Happy_048.png,E:\PROJECT 33\PROJECT 33\backend\sample_datasets\image_dataset\Happy\Happy_048.png,Happy,1372,9032481329f3d58b380b4c34ffd0319754d668ec29e78cc36434de28c2ef5df4
Happy_049.png,E:\PROJECT 33\PROJECT 33\backend\sample_datasets\image_dataset\Happy\Happy_049.png,Happy,1375,b994b7149cbcc824f4044322900f6d29ca10916d1ece7d628b447a7f04f374c1
Happy_050.png,E:\PROJECT 33\PROJECT 33\backend\sample_datasets\image_dataset\Happy\Happy_050.png,Happy,1379,4299cdb815a89a479a9c00b5a3d79e990b50288dd951712933320751eb16b30e
Happy_051.png,E:\PROJECT 33\PROJECT 33\backend\sample_datasets\image_dataset\Happy\Happy_051.png,Happy,1369,496b864bcdaca73dfe70a01e98b666ffa6d2e6ce81d8f48358e76eddb4e77335
Happy_052.png,E:\PROJECT 33\PROJECT 33\backend\sample_datasets\image_dataset\Happy\Happy_052.png,Happy,1385,41a6aaa4649fb69466b6f1dcd3875795dbb1a87b922a7928a91d2475f60937f3
Happy_053.png,E:\PROJECT 33\PROJECT 33\backend\sample_datasets\image_dataset\Happy\Happy_053.png,Happy,1360,92d214501b926026e9b65fc4e62fbf803966435d617444b0ef6cab47429bb4cb
Happy_054.png,E:\PROJECT 33\PROJECT 33\backend\sample_datasets\image_dataset\Happy\Happy_054.png,Happy,1360,83c4d90fa1d7b8aacb98b8097fd0f6581a791970c46f8c37768c144b596bee2a
Happy_055.png,E:\PROJECT 33\PROJECT 33\backend\sample_datasets\image_dataset\Happy\Happy_055.png,Happy,1351,3390cdf5989e3fcd8eb20c724171e59afb977538558246d2942e1ff1bbb1fce2
Happy_056.png,E:\PROJECT 33\PROJECT 33\backend\sample_datasets\image_dataset\Happy\Happy_056.png,Happy,1389,0e8c1702d9f71842a48bf9bb98b9085fea600376d865655692e9d7d13d14a576
Happy_057.png,E:\PROJECT 33\PROJECT 33\backend\sample_datasets\image_dataset\Happy\Happy_057.png,Happy,1346,e32cece191fc5dad9cf23e7e57661ce8542ae1705a8d163ef66a20e391d7cb32
Happy_058.png,E:\PROJECT 33\PROJECT 33\backend\sample_datasets\image_dataset\Happy\Happy_058.png,Happy,1350,7259173394b971f1f2ae432cd17e2fb6e065e6a4d1d0cf3a2b2dd1a8079f9b0a
Happy_059.png,E:\PROJECT 33\PROJECT 33\backend\sample_datasets\image_dataset\Happy\Happy_059.png,Happy,1349,15a6f3bbf10de446eb377511816fc54540baa8e6aab6fa32d5cd43c6372b418b
Happy_060.png,E:\PROJECT 33\PROJECT 33\backend\sample_datasets\image_dataset\Happy\Happy_060.png,Happy,1379,4170b643256641c2698539a3cc32fd5c65e4a4a5d92318102466571c39c0424e
Happy_061.png,E:\PROJECT 33\PROJECT 33\backend\sample_datasets\image_dataset\Happy\Happy_061.png,Happy,1367,34ff50373ead852b6ce7dfc3c89f78d83bef7d0a61bcefa99a0b2b09ff63b06e
Happy_062.png,E:\PROJECT 33\PROJECT 33\backend\sample_datasets\image_dataset\Happy\Happy_062.png,Happy,1347,2fe1345980d384ddc94c7463e93100fb8359d34a6c0465088c92d4e1e41e45d8
Happy_063.png,E:\PROJECT 33\PROJECT 33\backend\sample_datasets\image_dataset\Happy\Happy_063.png,Happy,1358,5a726ddcd0fa1a266db76fef80a8b1d80eff055d08821f6c6752f8290e0ef0f5
Happy_064.png,E:\PROJECT 33\PROJECT 33\backend\sample_datasets\image_dataset\Happy\Happy_064.png,Happy,1369,139ed6940cde81718bb0facf9b2c38c559f305f63c17bf1b3656d74eeff13d04
Happy_065.png,E:\PROJECT 33\PROJECT 33\backend\sample_datasets\image_dataset\Happy\Happy_065.png,Happy,1337,8442dd3a9adca22b96b351c473d46356f3f6126a431d2c23f3ea01041ed2fb7f
Happy_066.png,E:\PROJECT 33\PROJECT 33\backend\sample_datasets\image_dataset\Happy\Happy_066.png,Happy,1365,2e7acda3b175c1ac39e4b9952e80f38148209f3c4a0614e1420414c212d90a8e
Happy_067.png,E:\PROJECT 33\PROJECT 33\backend\sample_datasets\image_dataset\Happy\Happy_067.png,Happy,1346,b6a39faca60531ff65b1d096a13380efcaf6af1af789323112c15b48112069dc
Happy_068.png,E:\PROJECT 33\PROJECT 33\backend\sample_datasets\image_dataset\Happy\Happy_068.png,Happy,1348,2e8031b416fb82ad80886805d42f81d78e25735b4cc3ae584e724ec1eaa6e62d
Happy_069.png,E:\PROJECT 33\PROJECT 33\backend\sample_datasets\image_dataset\Happy\Happy_069.png,Happy,1352,4e84644043aec13469e13cd64613b6ea827e07ed8e4d2c48eec0d808d3428a76
Happy_070.png,E:\PROJECT 33\PROJECT 33\backend\sample_datasets\image_dataset\Happy\Happy_070.png,Happy,1357,f8810b6feb1e7e942e2ff796084213c729b53bf5efa7b4c8a07bc007f3279e77
Happy_071.png,E:\PROJECT 33\PROJECT 33\backend\sample_datasets\image_dataset\Happy\Happy_071.png,Happy,1376,7ae6eee2ba64ef47203744db65ad479d4b1b0430fc4c29b29c72c1f6d5dd6384
Happy_072.png,E:\PROJECT 33\PROJECT 33\backend\sample_datasets\image_dataset\Happy\Happy_072.png,Happy,1364,be7cd71433dc2f4d872d3c6c0b983bbff567da412bc772be071d04b864d41130
Happy_073.png,E:\PROJECT 33\PROJECT 33\backend\sample_datasets\image_dataset\Happy\Happy_073.png,Happy,1352,00ab0a6b0b5986c28aa8244406efdcae9131835783a15c0622dc1b78afacb727
Happy_074.png,E:\PROJECT 33\PROJECT 33\backend\sample_datasets\image_dataset\Happy\Happy_074.png,Happy,1353,ded4c37b470cc0a5434ff1231d29890f75020f5baca2fdae1e5c1555c0f9935f
Happy_075.png,E:\PROJECT 33\PROJECT 33\backend\sample_datasets\image_dataset\Happy\Happy_075.png,Happy,1361,dd1a464ce5f9a55b34121eecf91c4a035fb946429b085adc69b19725dbe6e2b7
Happy_076.png,E:\PROJECT 33\PROJECT 33\backend\sample_datasets\image_dataset\Happy\Happy_076.png,Happy,1356,f977ea45a5361c0734d701e0dd6c97806887c2b97849780b251bec18e599233a
Happy_077.png,E:\PROJECT 33\PROJECT 33\backend\sample_datasets\image_dataset\Happy\Happy_077.png,Happy,1354,b8306819ded67d0b01b1e68435b2808a82a911651224fc9ad67df51951d62e5f
Happy_078.png,E:\PROJECT 33\PROJECT 33\backend\sample_datasets\image_dataset\Happy\Happy_078.png,Happy,1373,b3298823e1b9b2308a7ef220c6846fcbabefd5ccf19254377fefb141a5b610d4
Happy_079.png,E:\PROJECT 33\PROJECT 33\backend\sample_datasets\image_dataset\Happy\Happy_079.png,Happy,1350,fbf6cdefb4d3477d726ecce662c68270b04c8a62b46af16c9c8e3e6f78fc3e86
Happy_080.png,E:\PROJECT 33\PROJECT 33\backend\sample_datasets\image_dataset\Happy\Happy_080.png,Happy,1367,ccd2e5fe58d85b725112dcba9124b0e301a11a5bd9ef1ee5f89987c554c915f6
Happy_081.png,E:\PROJECT 33\PROJECT 33\backend\sample_datasets\image_dataset\Happy\Happy_081.png,Happy,1359,0016d262c5cc9fd075a9468eca5b367bb271e25a8c40f4714c9330f6e4872c3c
Happy_082.png,E:\PROJECT 33\PROJECT 33\backend\sample_datasets\image_dataset\Happy\Happy_082.png,Happy,1373,d0536999dbd0e4390a44663d710a1f1b0bbc8b5726ce28d69e3945e8c299465a
Happy_083.png,E:\PROJECT 33\PROJECT 33\backend\sample_datasets\image_dataset\Happy\Happy_083.png,Happy,1378,76cddd5f2df246ab435d1c002a50691aa5729bc1ae4028dabe2fdca402a69382
Happy_084.png,E:\PROJECT 33\PROJECT 33\backend\sample_datasets\image_dataset\Happy\Happy_084.png,Happy,1368,cb691bbdcb450dcc6f45a57b5d7c45b68fefd64b10d3dc35f9c7a53f76896bf1
Happy_085.png,E:\PROJECT 33\PROJECT 33\backend\sample_datasets\image_dataset\Happy\Happy_085.png,Happy,1369,08095cb02bc135d8a0ce333b4a9c93c9555198bfa159c323367a0562966b1a2d
Happy_086.png,E:\PROJECT 33\PROJECT 33\backend\sample_datasets\image_dataset\Happy\Happy_086.png,Happy,1350,3b01c01f6717cb48a68b40030fba93892ea1b7309d2ee377a9ab545011564f83
Happy_087.png,E:\PROJECT 33\PROJECT 33\backend\sample_datasets\image_dataset\Happy\Happy_087.png,Happy,1347,3d548b9d3b8fc3494989f761dd43bd1fbd4cca87294fedc060902d3c7c224086
Happy_088.png,E:\PROJECT 33\PROJECT 33\backend\sample_datasets\image_dataset\Happy\Happy_088.png,Happy,1353,94eef363a9336a4814b6dd1d413a628df66ba91d6bb71a42af69142c6ff462d8
Happy_089.png,E:\PROJECT 33\PROJECT 33\backend\sample_datasets\image_dataset\Happy\Happy_089.png,Happy,1352,2a7000e14c3eac513cad11be1fc7e1e7382b3d2851e8d09e38329c2c93fc742f
Happy_090.png,E:\PROJECT 33\PROJECT 33\backend\sample_datasets\image_dataset\Happy\Happy_090.png,Happy,1359,6dab0ee0cc95d37446fa0a6dd94a684a2c60a89d5b476a851c28183e968c0fca
Happy_091.png,E:\PROJECT 33\PROJECT 33\backend\sample_datasets\image_dataset\Happy\Happy_091.png,Happy,1354,492e335c5c5516dbf2e597d9bbd74308539602fd5fac6d03c7a23c73d63ef256
Happy_092.png,E:\PROJECT 33\PROJECT 33\backend\sample_datasets\image_dataset\Happy\Happy_092.png,Happy,1358,9d8860e08c8f7d57d2ad1402c05e7a5085e7c7b6a676c03496b3ac04a0ff20d2
Happy_093.png,E:\PROJECT 33\PROJECT 33\backend\sample_datasets\image_dataset\Happy\Happy_093.png,Happy,1360,1ec1c7f281e0f20423a1c58a7f93b0e756e3b75742810df31e056f5c51523ad2
Happy_094.png,E:\PROJECT 33\PROJECT 33\backend\sample_datasets\image_dataset\Happy\Happy_094.png,Happy,1360,e105ac435afc61565a71393f82384a18f89025720ed01735039c090cf1f19f7a
Happy_095.png,E:\PROJECT 33\PROJECT 33\backend\sample_datasets\image_dataset\Happy\Happy_095.png,Happy,1356,bcced28c8fcb5bc1281db07e141ee3cc434dcaa79f2cc247a467a934beb1ddd6
Happy_096.png,E:\PROJECT 33\PROJECT 33\backend\sample_datasets\image_dataset\Happy\Happy_096.png,Happy,1366,67b0a32c3ff836719259593e3fc8894c54bd627f1e558d36a1a015e96c3388b1
Happy_097.png,E:\PROJECT 33\PROJECT 33\backend\sample_datasets\image_dataset\Happy\Happy_097.png,Happy,1369,decd0c1a47902b93139cd83ec68db6525848969a19a6f7b35c453704139dbc1e
Happy_098.png,E:\PROJECT 33\PROJECT 33\backend\sample_datasets\image_dataset\Happy\Happy_098.png,Happy,1373,6d0be3d42412aa0b7afbe49cf1ee88412726afc5d4636af12e36cf4570a5575d
Happy_099.png,E:\PROJECT 33\PROJECT 33\backend\sample_datasets\image_dataset\Happy\Happy_099.png,Happy,1336,1744d766ec0e6498aa81e2c8e6bf078a5d72a0c27303bb8a3bcecf4c4bfdb6cf
Happy_100.png,E:\PROJECT 33\PROJECT 33\backend\sample_datasets\image_dataset\Happy\Happy_100.png,Happy,1379,5f05933699cb0e83c9e335569998b2b75dbf4ed7702633dfc11e8e0c22695c6c
Happy_101.png,E:\PROJECT 33\PROJECT 33\backend\sample_datasets\image_dataset\Happy\Happy_101.png,Happy,1376,575df9b476eb3d250c245adb104400ef236d629569c6a7b0c5ae68445ec7d347
Happy_102.png,E:\PROJECT 33\PROJECT 33\backend\sample_datasets\image_dataset\Happy\Happy_102.png,Happy,1371,e3d3582c4a7fc76aba35a7cee8cdd5483856fe43808a9fc1c1d685b8db8ccb5b
Happy_103.png,E:\PROJECT 33\PROJECT 33\backend\sample_datasets\image_dataset\Happy\Happy_103.png,Happy,1367,af460861403bc346670fb5460c4601b606211c929a9cf8e84b8258c6834079fa
Happy_104.png,E:\PROJECT 33\PROJECT 33\backend\sample_datasets\image_dataset\Happy\Happy_104.png,Happy,1367,c1272e468aa5908321525956325f993f5ebd92f868d1c8ad7bd37eb4814fb8f8
Happy_105.png,E:\PROJECT 33\PROJECT 33\backend\sample_datasets\image_dataset\Happy\Happy_105.png,Happy,1354,7e409219834f91a7c2fb3efac78cc172698c77a219e00b47ff02b32e44abda7b
Happy_106.png,E:\PROJECT 33\PROJECT 33\backend\sample_datasets\image_dataset\Happy\Happy_106.png,Happy,1364,fc3d42cece3827ff892a348c0e116d38113eb5e0c1d1b4facb42db5ac6d1e63c
Happy_107.png,E:\PROJECT 33\PROJECT 33\backend\sample_datasets\image_dataset\Happy\Happy_107.png,Happy,1361,3f72109fcc3f9cc904e5785e32db8cc8d5c3ed529251a0742c2805c080668aa3
Happy_108.png,E:\PROJECT 33\PROJECT 33\backend\sample_datasets\image_dataset\Happy\Happy_108.png,Happy,1344,b9fc9efaa59fe62be1c42591e4d18941cdf466307654241283fd3e71fb63b297
Happy_109.png,E:\PROJECT 33\PROJECT 33\backend\sample_datasets\image_dataset\Happy\Happy_109.png,Happy,1367,6a9e13f2f402e73b5fc82d28419fa1a6a9f622135f4926b4156d043702ba84c2
Happy_110.png,E:\PROJECT 33\PROJECT 33\backend\sample_datasets\image_dataset\Happy\Happy_110.png,Happy,1359,25101081cba27fc3148a5d4f14237e3db21b80ead42981ec24dc2d8f3c905ae4
Happy_111.png,E:\PROJECT 33\PROJECT 33\backend\sample_datasets\image_dataset\Happy\Happy_111.png,Happy,1344,4fc7e4f77180f8655c4ef147599d0a1da70d1738f95bf0f6376df910c95ee586
Happy_112.png,E:\PROJECT 33\PROJECT 33\backend\sample_datasets\image_dataset\Happy\Happy_112.png,Happy,1362,249da26cb8d1aed75e79049a176e3dfd389e3a18ee6107758de70cf0f3fddaf7
Happy_113.png,E:\PROJECT 33\PROJECT 33\backend\sample_datasets\image_dataset\Happy\Happy_113.png,Happy,1364,7b1abea768b69ec0e7200562af58d2489e0df9abebbed398aa9082620d295ef3
Happy_114.png,E:\PROJECT 33\PROJECT 33\backend\sample_datasets\image_dataset\Happy\Happy_114.png,Happy,1360,d185800210d0e829737d45437573a6976610bfcebae9b0aa2b32d8f567cc6ffb
Happy_115.png,E:\PROJECT 33\PROJECT 33\backend\sample_datasets\image_dataset\Happy\Happy_115.png,Happy,1368,72780be637172ba64a5688b9dcf3977c82e3e66341cdb81ca99592f25d8b674a
Happy_116.png,E:\PROJECT 33\PROJECT 33\backend\sample_datasets\image_dataset\Happy\Happy_116.png,Happy,1343,e2429c3c3507a9753dcb7e38197a5c4d4d1724b381625094b39eff8e1e009803
Happy_117.png,E:\PROJECT 33\PROJECT 33\backend\sample_datasets\image_dataset\Happy\Happy_117.png,Happy,1364,3214696edc53fdec0b1414484844ef6d4a3879d9dad3b5f0618cd762eb2b3e4c
Happy_118.png,E:\PROJECT 33\PROJECT 33\backend\sample_datasets\image_dataset\Happy\Happy_118.png,Happy,1371,712f604b6e5cdfd5eeeb7dcab7b0dc8fe22bc3d151b189164183138f1e7a0a33
Happy_119.png,E:\PROJECT 33\PROJECT 33\backend\sample_datasets\image_dataset\Happy\Happy_119.png,Happy,1371,d4913ec423afe2c895fcd3ed08cfb41348b499dda1ade8738a6c293cf5269913
Happy_120.png,E:\PROJECT 33\PROJECT 33\backend\sample_datasets\image_dataset\Happy\Happy_120.png,Happy,1367,81f3e4a7adf41091a3da36315cc0518364357e206d5b7b0607913125630ed661
Happy_121.png,E:\PROJECT 33\PROJECT 33\backend\sample_datasets\image_dataset\Happy\Happy_121.png,Happy,1361,1ecaa9889a1596150b3de621b4fb9c6a941a24a2821b581a59ee4b0bb71ae44a
Happy_122.png,E:\PROJECT 33\PROJECT 33\backend\sample_datasets\image_dataset\Happy\Happy_122.png,Happy,1365,00e843b01e97d349e61997c686dd12fdcc63188a2ecf85f911dcb11254de8dfd
Happy_123.png,E:\PROJECT 33\PROJECT 33\backend\sample_datasets\image_dataset\Happy\Happy_123.png,Happy,1381,c7b13dee514af7bfcf12b4083ed1533c1a842baa72f5fe68d904ff4842602d17
Happy_124.png,E:\PROJECT 33\PROJECT 33\backend\sample_datasets\image_dataset\Happy\Happy_124.png,Happy,1360,d49365d754e7e1c4b0bd22eca48605f3fb7e6ca893108a57265424c90bed3cff
Happy_125.png,E:\PROJECT 33\PROJECT 33\backend\sample_datasets\image_dataset\Happy\Happy_125.png,Happy,1354,080573dca3c2ee020943e9604fefece733737024cf7dd44ae563931937cdc464
Happy_126.png,E:\PROJECT 33\PROJECT 33\backend\sample_datasets\image_dataset\Happy\Happy_126.png,Happy,1360,0f25539170105a9e4b91158b63e972ffe7a84790d856a1446c8ce23a75a1bc57
Happy_127.png,E:\PROJECT 33\PROJECT 33\backend\sample_datasets\image_dataset\Happy\Happy_127.png,Happy,1369,2d7817abc6f9b0e097ce480d7b7273f558a654afefb39a4a9f8e6143f6bd48af
Happy_128.png,E:\PROJECT 33\PROJECT 33\backend\sample_datasets\image_dataset\Happy\Happy_128.png,Happy,1381,8bde541f3e59c1bf5e03994e21ba43cdb94f8021c6cc4a855f765231e658cdc8
Happy_129.png,E:\PROJECT 33\PROJECT 33\backend\sample_datasets\image_dataset\Happy\Happy_129.png,Happy,1367,23fd29fd81ea1afd6f94655d6edfc80b37c98fed102c3fdc32ff3cf477e7ec76
Happy_130.png,E:\PROJECT 33\PROJECT 33\backend\sample_datasets\image_dataset\Happy\Happy_130.png,Happy,1349,303ebc27e28124198d1c56ba4f73ec430ee1a4bedd06e6328caae5eab04ad453
Happy_131.png,E:\PROJECT 33\PROJECT 33\backend\sample_datasets\image_dataset\Happy\Happy_131.png,Happy,1362,8a334c44772efabff8fb1c3a909173be2417d68aebf2d778f8b5b106b1de2a22
Happy_132.png,E:\PROJECT 33\PROJECT 33\backend\sample_datasets\image_dataset\Happy\Happy_132.png,Happy,1348,9bc378489d3bd70298befcf08339b2c8d4befec53dea4b7b86ea33ef4d495c14
Happy_133.png,E:\PROJECT 33\PROJECT 33\backend\sample_datasets\image_dataset\Happy\Happy_133.png,Happy,1367,3b860b773ab0d853090005c95960cae11e4415ce1b4a15bd90cb0be4ce5d3449
Happy_134.png,E:\PROJECT 33\PROJECT 33\backend\sample_datasets\image_dataset\Happy\Happy_134.png,Happy,1356,4a172ecee81c78ac1a328757a3120fb96e86b82e2080b6d57b555b0937066f1c
Happy_135.png,E:\PROJECT 33\PROJECT 33\backend\sample_datasets\image_dataset\Happy\Happy_135.png,Happy,1370,8b57ddc711bf087946852cec7d420aedfe849ffac84e64d5b41b8d92bc12d55d
Happy_136.png,E:\PROJECT 33\PROJECT 33\backend\sample_datasets\image_dataset\Happy\Happy_136.png,Happy,1360,9f794565a33beac49731657b891a0462798a88bbe44194da2597313fd5af3c54
Happy_137.png,E:\PROJECT 33\PROJECT 33\backend\sample_datasets\image_dataset\Happy\Happy_137.png,Happy,1353,01d012321d93aaa3e1e4e075897fe16661bd8389dc86aecde7d90b6bd12c52f0
Happy_138.png,E:\PROJECT 33\PROJECT 33\backend\sample_datasets\image_dataset\Happy\Happy_138.png,Happy,1361,06bbc938fe7fa9d193e24d0ac595419f04947fbc5753bd42e839c8647d06cd20
Happy_139.png,E:\PROJECT 33\PROJECT 33\backend\sample_datasets\image_dataset\Happy\Happy_139.png,Happy,1344,393ef37fff95d114b61461abe63f719c8ee3fd12117a408cdea41973bceaabb9
Happy_140.png,E:\PROJECT 33\PROJECT 33\backend\sample_datasets\image_dataset\Happy\Happy_140.png,Happy,1365,a04235a1f79352f56d8701908db6f29518b3453802e0ef2fc6cf2264b0bc23a3
Happy_141.png,E:\PROJECT 33\PROJECT 33\backend\sample_datasets\image_dataset\Happy\Happy_141.png,Happy,1390,339c95724bfbde47a967bc2bc5109a278612f36b3b18e360895c5d48695cb728
Happy_142.png,E:\PROJECT 33\PROJECT 33\backend\sample_datasets\image_dataset\Happy\Happy_142.png,Happy,1360,77f9398e484837430260e71f0d3d8cef05fc11597e7bca7f4d3f48648294fcc4
Happy_143.png,E:\PROJECT 33\PROJECT 33\backend\sample_datasets\image_dataset\Happy\Happy_143.png,Happy,1362,6aa09afad9b9042891ce7a9980b22616c8b44952f317af72f58381cd9b4db89a
Happy_144.png,E:\PROJECT 33\PROJECT 33\backend\sample_datasets\image_dataset\Happy\Happy_144.png,Happy,1357,dabbcd2ffe54cdbb5e438e0851b25bbc2119a254fdcea7f19e63ed92ba1e1350
Happy_145.png,E:\PROJECT 33\PROJECT 33\backend\sample_datasets\image_dataset\Happy\Happy_145.png,Happy,1373,18b1191e59d0156edb19241fdafd7fc6cb8f7392ec059c093e3070e2bbf24913
Happy_146.png,E:\PROJECT 33\PROJECT 33\backend\sample_datasets\image_dataset\Happy\Happy_146.png,Happy,1357,52a6e92cc55e9125b94aa20331d56ab01cd248e36b1f9f6afde17fe09bdf6373
Happy_147.png,E:\PROJECT 33\PROJECT 33\backend\sample_datasets\image_dataset\Happy\Happy_147.png,Happy,1383,fe6e9fb816c78d733d5f4c1ead446c99a2983fd992a88c8bae92f5d1351ce9d8
Happy_148.png,E:\PROJECT 33\PROJECT 33\backend\sample_datasets\image_dataset\Happy\Happy_148.png,Happy,1348,9b692e3d639c7decac716c016befe6432916ac1c638f73ba2507366745693f33
Happy_149.png,E:\PROJECT 33\PROJECT 33\backend\sample_datasets\image_dataset\Happy\Happy_149.png,Happy,1349,68f435d48a8b90374b66f4679a36f9ad0b5bfb30988c5539399cf8a519d9c122
Happy_150.png,E:\PROJECT 33\PROJECT 33\backend\sample_datasets\image_dataset\Happy\Happy_150.png,Happy,1376,942b176182ba98fe81f9252666a0d460ed09b750c53e26dba34992ef38eb6668
Happy_151.png,E:\PROJECT 33\PROJECT 33\backend\sample_datasets\image_dataset\Happy\Happy_151.png,Happy,1366,80830af243f40a8016a3d40781ae7c10791dcc32376f9c986100b7903fd58396
Happy_152.png,E:\PROJECT 33\PROJECT 33\backend\sample_datasets\image_dataset\Happy\Happy_152.png,Happy,1344,5829d70db39a50e22498c48bd97d54732174b02d22e8137a4c71a277aa19a1e5
Happy_153.png,E:\PROJECT 33\PROJECT 33\backend\sample_datasets\image_dataset\Happy\Happy_153.png,Happy,1355,9f1bb63eab875e76415e56537f692d911eb91de4ff76b9689afee592713e9f6f
Happy_154.png,E:\PROJECT 33\PROJECT 33\backend\sample_datasets\image_dataset\Happy\Happy_154.png,Happy,1364,282f6a184baedad807ac5bba5e2f9ffcbce0a358a2e09fe9f15930dacb5ffff1
Happy_155.png,E:\PROJECT 33\PROJECT 33\backend\sample_datasets\image_dataset\Happy\Happy_155.png,Happy,1373,f278488e8e6786f46baf2c208cbbfc94b9ada7f9a2507b47a15a968d8a28193c
Happy_156.png,E:\PROJECT 33\PROJECT 33\backend\sample_datasets\image_dataset\Happy\Happy_156.png,Happy,1366,4ea981ef53bc116d8b4049e3ae323465c97ec8e23dedc2b96a265853b3af9ae8
Happy_157.png,E:\PROJECT 33\PROJECT 33\backend\sample_datasets\image_dataset\Happy\Happy_157.png,Happy,1366,bc1b5b2baefc6ca44d949dc70a1df29f0119d024c3efd44af3b80ecfce6d99bc
Happy_158.png,E:\PROJECT 33\PROJECT 33\backend\sample_datasets\image_dataset\Happy\Happy_158.png,Happy,1363,a0d54e6252cd673c57b81042f8c25ae4352c95dec3263558b81c92b94f55d064
Happy_159.png,E:\PROJECT 33\PROJECT 33\backend\sample_datasets\image_dataset\Happy\Happy_159.png,Happy,1384,19b8a38926929440470be85c6ee87b8bc03b43bb186b80c375d29c2b00cfeea1
Happy_160.png,E:\PROJECT 33\PROJECT 33\backend\sample_datasets\image_dataset\Happy\Happy_160.png,Happy,1361,dcf6a83ac205a5c6b9a5f95d18ddcc82f2a4f23bb80e87d03a06be5751154ab2
Happy_161.png,E:\PROJECT 33\PROJECT 33\backend\sample_datasets\image_dataset\Happy\Happy_161.png,Happy,1366,3e1f878b580ac4942a51bdfd04cf7501057db2de42479bfcd16825cfd263c2cf
Happy_162.png,E:\PROJECT 33\PROJECT 33\backend\sample_datasets\image_dataset\Happy\Happy_162.png,Happy,1355,3cb380c883217b5645d9989e2a99d89f0a1d83014fa518500e8939f109ca9de9
Happy_163.png,E:\PROJECT 33\PROJECT 33\backend\sample_datasets\image_dataset\Happy\Happy_163.png,Happy,1358,dc44e06faf4ef953e8469b7bd14fd2cc6fe08284feb4fa9033a627ca89e0120c
Happy_164.png,E:\PROJECT 33\PROJECT 33\backend\sample_datasets\image_dataset\Happy\Happy_164.png,Happy,1359,5de1c852aca3989c844bc25e8ab5daec220777faece8c3819479d4e8f05859b1
Happy_165.png,E:\PROJECT 33\PROJECT 33\backend\sample_datasets\image_dataset\Happy\Happy_165.png,Happy,1384,5a533be6a09507da48298d79480967e3c86e902791ab71f1211bdc92e7dfc5cb
Happy_166.png,E:\PROJECT 33\PROJECT 33\backend\sample_datasets\image_dataset\Happy\Happy_166.png,Happy,1356,ade9121888701916126286dd9635035e152bd97838a3f5e66b77a9ae4bf62c4c
Happy_167.png,E:\PROJECT 33\PROJECT 33\backend\sample_datasets\image_dataset\Happy\Happy_167.png,Happy,1364,7923d6f359c97b044c9595cf83c2f9ac28c9077a3eee0d0a573c627f4b128030
Happy_168.png,E:\PROJECT 33\PROJECT 33\backend\sample_datasets\image_dataset\Happy\Happy_168.png,Happy,1371,5a37fc48a323787fd2e6339b8e91122a30e79b35e55f3ce36642e27cdc10851a
Happy_169.png,E:\PROJECT 33\PROJECT 33\backend\sample_datasets\image_dataset\Happy\Happy_169.png,Happy,1360,ae826d80447577ef9395e689bd5016bf9f8867bf1c7afd14847387c4f964e1ad
Happy_170.png,E:\PROJECT 33\PROJECT 33\backend\sample_datasets\image_dataset\Happy\Happy_170.png,Happy,1367,0670e7d8fa0771a16965f2977288bfb28083eab1659addd3c05f4c5904d0d490
Happy_171.png,E:\PROJECT 33\PROJECT 33\backend\sample_datasets\image_dataset\Happy\Happy_171.png,Happy,1373,1cd02bf321171b834eb976cb152694b838d6074cceed70bc425872a32c836abe
Happy_172.png,E:\PROJECT 33\PROJECT 33\backend\sample_datasets\image_dataset\Happy\Happy_172.png,Happy,1367,7ff1b3363a488241dfffc91010b89b540541984300b3c2355b61dfe5ac0e70bd
Happy_173.png,E:\PROJECT 33\PROJECT 33\backend\sample_datasets\image_dataset\Happy\Happy_173.png,Happy,1362,8c1176040c5ea2142432b8db40443b1cce3bc3dd2046b7b8e55a6df38f03ee7c
Happy_174.png,E:\PROJECT 33\PROJECT 33\backend\sample_datasets\image_dataset\Happy\Happy_174.png,Happy,1350,207bed54553e01268809fbf110197a759eadd4bfaf3c6357a3101d2eba27c96e
Happy_175.png,E:\PROJECT 33\PROJECT 33\backend\sample_datasets\image_dataset\Happy\Happy_175.png,Happy,1362,4d18c608c27c6fd0eb05b4b2165cef0fe6f7c959886f93e2452bf1ef9b076a0c
Happy_176.png,E:\PROJECT 33\PROJECT 33\backend\sample_datasets\image_dataset\Happy\Happy_176.png,Happy,1365,06d08c7a53e001b660160b21731e3ba12aab8b2b4d3b5b7ca3cd38436f32b81d
Happy_177.png,E:\PROJECT 33\PROJECT 33\backend\sample_datasets\image_dataset\Happy\Happy_177.png,Happy,1377,67a90cf814e1a6c06ecf9fdac7eb8f4faddf2fd39316b3e011ed4738da2b5957
Happy_178.png,E:\PROJECT 33\PROJECT 33\backend\sample_datasets\image_dataset\Happy\Happy_178.png,Happy,1367,6d8e22df4a1ea76ef929238a756b7fd2f88d51af43f81395af6a1cde737a8a5c
Happy_179.png,E:\PROJECT 33\PROJECT 33\backend\sample_datasets\image_dataset\Happy\Happy_179.png,Happy,1366,4c8f248e2210675184ef714b7467f497ae72e76f429f823501a944a39e9a35ab
Happy_180.png,E:\PROJECT 33\PROJECT 33\backend\sample_datasets\image_dataset\Happy\Happy_180.png,Happy,1368,cfbccad017717099b4f83cd24418113117a6126cb357f1f7639a0e562246a6ca
Happy_181.png,E:\PROJECT 33\PROJECT 33\backend\sample_datasets\image_dataset\Happy\Happy_181.png,Happy,1349,add7394f1a918c017f51c10364e3091491b5a82a2be256385d082507ee9a149a
Happy_182.png,E:\PROJECT 33\PROJECT 33\backend\sample_datasets\image_dataset\Happy\Happy_182.png,Happy,1368,004755ce65ec040497d46914ae61f35e0e1239b1e65b8f4f676b662ace7b86ad
Happy_183.png,E:\PROJECT 33\PROJECT 33\backend\sample_datasets\image_dataset\Happy\Happy_183.png,Happy,1368,00c31a9b96a5fb4449e9bc8a74dbd124b11b540e3e2a1129a725696328d9597d
Happy_184.png,E:\PROJECT 33\PROJECT 33\backend\sample_datasets\image_dataset\Happy\Happy_184.png,Happy,1369,94c4c7ff80aedb4472bb3f73a41f02aeb266472b100cab577f008e4d3bbb5aa5
Happy_185.png,E:\PROJECT 33\PROJECT 33\backend\sample_datasets\image_dataset\Happy\Happy_185.png,Happy,1367,4026d908239852f39d08823a24b8c42a13f5aa3ae5c1eff59c1aae0ad8ec1610
Happy_186.png,E:\PROJECT 33\PROJECT 33\backend\sample_datasets\image_dataset\Happy\Happy_186.png,Happy,1362,d0b2497081955c070ad224214ebdeaa3155d22ee4db37c19e40baa573b176f13
Happy_187.png,E:\PROJECT 33\PROJECT 33\backend\sample_datasets\image_dataset\Happy\Happy_187.png,Happy,1368,61a4a2faed14f13701c9cc4fc16a8ef98c943e628b08d3e5e6cdcb815f6294f9
Happy_188.png,E:\PROJECT 33\PROJECT 33\backend\sample_datasets\image_dataset\Happy\Happy_188.png,Happy,1364,065bd1d4af72b30d2ca92f27c85e4ec9c80f832697798af7ebb8fc150275e208
Happy_189.png,E:\PROJECT 33\PROJECT 33\backend\sample_datasets\image_dataset\Happy\Happy_189.png,Happy,1338,368937c70f290641106a0d85a314f81a281b94e06742bb63c3276477e4843067
Happy_190.png,E:\PROJECT 33\PROJECT 33\backend\sample_datasets\image_dataset\Happy\Happy_190.png,Happy,1359,e4056344fd17b656ec86dd16453c37cd2a628cd4c7814e8593c4080460e34134
Happy_191.png,E:\PROJECT 33\PROJECT 33\backend\sample_datasets\image_dataset\Happy\Happy_191.png,Happy,1363,15ba38d0b1038d00074435bebea061e97f0418a9d5dd6f48efa87b274d6b9dfe
Happy_192.png,E:\PROJECT 33\PROJECT 33\backend\sample_datasets\image_dataset\Happy\Happy_192.png,Happy,1354,fc946dbc9dd4f70ce3467a97b40674035731698f779579fd3f882c7f81a946d8
Happy_193.png,E:\PROJECT 33\PROJECT 33\backend\sample_datasets\image_dataset\Happy\Happy_193.png,Happy,1376,9cb614586a2cbe5a20c78d226bf39abda26b64073567f35d951745319f5b7cb8
Happy_194.png,E:\PROJECT 33\PROJECT 33\backend\sample_datasets\image_dataset\Happy\Happy_194.png,Happy,1374,53e1eeb409afd1a0415731596b854d093cdda446049c80dd28f625730399b3ff
Happy_195.png,E:\PROJECT 33\PROJECT 33\backend\sample_datasets\image_dataset\Happy\Happy_195.png,Happy,1346,5938cb4f794310503fd3da04b731a69d8bca9f7f71e7a45557636a4935056664
Happy_196.png,E:\PROJECT 33\PROJECT 33\backend\sample_datasets\image_dataset\Happy\Happy_196.png,Happy,1370,ca5fdca6c99e7aa6aa2b1d1f156bb2d5f82c590c28842376729bb2feff2e5f11
Happy_197.png,E:\PROJECT 33\PROJECT 33\backend\sample_datasets\image_dataset\Happy\Happy_197.png,Happy,1355,0473c0c6ca033214c76decab728825c64add5e8f7266d313c8dd082ab3659662
Happy_198.png,E:\PROJECT 33\PROJECT 33\backend\sample_datasets\image_dataset\Happy\Happy_198.png,Happy,1369,e9fa4b7c0db372375132372b8bc04053441b0ca7af12485fc2c5a4aab38de099
Happy_199.png,E:\PROJECT 33\PROJECT 33\backend\sample_datasets\image_dataset\Happy\Happy_199.png,Happy,1386,b3f47359421287a16f2f395e6d242767bf1a9e9146cdd8aa2477efa07d2d6434
Happy_200.png,E:\PROJECT 33\PROJECT 33\backend\sample_datasets\image_dataset\Happy\Happy_200.png,Happy,1365,8335f17003b7bc990c8c39c2a13beaf45e5b7636baade8be0b67fadcc6e29c72
Happy_201.png,E:\PROJECT 33\PROJECT 33\backend\sample_datasets\image_dataset\Happy\Happy_201.png,Happy,1352,1eb50e0aa836da2cbe461f0bf726bedd8ce8cd3a5affd98f0760d078ee38146c
Happy_202.png,E:\PROJECT 33\PROJECT 33\backend\sample_datasets\image_dataset\Happy\Happy_202.png,Happy,1368,7736efbe3e88f273f1063bdc12b085cb7085162a554e6244d7fdb9e095929baa
Happy_203.png,E:\PROJECT 33\PROJECT 33\backend\sample_datasets\image_dataset\Happy\Happy_203.png,Happy,1362,ac1204ccf4a14230e9d4a776c7b3ef5c605012aa77738e9e53ca13a30ea0393e
Happy_204.png,E:\PROJECT 33\PROJECT 33\backend\sample_datasets\image_dataset\Happy\Happy_204.png,Happy,1376,83a46e569e6d41111fae9dab4f9513f03486d4394726800e677dd6986d97a039
Happy_205.png,E:\PROJECT 33\PROJECT 33\backend\sample_datasets\image_dataset\Happy\Happy_205.png,Happy,1364,3e2133eb57cbc8f1ee0a000263bb0bf535dd94d68a0ec6c5619f86905299ecfd
Happy_206.png,E:\PROJECT 33\PROJECT 33\backend\sample_datasets\image_dataset\Happy\Happy_206.png,Happy,1358,71f356982dbf696adcd9d58df5bac59b0482e6886b6b2836c8f7d99d6f3f30ce
Happy_207.png,E:\PROJECT 33\PROJECT 33\backend\sample_datasets\image_dataset\Happy\Happy_207.png,Happy,1358,8b003a3946398fd2f96ba0f5624ca5e2964dcda369b63e75419240aedb1fe89b
Happy_208.png,E:\PROJECT 33\PROJECT 33\backend\sample_datasets\image_dataset\Happy\Happy_208.png,Happy,1374,603e58cf5d5d0cc2f3f32799cf7e173ec4bc2f99f856c72cdba9f891c339e6fd
Happy_209.png,E:\PROJECT 33\PROJECT 33\backend\sample_datasets\image_dataset\Happy\Happy_209.png,Happy,1377,5332d4e795b4040d3c4d442cf5ea80c1e551fbb5fba92b8bb6f5235500eef41f
Happy_210.png,E:\PROJECT 33\PROJECT 33\backend\sample_datasets\image_dataset\Happy\Happy_210.png,Happy,1360,a07d9100274db49cc5dcfa7e18908640fb6ff1cce45dc52ce3f47353402d8df3
Happy_211.png,E:\PROJECT 33\PROJECT 33\backend\sample_datasets\image_dataset\Happy\Happy_211.png,Happy,1362,b35edf92fd3e5fea92c79613f7d9462b3764143acd1442a189a25bb1b6b0089f
Happy_212.png,E:\PROJECT 33\PROJECT 33\backend\sample_datasets\image_dataset\Happy\Happy_212.png,Happy,1367,5d6e33576228108695bd45424c7fdce08b4e9d6c571822000e221d1bb6ec891f
Happy_213.png,E:\PROJECT 33\PROJECT 33\backend\sample_datasets\image_dataset\Happy\Happy_213.png,Happy,1351,4b679b0dd4442c9910fd4f0ae1f2d3821699e65f1b2eab3bbeb92bffb0d1bb8a
Happy_214.png,E:\PROJECT 33\PROJECT 33\backend\sample_datasets\image_dataset\Happy\Happy_214.png,Happy,1369,41612e51e48602b5abf322f71d0be5dd6896310bdcaee991a08f2acc00bed1e6
Happy_215.png,E:\PROJECT 33\PROJECT 33\backend\sample_datasets\image_dataset\Happy\Happy_215.png,Happy,1364,5440cd0a237e92a4059a32998878d3fe9bcd45483491eea5c1a755b7dac0a121
Happy_216.png,E:\PROJECT 33\PROJECT 33\backend\sample_datasets\image_dataset\Happy\Happy_216.png,Happy,1378,3cc86951d487681a52d36225d69331f2c6b4611de4d15b521788b06a894d23c0
Happy_217.png,E:\PROJECT 33\PROJECT 33\backend\sample_datasets\image_dataset\Happy\Happy_217.png,Happy,1339,e6efe94e1f03a3f71c9a712c49a2049745c734d08069f890c00c0f6f4071cf5e
Happy_218.png,E:\PROJECT 33\PROJECT 33\backend\sample_datasets\image_dataset\Happy\Happy_218.png,Happy,1364,3cdaf81f76dbdf65034be5f0c13a7bbeca1110d386e9c33c5fa3be25fd25d20c
Happy_219.png,E:\PROJECT 33\PROJECT 33\backend\sample_datasets\image_dataset\Happy\Happy_219.png,Happy,1362,32f21faa00ac88eee864a3d1857b6687b12e67a9ea930231f07fe43330f0ad7c
Happy_220.png,E:\PROJECT 33\PROJECT 33\backend\sample_datasets\image_dataset\Happy\Happy_220.png,Happy,1354,ee1e2db823dbeb8b47be5f537d0fd806d4b873a7ccd306bfd41beb86fbf1d6fe
Happy_221.png,E:\PROJECT 33\PROJECT 33\backend\sample_datasets\image_dataset\Happy\Happy_221.png,Happy,1375,49400e5f125c949152147c9794d4378e282b60266dda54abefd4d19e7b6420ff
Happy_222.png,E:\PROJECT 33\PROJECT 33\backend\sample_datasets\image_dataset\Happy\Happy_222.png,Happy,1382,dd590753e6b137c10fca5b06809e07b156239a875cba0528306d1a61afd0fc2f
Happy_223.png,E:\PROJECT 33\PROJECT 33\backend\sample_datasets\image_dataset\Happy\Happy_223.png,Happy,1371,d3d6059e164f1b4cef287c8c33bffbd7ef1895ca5cdfbe853de60db04dc1dcda
Happy_224.png,E:\PROJECT 33\PROJECT 33\backend\sample_datasets\image_dataset\Happy\Happy_224.png,Happy,1370,869ed690a77e4b5e75897e39c261f434e2d3179e4c0fc587246eac064b298b8c
Happy_225.png,E:\PROJECT 33\PROJECT 33\backend\sample_datasets\image_dataset\Happy\Happy_225.png,Happy,1383,1debd914807845a679c496fede98c857560724ebe7e65e7d80deba1ecc0c081f
Happy_226.png,E:\PROJECT 33\PROJECT 33\backend\sample_datasets\image_dataset\Happy\Happy_226.png,Happy,1367,6d72b314a7266b125cfcb1841f42a785ea8fca86d7eb9d5474c0d28353040c2c
Happy_227.png,E:\PROJECT 33\PROJECT 33\backend\sample_datasets\image_dataset\Happy\Happy_227.png,Happy,1346,656785bb8b1843dfa825752fbcabe160594bb6c13bc14cdce5fd8923b843012b
Happy_228.png,E:\PROJECT 33\PROJECT 33\backend\sample_datasets\image_dataset\Happy\Happy_228.png,Happy,1360,2ad7cb0b87536ae362f4f549ac91f01f146e676e2bed6f19bca89d44eaf7165b
Happy_229.png,E:\PROJECT 33\PROJECT 33\backend\sample_datasets\image_dataset\Happy\Happy_229.png,Happy,1379,d2120eb3880ed2543ea48836b48cd7bf9bae8834e3734dae8345b9961714f57f
Happy_230.png,E:\PROJECT 33\PROJECT 33\backend\sample_datasets\image_dataset\Happy\Happy_230.png,Happy,1349,31d90240edfeef9e8a08699630062a07710da2db13d6d6e8f0c99938439d78a6
Happy_231.png,E:\PROJECT 33\PROJECT 33\backend\sample_datasets\image_dataset\Happy\Happy_231.png,Happy,1363,9eed0a33a00f52281c461d2188ebabf5876208f2458e44f916c37c516321fe47
Happy_232.png,E:\PROJECT 33\PROJECT 33\backend\sample_datasets\image_dataset\Happy\Happy_232.png,Happy,1383,b4f0961e1aaa58b970206ba10ac0c0ec3578a774db98a3162938139a21e5f1f8
Happy_233.png,E:\PROJECT 33\PROJECT 33\backend\sample_datasets\image_dataset\Happy\Happy_233.png,Happy,1361,ddf8c34199b1efadc02c587736832685be94fa6cb65fb82a9bccb2dbcddf3d55
Happy_234.png,E:\PROJECT 33\PROJECT 33\backend\sample_datasets\image_dataset\Happy\Happy_234.png,Happy,1351,4e09b55d8086a5cc6207ceabbe6ff4d0eb0bf101842ff069d82002e44124370b
Happy_235.png,E:\PROJECT 33\PROJECT 33\backend\sample_datasets\image_dataset\Happy\Happy_235.png,Happy,1369,d2160e89e8e03835efb48ae272772f4fdfa1dba06d2b11621d08b3355a4c855e
Happy_236.png,E:\PROJECT 33\PROJECT 33\backend\sample_datasets\image_dataset\Happy\Happy_236.png,Happy,1382,09ba3f55dc6ef8cd28e61915cd7103f728fd62e9204024e4630d77d61ad93acd
Happy_237.png,E:\PROJECT 33\PROJECT 33\backend\sample_datasets\image_dataset\Happy\Happy_237.png,Happy,1362,796f54b495fbee7e71fe5fc0f277e29105051952e97fd7a7f7aae279bd072735
Happy_238.png,E:\PROJECT 33\PROJECT 33\backend\sample_datasets\image_dataset\Happy\Happy_238.png,Happy,1359,cb3920fb4701caf8524dcfa51ebb069f85bbe9f2ae28497037df0572ee92d863
Happy_239.png,E:\PROJECT 33\PROJECT 33\backend\sample_datasets\image_dataset\Happy\Happy_239.png,Happy,1379,e3b8feaf385d6e74b8a3a3b672958b47dc921a874e9ec28d11d7dd902ddb708f
Happy_240.png,E:\PROJECT 33\PROJECT 33\backend\sample_datasets\image_dataset\Happy\Happy_240.png,Happy,1365,7be277167f29e5f033344d9d23aa8a7bffa94044cdc7779ac745022c2df489ce
Happy_241.png,E:\PROJECT 33\PROJECT 33\backend\sample_datasets\image_dataset\Happy\Happy_241.png,Happy,1360,191e3ed3fbccbf209249b45f6162fec7d5c923ddbbe7976732865890879435a0
Happy_242.png,E:\PROJECT 33\PROJECT 33\backend\sample_datasets\image_dataset\Happy\Happy_242.png,Happy,1371,1f50a8fa1edcfff05ecac57897dc8f561f636838e59fd6d5032f9d1963f83ce7
Happy_243.png,E:\PROJECT 33\PROJECT 33\backend\sample_datasets\image_dataset\Happy\Happy_243.png,Happy,1380,f8b7bb01164992857024bffdf76d6cb406985829a889a09ff20f2e777f85dcf7
Happy_244.png,E:\PROJECT 33\PROJECT 33\backend\sample_datasets\image_dataset\Happy\Happy_244.png,Happy,1366,392a30412fe53b9735f2edc0bc7b2be63e003a9e9282c48d24d1c8c374c1cb33
Happy_245.png,E:\PROJECT 33\PROJECT 33\backend\sample_datasets\image_dataset\Happy\Happy_245.png,Happy,1379,61b73e0152dbe59b539107aa3d8988898fe2e9342a0d45c518857d0fabf16e3f
Happy_246.png,E:\PROJECT 33\PROJECT 33\backend\sample_datasets\image_dataset\Happy\Happy_246.png,Happy,1366,5e8c8fa65adb239186c29a49cdca5900580aa10c799794c316223a2fea7fc746
Happy_247.png,E:\PROJECT 33\PROJECT 33\backend\sample_datasets\image_dataset\Happy\Happy_247.png,Happy,1343,d80edec5a49aae3264318262441e5234ab9a85607ce6dfae85adc07c44bf9aa8
Happy_248.png,E:\PROJECT 33\PROJECT 33\backend\sample_datasets\image_dataset\Happy\Happy_248.png,Happy,1377,4b43f28d7f875ed6775681e55b56687ba192c933b937283466b13caa934136bd
Happy_249.png,E:\PROJECT 33\PROJECT 33\backend\sample_datasets\image_dataset\Happy\Happy_249.png,Happy,1354,f60e9180a68741ec1557e4a8c960abc4e79f6d39554a67cc633f41bf4e09ffa3
Sad_000.png,E:\PROJECT 33\PROJECT 33\backend\sample_datasets\image_dataset\Sad\Sad_000.png,Sad,1398,82af19c8d0fb0281bfc60b05d8e0c6b1b5b73550eb6ddfb6ca83ef94a4f3b1df
Sad_001.png,E:\PROJECT 33\PROJECT 33\backend\sample_datasets\image_dataset\Sad\Sad_001.png,Sad,1401,7db0197e38b2c4727b37965e67c9d0d093f97473aea8a7de0e55ec235beaff4c
Sad_002.png,E:\PROJECT 33\PROJECT 33\backend\sample_datasets\image_dataset\Sad\Sad_002.png,Sad,1387,991646b37706308522aff4c5e951f1444fa52cbdf06b62811ee25855782b021e
Sad_003.png,E:\PROJECT 33\PROJECT 33\backend\sample_datasets\image_dataset\Sad\Sad_003.png,Sad,1399,7fcdda58b533549b2e8cc377d9fd3982a63545fc0afbb3d1862f227d44809882
Sad_004.png,E:\PROJECT 33\PROJECT 33\backend\sample_datasets\image_dataset\Sad\Sad_004.png,Sad,1409,739e1cfd8844f1c5ca270b66ca87467dd11883a5300b8e34627a3273af539b26
Sad_005.png,E:\PROJECT 33\PROJECT 33\backend\sample_datasets\image_dataset\Sad\Sad_005.png,Sad,1427,55c9adb07947932e7ae6ffe374bc40822387a8f538d8574874963bdefee5974c
Sad_006.png,E:\PROJECT 33\PROJECT 33\backend\sample_datasets\image_dataset\Sad\Sad_006.png,Sad,1405,a6a710bb6886aff9a4ff761e5c4b6fdd05c85991966c512726db8884fb1905a8
Sad_007.png,E:\PROJECT 33\PROJECT 33\backend\sample_datasets\image_dataset\Sad\Sad_007.png,Sad,1387,c2aca7847ee646dd1a937787bc4c04ebaefcff047815e661411314ce6d8dbde4
Sad_008.png,E:\PROJECT 33\PROJECT 33\backend\sample_datasets\image_dataset\Sad\Sad_008.png,Sad,1431,4dd465b98dae4a67b8795adbf6cc5015e13a8bf134d82684d3cccc41223700a3
Sad_009.png,E:\PROJECT 33\PROJECT 33\backend\sample_datasets\image_dataset\Sad\Sad_009.png,Sad,1394,a3794989bdbec89e5f98237f4d05a3f5870b0170a04dc9e20484dc0641cfe80d
Sad_010.png,E:\PROJECT 33\PROJECT 33\backend\sample_datasets\image_dataset\Sad\Sad_010.png,Sad,1422,6aafabb51258c584be077201784b2d2d72a6bf6187d2edd54ea33afd86e694e0
Sad_011.png,E:\PROJECT 33\PROJECT 33\backend\sample_datasets\image_dataset\Sad\Sad_011.png,Sad,1409,08d17adb8408d976f76bebdc705356198baf72eb7b334379d5bcc78dca458074
Sad_012.png,E:\PROJECT 33\PROJECT 33\backend\sample_datasets\image_dataset\Sad\Sad_012.png,Sad,1402,63aa483e4e6e004fc550689a6283a4d534ff31076bcf1a390720a2be677c7dba
Sad_013.png,E:\PROJECT 33\PROJECT 33\backend\sample_datasets\image_dataset\Sad\Sad_013.png,Sad,1395,88ea5eb466f7bd650d23e211f3d8e5f3867a9a44e40026cd4808a12ff9767eea
Sad_014.png,E:\PROJECT 33\PROJECT 33\backend\sample_datasets\image_dataset\Sad\Sad_014.png,Sad,1418,0df62a70247a42d6a6e5dbc7901bd050ac62fcd990501b7fc97a6f622c0764f7
Sad_015.png,E:\PROJECT 33\PROJECT 33\backend\sample_datasets\image_dataset\Sad\Sad_015.png,Sad,1391,6862935b1dc0573e97a08c06873cb42d24f4514da54667b7311c8f777d4ce424
Sad_016.png,E:\PROJECT 33\PROJECT 33\backend\sample_datasets\image_dataset\Sad\Sad_016.png,Sad,1429,a6da909a8e35cdf311d37b8ed24b0d9ec2cdbddba146770f151cd25ea9ef21dd
Sad_017.png,E:\PROJECT 33\PROJECT 33\backend\sample_datasets\image_dataset\Sad\Sad_017.png,Sad,1402,e943151ff6001157e46a579b927b359baab8760f09ca7f965a67707347af082b
Sad_018.png,E:\PROJECT 33\PROJECT 33\backend\sample_datasets\image_dataset\Sad\Sad_018.png,Sad,1428,72206471af9b0c1496f3568f1a645ba605bd13e18c4d438d5310ae0169d7881d
Sad_019.png,E:\PROJECT 33\PROJECT 33\backend\sample_datasets\image_dataset\Sad\Sad_019.png,Sad,1419,f60e0933cf8fba838d2494562cf5d4807956d429efb715846a0aa59b601b532e
Sad_020.png,E:\PROJECT 33\PROJECT 33\backend\sample_datasets\image_dataset\Sad\Sad_020.png,Sad,1400,8768fd9c545f25f6433ea03ef16bf0330fa2a638539ce7a4a185e460f4586521
Sad_021.png,E:\PROJECT 33\PROJECT 33\backend\sample_datasets\image_dataset\Sad\Sad_021.png,Sad,1412,63f1e309c3f044da570b9bca9d6568e378b0bacad00f8a5aad118b36a7c8aa2e
Sad_022.png,E:\PROJECT 33\PROJECT 33\backend\sample_datasets\image_dataset\Sad\Sad_022.png,Sad,1413,7f3ef9d576e1f569bcc938b44d0af05fe1fe9aeb50ca6da5d5b7c3f52a0e135d
Sad_023.png,E:\PROJECT 33\PROJECT 33\backend\sample_datasets\image_dataset\Sad\Sad_023.png,Sad,1407,33a1f401b357de45dd4ba909aaa820f6c76206ab5b428350a2d9a131d4a12786
Sad_024.png,E:\PROJECT 33\PROJECT 33\backend\sample_datasets\image_dataset\Sad\Sad_024.png,Sad,1388,93821b9ea98aacd1620f5e1e0252c13d2e3dd4c700df0d658662370b2908f40d
Sad_025.png,E:\PROJECT 33\PROJECT 33\backend\sample_datasets\image_dataset\Sad\Sad_025.png,Sad,1413,ec1788599597ab7ac177930d646cdc3edb620b37238076222d9098756a9dc35d
Sad_026.png,E:\PROJECT 33\PROJECT 33\backend\sample_datasets\image_dataset\Sad\Sad_026.png,Sad,1409,66a0b4c810409cd23ef07a2bab2e8eea88f91c1b4e6b0028c9b26d94a270173d
Sad_027.png,E:\PROJECT 33\PROJECT 33\backend\sample_datasets\image_dataset\Sad\Sad_027.png,Sad,1418,3e45a876a465f295daf18eab841081a9b1391cbef22ae10895b53ae953f3bc04
Sad_028.png,E:\PROJECT 33\PROJECT 33\backend\sample_datasets\image_dataset\Sad\Sad_028.png,Sad,1417,6f118bec0018b955a05833552c0c374dfa70a94df247fd03ea5ecdea67a44274
Sad_029.png,E:\PROJECT 33\PROJECT 33\backend\sample_datasets\image_dataset\Sad\Sad_029.png,Sad,1418,5f9db755bc343a3cf1b82e7e7594838e8194660b3c07efc7df38971ad51db882
Sad_030.png,E:\PROJECT 33\PROJECT 33\backend\sample_datasets\image_dataset\Sad\Sad_030.png,Sad,1410,eebcf9f1c58f54b61d28d92f1be7f87061f7a0db3f2e52eb7ec7fe7c0b3224b0
Sad_031.png,E:\PROJECT 33\PROJECT 33\backend\sample_datasets\image_dataset\Sad\Sad_031.png,Sad,1407,ad2660759f1aa4ae26eabca4df8fa361f151f80f34e0ea31007cf42e2ca96bbb
Sad_032.png,E:\PROJECT 33\PROJECT 33\backend\sample_datasets\image_dataset\Sad\Sad_032.png,Sad,1411,644034b3795cc0e4ef756f372e3dd618881bd0874116a7d3f2d4e62db2024966
Sad_033.png,E:\PROJECT 33\PROJECT 33\backend\sample_datasets\image_dataset\Sad\Sad_033.png,Sad,1414,8dbdcd5edae5c7534091941a3d24061400f56c98bb13ac9dc4e4662f875d87e3
Sad_034.png,E:\PROJECT 33\PROJECT 33\backend\sample_datasets\image_dataset\Sad\Sad_034.png,Sad,1411,5e4830cf446e892ad7d9a2574a79f8206eeffedb91c767f58336b291a5a945b7
Sad_035.png,E:\PROJECT 33\PROJECT 33\backend\sample_datasets\image_dataset\Sad\Sad_035.png,Sad,1397,1a8c635b2476de805db63713bfd3d0a31c1c9531c2a6f8f311341b6dc35c34cc
Sad_036.png,E:\PROJECT 33\PROJECT 33\backend\sample_datasets\image_dataset\Sad\Sad_036.png,Sad,1408,242ed6c21aafd4dca177adc2df10dee72e3a3fc46b77a945e214b92b48d310a0
Sad_037.png,E:\PROJECT 33\PROJECT 33\backend\sample_datasets\image_dataset\Sad\Sad_037.png,Sad,1408,3609667361034aec6bc0e8070c27d764426165017e8cd6970d0cb77de1468d9c
Sad_038.png,E:\PROJECT 33\PROJECT 33\backend\sample_datasets\image_dataset\Sad\Sad_038.png,Sad,1427,3f5b25efaeda68468ef8bce9ed1512f5e3704ad0cb525373306f5a476feec315
Sad_039.png,E:\PROJECT 33\PROJECT 33\backend\sample_datasets\image_dataset\Sad\Sad_039.png,Sad,1427,f6515b453d39460bf1ea4e217dabbc72165ef92b8c52b65207d669a9935d8464
Sad_040.png,E:\PROJECT 33\PROJECT 33\backend\sample_datasets\image_dataset\Sad\Sad_040.png,Sad,1408,72dbe15dcd1252793d71466e92f2adbd9b67c9b17d53bc340a435a26b5fda0d5
Sad_041.png,E:\PROJECT 33\PROJECT 33\backend\sample_datasets\image_dataset\Sad\Sad_041.png,Sad,1410,54cc899d62e8168b95f6d402783301ddbb0c2bda8ec42c38c41aadb37427425f
Sad_042.png,E:\PROJECT 33\PROJECT 33\backend\sample_datasets\image_dataset\Sad\Sad_042.png,Sad,1420,c945bd41f83696f8281e7eb412804603ae33e7c61fbeda259596b32fae09adb7
Sad_043.png,E:\PROJECT 33\PROJECT 33\backend\sample_datasets\image_dataset\Sad\Sad_043.png,Sad,1391,57a30b57920e4ac49ef34572273bbb102d7edf9166d97e8c0b465f3401d7130a
Sad_044.png,E:\PROJECT 33\PROJECT 33\backend\sample_datasets\image_dataset\Sad\Sad_044.png,Sad,1409,e4d6f0debdd84f0442d6dbca2f6fa1a2ac273d17eafa573ad54e9b5c9dc9a978
Sad_045.png,E:\PROJECT 33\PROJECT 33\backend\sample_datasets\image_dataset\Sad\Sad_045.png,Sad,1407,84e321bcd51e13f193f96cbb3078a6cb86639773631baceafd19939a900d3364
Sad_046.png,E:\PROJECT 33\PROJECT 33\backend\sample_datasets\image_dataset\Sad\Sad_046.png,Sad,1422,96c86991744595a26db8ca413eaaeaa3ddb62d38c5dea0d5da7b03fbfdf65566
Sad_047.png,E:\PROJECT 33\PROJECT 33\backend\sample_datasets\image_dataset\Sad\Sad_047.png,Sad,1408,7250de7a27edf56ca3391e1e4d5fd163ea9bfb3164411b8f9d81ea5b2d404dd2
Sad_048.png,E:\PROJECT 33\PROJECT 33\backend\sample_datasets\image_dataset\Sad\Sad_048.png,Sad,1426,7f925d9a77195a9d075a1734d80ff8a2f3f6d78c3c817ff97099cc4a53b5071d
Sad_049.png,E:\PROJECT 33\PROJECT 33\backend\sample_datasets\image_dataset\Sad\Sad_049.png,Sad,1393,99b7370cc335dfaa8b1fb9178dec1b2e9691f1992d6d0a6907cb3c46a90e404c
Sad_050.png,E:\PROJECT 33\PROJECT 33\backend\sample_datasets\image_dataset\Sad\Sad_050.png,Sad,1428,06213f5e070ad323e4d17fd1fee51b374a8f908396eb0dd88733dd3d58800d86
Sad_051.png,E:\PROJECT 33\PROJECT 33\backend\sample_datasets\image_dataset\Sad\Sad_051.png,Sad,1401,04e4d7b3329da0600ad776bd7a79984f332aeb6007d9cb0ec1cca077fa810cc4
Sad_052.png,E:\PROJECT 33\PROJECT 33\backend\sample_datasets\image_dataset\Sad\Sad_052.png,Sad,1392,d55fcba4ad233c3111005acc093073e42896fa2a5178719b8021674b49aebe7b
Sad_053.png,E:\PROJECT 33\PROJECT 33\backend\sample_datasets\image_dataset\Sad\Sad_053.png,Sad,1391,5e690c34d5aa7b3a1a679f91ebac52d9bb0aae504e839271b8c8a4a8d9db2d35
Sad_054.png,E:\PROJECT 33\PROJECT 33\backend\sample_datasets\image_dataset\Sad\Sad_054.png,Sad,1392,253b7546a2276d34b98b03dd4b82e7170e3b26abc91496e94637f1904a61fa02
Sad_055.png,E:\PROJECT 33\PROJECT 33\backend\sample_datasets\image_dataset\Sad\Sad_055.png,Sad,1422,1b2bc0d08ef1754319042559aa1fcbb153126b2c0659c455f78797e04c5ebd3e
Sad_056.png,E:\PROJECT 33\PROJECT 33\backend\sample_datasets\image_dataset\Sad\Sad_056.png,Sad,1378,5e1a83bd55c2c743a87d956e16e0f17a2f1a1a04acccab8789c26e0424d74c05
Sad_057.png,E:\PROJECT 33\PROJECT 33\backend\sample_datasets\image_dataset\Sad\Sad_057.png,Sad,1410,3612743a43c53a55fb86483f9134e2d8fb1df54c0cc04a35c8f0fc6c294b7396
Sad_058.png,E:\PROJECT 33\PROJECT 33\backend\sample_datasets\image_dataset\Sad\Sad_058.png,Sad,1409,3b6277639c6d0bcb45da109fe97797e028f93fa44d928adc994dedb49e9f4633
Sad_059.png,E:\PROJECT 33\PROJECT 33\backend\sample_datasets\image_dataset\Sad\Sad_059.png,Sad,1401,fa31d896d3163687635b22b99dfcf75c90d6679b65a315614a895231a97fe046
Sad_060.png,E:\PROJECT 33\PROJECT 33\backend\sample_datasets\image_dataset\Sad\Sad_060.png,Sad,1408,6b279e7a400b27ba256df31160e4523afeb96d86e9c55c72cec76830fabc10b9
Sad_061.png,E:\PROJECT 33\PROJECT 33\backend\sample_datasets\image_dataset\Sad\Sad_061.png,Sad,1398,94e4c412cc7e7b5df703d860f4e16ce4805b9529e95c8fb4f2979587d1448138
Sad_062.png,E:\PROJECT 33\PROJECT 33\backend\sample_datasets\image_dataset\Sad\Sad_062.png,Sad,1427,5e0d023a011a2b965403f2d468aabb76e6f1dd4fd0ee3559d3af26cce7b7fdd9
Sad_063.png,E:\PROJECT 33\PROJECT 33\backend\sample_datasets\image_dataset\Sad\Sad_063.png,Sad,1408,94b78019d619fb872ae96907b81dd72f65d0ccef469b309f5c0ad6c2a2fb5699
Sad_064.png,E:\PROJECT 33\PROJECT 33\backend\sample_datasets\image_dataset\Sad\Sad_064.png,Sad,1429,39ddf9639a749c44b1ea8bee4526182c26106c2416d9e5c23d409540b67d391c
Sad_065.png,E:\PROJECT 33\PROJECT 33\backend\sample_datasets\image_dataset\Sad\Sad_065.png,Sad,1383,099d4e3aca5bc55879baad3340c8707d21bfca61de4a0db37f1017ff2753e429
Sad_066.png,E:\PROJECT 33\PROJECT 33\backend\sample_datasets\image_dataset\Sad\Sad_066.png,Sad,1409,d361b771553b16700505cafc2e1541e2f334192f71a8bc3b2999b893d6e92d3a
Sad_067.png,E:\PROJECT 33\PROJECT 33\backend\sample_datasets\image_dataset\Sad\Sad_067.png,Sad,1401,9b4df667ada7d390ef6d50fffab554c8eaba6c0539a7123b48ffeb4b009c2e90
Sad_068.png,E:\PROJECT 33\PROJECT 33\backend\sample_datasets\image_dataset\Sad\Sad_068.png,Sad,1409,ff32eb7ea5002f6fa0c270b42a9aa33be6f9769bb221eb13197710eb48a9ac66
Sad_069.png,E:\PROJECT 33\PROJECT 33\backend\sample_datasets\image_dataset\Sad\Sad_069.png,Sad,1409,864e8b7a2cfeeea141154cb40ff6c800cb175bf159b240d0aa7dc02e81c56da2
Sad_070.png,E:\PROJECT 33\PROJECT 33\backend\sample_datasets\image_dataset\Sad\Sad_070.png,Sad,1402,19f1c6102a2c20077d21feaff6ee2e50b44f07f42801cc838d97e0c201bac3a2
Sad_071.png,E:\PROJECT 33\PROJECT 33\backend\sample_datasets\image_dataset\Sad\Sad_071.png,Sad,1399,d6db11833e8079b03558cfe8c6ea6d1329d424b888d18ab990ddcf5bb34ba691
Sad_072.png,E:\PROJECT 33\PROJECT 33\backend\sample_datasets\image_dataset\Sad\Sad_072.png,Sad,1410,3c17e4f4ad51d4ed35308c0962010a1f48f46282dc1fd491ec592aed70610200
Sad_073.png,E:\PROJECT 33\PROJECT 33\backend\sample_datasets\image_dataset\Sad\Sad_073.png,Sad,1394,3d4d3620a6207e3e8d1c22fe0ee4c7f088f45a2b78ea3e159ecbdf148c3ba158
Sad_074.png,E:\PROJECT 33\PROJECT 33\backend\sample_datasets\image_dataset\Sad\Sad_074.png,Sad,1405,746f453965ac2bff2e3e2dc6d373b5f694f9376b90207300c390d26f98c8fa4e
Sad_075.png,E:\PROJECT 33\PROJECT 33\backend\sample_datasets\image_dataset\Sad\Sad_075.png,Sad,1415,045dab05b6f0f0925dc132abae457f2978651bef68435e1355b7aba80fe2e810
Sad_076.png,E:\PROJECT 33\PROJECT 33\backend\sample_datasets\image_dataset\Sad\Sad_076.png,Sad,1395,8b48d919cd2b231322c57072fad14a34ae68124f001956b78e351290418b5208
Sad_077.png,E:\PROJECT 33\PROJECT 33\backend\sample_datasets\image_dataset\Sad\Sad_077.png,Sad,1411,dbf76fdcef4f90ee0245e24f5d1a1d333723465bc9b59806a3c0acfae694f1b6
Sad_078.png,E:\PROJECT 33\PROJECT 33\backend\sample_datasets\image_dataset\Sad\Sad_078.png,Sad,1404,45198d98d9efd0a011f0ee16e73c75a75a0dc2cf2c6122c6303afc39d384ad47
Sad_079.png,E:\PROJECT 33\PROJECT 33\backend\sample_datasets\image_dataset\Sad\Sad_079.png,Sad,1401,581f0afe2b3230cc5527779b27e44c4b7b1bff22474da5324772c864fef2c7a4
Sad_080.png,E:\PROJECT 33\PROJECT 33\backend\sample_datasets\image_dataset\Sad\Sad_080.png,Sad,1410,0c53e79afdbe366f4671ce86d84e3403e022896e5f3e78c9f1b401db057784d6
Sad_081.png,E:\PROJECT 33\PROJECT 33\backend\sample_datasets\image_dataset\Sad\Sad_081.png,Sad,1411,cc7fa6dc30e49cdde5e13b539f8dc6aafc84a3c34c75bff890b61fc7e2dd8fb2
Sad_082.png,E:\PROJECT 33\PROJECT 33\backend\sample_datasets\image_dataset\Sad\Sad_082.png,Sad,1406,4a98d2eeaa59cbb8615d1a0534c7f318cdff15e95fa7b386b38c3a8c318488cc
Sad_083.png,E:\PROJECT 33\PROJECT 33\backend\sample_datasets\image_dataset\Sad\Sad_083.png,Sad,1405,cb7a5547ad90a6239a400d2d3b667354fbbeef68242daf3a5027ad873d3c8b9e
Sad_084.png,E:\PROJECT 33\PROJECT 33\backend\sample_datasets\image_dataset\Sad\Sad_084.png,Sad,1405,6c7581bd1f1fb68895f39fdc7bc1b54e6dd935cae6b67c6b39f4164e14e3e014
Sad_085.png,E:\PROJECT 33\PROJECT 33\backend\sample_datasets\image_dataset\Sad\Sad_085.png,Sad,1413,5cc7dfbdc58aad304560885d93c458da8f37eace074cb5992adb11177361503b
Sad_086.png,E:\PROJECT 33\PROJECT 33\backend\sample_datasets\image_dataset\Sad\Sad_086.png,Sad,1389,6ba1b600d532d27bcba0bf1c904ea4a7502808334580da9b25845435af1c4f1e
Sad_087.png,E:\PROJECT 33\PROJECT 33\backend\sample_datasets\image_dataset\Sad\Sad_087.png,Sad,1415,45b29b594581e71a432f28b9a09d401588cacd4b7819aaecf3e67d6b8025ae77
Sad_088.png,E:\PROJECT 33\PROJECT 33\backend\sample_datasets\image_dataset\Sad\Sad_088.png,Sad,1391,d3f8a3416583d6ff5d8b906ba5e3efeb22f33ab15151d9317591c72e601dccd2
Sad_089.png,E:\PROJECT 33\PROJECT 33\backend\sample_datasets\image_dataset\Sad\Sad_089.png,Sad,1418,283e6bc84794fd7051dcd88b14bf3e7ffded40ab767230d701f461268cb40259
Sad_090.png,E:\PROJECT 33\PROJECT 33\backend\sample_datasets\image_dataset\Sad\Sad_090.png,Sad,1410,293c534da8399f7b918be657d5aeab51d0600ad01db476a974902607c1e1c35a
Sad_091.png,E:\PROJECT 33\PROJECT 33\backend\sample_datasets\image_dataset\Sad\Sad_091.png,Sad,1404,a90c0815a4af9849d6dd67e8c1533fa80a7735f2d40e30eb3ad6daef006c5592
Sad_092.png,E:\PROJECT 33\PROJECT 33\backend\sample_datasets\image_dataset\Sad\Sad_092.png,Sad,1423,ffb6ceb684102d01c5b6c2e28d91668b957b138216d5fcfce6d7b397866f877b
Sad_093.png,E:\PROJECT 33\PROJECT 33\backend\sample_datasets\image_dataset\Sad\Sad_093.png,Sad,1408,4b1071b237d2c83e63677ade745e28c29eec149047942a4c90524bcbd8b41d1e
Sad_094.png,E:\PROJECT 33\PROJECT 33\backend\sample_datasets\image_dataset\Sad\Sad_094.png,Sad,1406,fffce1be893c545f8fee0f92b056887686607702f1b709598e6991ad590d9fb3
Sad_095.png,E:\PROJECT 33\PROJECT 33\backend\sample_datasets\image_dataset\Sad\Sad_095.png,Sad,1413,a39d43eca69cb9bc2d9114ad0997ad573d84d360c7923b968311479e4e562f58
Sad_096.png,E:\PROJECT 33\PROJECT 33\backend\sample_datasets\image_dataset\Sad\Sad_096.png,Sad,1418,d0b2c1323ef28680f2541443de2acf6805dae297bc10eb573d3eef683ebfbfd0
Sad_097.png,E:\PROJECT 33\PROJECT 33\backend\sample_datasets\image_dataset\Sad\Sad_097.png,Sad,1387,e6f5ecd329ee0988e85903c1c37b5f2f5640805fe4132c5f21eae9e8596257d9
Sad_098.png,E:\PROJECT 33\PROJECT 33\backend\sample_datasets\image_dataset\Sad\Sad_098.png,Sad,1409,391a504abd4b09ee28a5220c99a2756acbf1f6f1ec7ffd4072aafad89b8d867e
Sad_099.png,E:\PROJECT 33\PROJECT 33\backend\sample_datasets\image_dataset\Sad\Sad_099.png,Sad,1430,3e51df28ad069e559c94f9f421e70d5921cefb6db53531ef4043a03def66ea37
Sad_100.png,E:\PROJECT 33\PROJECT 33\backend\sample_datasets\image_dataset\Sad\Sad_100.png,Sad,1416,db74b2528c923a1fbc75cfe0e8741df1955735c3eb57b09dfd234bcf268b2fca
Sad_101.png,E:\PROJECT 33\PROJECT 33\backend\sample_datasets\image_dataset\Sad\Sad_101.png,Sad,1414,f018f78d2e46a595e2cf7e4acebffc6a316f962e61150a82e16a2847fb17bd97
Sad_102.png,E:\PROJECT 33\PROJECT 33\backend\sample_datasets\image_dataset\Sad\Sad_102.png,Sad,1410,9fbf6584a088f3365a1588238a7f804114b260912c4cab904b52d611adb6bb06
Sad_103.png,E:\PROJECT 33\PROJECT 33\backend\sample_datasets\image_dataset\Sad\Sad_103.png,Sad,1425,b406b5d0c9cc5af176adbe331aed7a80756dcaf43785fc521bee26507056d1e2
Sad_104.png,E:\PROJECT 33\PROJECT 33\backend\sample_datasets\image_dataset\Sad\Sad_104.png,Sad,1402,e21e881426e861e8249ddc5f8934705ea33961a2a2cf2ab72b17bf6859ca23e4
Sad_105.png,E:\PROJECT 33\PROJECT 33\backend\sample_datasets\image_dataset\Sad\Sad_105.png,Sad,1410,fc94e1cd171292da11954603a9540569ca6d69e48af2874f182b9818dcbf9bf7
Sad_106.png,E:\PROJECT 33\PROJECT 33\backend\sample_datasets\image_dataset\Sad\Sad_106.png,Sad,1392,f307a06706c26a9e7eca048cf84de8aa2885c13e929dc07c0feb28522a5d5658
Sad_107.png,E:\PROJECT 33\PROJECT 33\backend\sample_datasets\image_dataset\Sad\Sad_107.png,Sad,1406,421e988e49ec22299e57b5d6f0e579103a585b96de4f0713fab58f323974eb65
Sad_108.png,E:\PROJECT 33\PROJECT 33\backend\sample_datasets\image_dataset\Sad\Sad_108.png,Sad,1412,78c50410094c45370aa4621c2e1ba887f88ad55473ed4b4ca080fd23dbe2605f
Sad_109.png,E:\PROJECT 33\PROJECT 33\backend\sample_datasets\image_dataset\Sad\Sad_109.png,Sad,1396,7a8958d4e9114334c2a900006fc8797d77a28f1890b7de8704de4a8736862f36
Sad_110.png,E:\PROJECT 33\PROJECT 33\backend\sample_datasets\image_dataset\Sad\Sad_110.png,Sad,1392,a8472654a4804e9ce47cb5f9c3cdc7c0672b103c1ab94cd7da9cd559375e078b
Sad_111.png,E:\PROJECT 33\PROJECT 33\backend\sample_datasets\image_dataset\Sad\Sad_111.png,Sad,1403,85697340732ff482a2e287cb27a634c24f4bdbb92b098197b4b76fd38b527b59
Sad_112.png,E:\PROJECT 33\PROJECT 33\backend\sample_datasets\image_dataset\Sad\Sad_112.png,Sad,1417,58eeba9d88f522ba7afb1a88e23853fccb1191c5de08d2199950a28f4cf28b62
Sad_113.png,E:\PROJECT 33\PROJECT 33\backend\sample_datasets\image_dataset\Sad\Sad_113.png,Sad,1398,5e955e2edc114a1aca26275ae0c653b69cb4d95b57e5e9fed261481ac1f3bdaf
Sad_114.png,E:\PROJECT 33\PROJECT 33\backend\sample_datasets\image_dataset\Sad\Sad_114.png,Sad,1415,77cfec3d2f93600ab686a3ff02c0bcf0371782b0b02a9c536c553204f1a8a67c
Sad_115.png,E:\PROJECT 33\PROJECT 33\backend\sample_datasets\image_dataset\Sad\Sad_115.png,Sad,1403,e78190a92dfd817f5d6d748a9ed8ef5620cffbafb23787a93455084b17ccb406
Sad_116.png,E:\PROJECT 33\PROJECT 33\backend\sample_datasets\image_dataset\Sad\Sad_116.png,Sad,1399,4e2a2bc86043d7555ef05346bf698c1a4617b5478031b80b1eed8d56ef6127ab
Sad_117.png,E:\PROJECT 33\PROJECT 33\backend\sample_datasets\image_dataset\Sad\Sad_117.png,Sad,1402,ceea70a9b03c0e181f98a2c90c0a8c1f4fe83ee3a194695721e3d635a2086229
Sad_118.png,E:\PROJECT 33\PROJECT 33\backend\sample_datasets\image_dataset\Sad\Sad_118.png,Sad,1415,8b55d7ced40de62cc8e5daf0311b48a05e5b3473fb64c3707c4a4f99b306f163
Sad_119.png,E:\PROJECT 33\PROJECT 33\backend\sample_datasets\image_dataset\Sad\Sad_119.png,Sad,1399,675cedbd3f559a2ee942d77cd68ef41eaf47cd7b769150da2b6fd358f5048862
Sad_120.png,E:\PROJECT 33\PROJECT 33\backend\sample_datasets\image_dataset\Sad\Sad_120.png,Sad,1395,1c29a5accf82da3168d6eeedf69066eecef8d9be5aeb423aa73b177ab08f9916
Sad_121.png,E:\PROJECT 33\PROJECT 33\backend\sample_datasets\image_dataset\Sad\Sad_121.png,Sad,1418,456b3c4d92452afed8b25290dd60ba7e7ba53b513774f60d4666c0764fe728be
Sad_122.png,E:\PROJECT 33\PROJECT 33\backend\sample_datasets\image_dataset\Sad\Sad_122.png,Sad,1410,e8c75af5fd2e3af9d1ac11ce9f9f9f338a7083e6df684a15a437da1c60fcff1a
Sad_123.png,E:\PROJECT 33\PROJECT 33\backend\sample_datasets\image_dataset\Sad\Sad_123.png,Sad,1411,f49ea4fca7d073547bf550f5b792e1e7b2ff72467da8d26b09418cd14f5f7921
Sad_124.png,E:\PROJECT 33\PROJECT 33\backend\sample_datasets\image_dataset\Sad\Sad_124.png,Sad,1408,03a465bb47c9d5aae26373987f16f9c252f43a7663d4b6faf02b203ef787f645
Sad_125.png,E:\PROJECT 33\PROJECT 33\backend\sample_datasets\image_dataset\Sad\Sad_125.png,Sad,1423,0d00ec70fc9b11c442bab21069757e1b80d6a3cc285c750611c7f6ea06d18476
Sad_126.png,E:\PROJECT 33\PROJECT 33\backend\sample_datasets\image_dataset\Sad\Sad_126.png,Sad,1420,00b7eb6ecc347b487aaeea4cd1a6a6f0a5228e07a6c1d0161f92e477add22eee
Sad_127.png,E:\PROJECT 33\PROJECT 33\backend\sample_datasets\image_dataset\Sad\Sad_127.png,Sad,1403,8ce0c9cff11efbbff83910a5d623797bb14a49593b930f689b0f61c043f5c04d
Sad_128.png,E:\PROJECT 33\PROJECT 33\backend\sample_datasets\image_dataset\Sad\Sad_128.png,Sad,1426,9e0c3d297e3281195c87f19a3b14abf5a1a8c49a1738cfa34f3deee8ba48b57e
Sad_129.png,E:\PROJECT 33\PROJECT 33\backend\sample_datasets\image_dataset\Sad\Sad_129.png,Sad,1406,26473af71a969476a1c62988dacef52d667c52962f12d0cba76a10cdf08eb840
Sad_130.png,E:\PROJECT 33\PROJECT 33\backend\sample_datasets\image_dataset\Sad\Sad_130.png,Sad,1418,0323c30b6c987a6b16cc3f059b6da91200d318f716e934d8dce47f8e98eb666a
Sad_131.png,E:\PROJECT 33\PROJECT 33\backend\sample_datasets\image_dataset\Sad\Sad_131.png,Sad,1413,d6929594586c9388df28192533223fbaeed53c8e931abae2503da3291ec43c43
Sad_132.png,E:\PROJECT 33\PROJECT 33\backend\sample_datasets\image_dataset\Sad\Sad_132.png,Sad,1397,f261ea22f4968241eea9ab09f595c9759f0c2ef769cf6064654271f31da4bb9c
Sad_133.png,E:\PROJECT 33\PROJECT 33\backend\sample_datasets\image_dataset\Sad\Sad_133.png,Sad,1423,003b0d0f8e02935d0e939b2ddee365de4228d46f597697e8b1c543dadf1a4740
Sad_134.png,E:\PROJECT 33\PROJECT 33\backend\sample_datasets\image_dataset\Sad\Sad_134.png,Sad,1424,ab715820467f525b6025f6da0936c9af2570d9046dbf9951edce7eb3657e2ed3
Sad_135.png,E:\PROJECT 33\PROJECT 33\backend\sample_datasets\image_dataset\Sad\Sad_135.png,Sad,1392,c7280bdce80eb9bff651e5a77109be84277b77356e3033cf6a61cf1e9ebe33d0
Sad_136.png,E:\PROJECT 33\PROJECT 33\backend\sample_datasets\image_dataset\Sad\Sad_136.png,Sad,1417,837f9e7835484bfee1b5bfd02a855237b9f683bf8a3b04f01b0d219be1c51100
Sad_137.png,E:\PROJECT 33\PROJECT 33\backend\sample_datasets\image_dataset\Sad\Sad_137.png,Sad,1399,a9238e93d7ebc63ea03c4809b0195525563e7717d942ab81715ba5cf990ce2a7
Sad_138.png,E:\PROJECT 33\PROJECT 33\backend\sample_datasets\image_dataset\Sad\Sad_138.png,Sad,1416,a89a3ede29874c02f6fda370f5af2dc3766cb44d67789ecd2dcc89d3b20ad58c
Sad_139.png,E:\PROJECT 33\PROJECT 33\backend\sample_datasets\image_dataset\Sad\Sad_139.png,Sad,1397,f71fd45e25e712fccedbfaceda9fa3224d646bdf7dcc0e7435fb2e00d7a4decd
Sad_140.png,E:\PROJECT 33\PROJECT 33\backend\sample_datasets\image_dataset\Sad\Sad_140.png,Sad,1413,47cffcaa4576b0797cbb9971458227f41eedab3416d4acaacd5dc123d84b6f09
Sad_141.png,E:\PROJECT 33\PROJECT 33\backend\sample_datasets\image_dataset\Sad\Sad_141.png,Sad,1405,ec430a445c916068a2c0be71a05cb4267d8235b85e1b5bd3e509f4474e53378e
Sad_142.png,E:\PROJECT 33\PROJECT 33\backend\sample_datasets\image_dataset\Sad\Sad_142.png,Sad,1406,c1ecb10f806dc3e7c3897ddafafd889d3a94726cbf6468e516bc5fe110cf5bde
Sad_143.png,E:\PROJECT 33\PROJECT 33\backend\sample_datasets\image_dataset\Sad\Sad_143.png,Sad,1417,dae3771cc43e84f4741a884187e622002861d8bc96b989ba2dea4dcd26e247b6
Sad_144.png,E:\PROJECT 33\PROJECT 33\backend\sample_datasets\image_dataset\Sad\Sad_144.png,Sad,1415,ce15bb64ad5e8bda7a7483e85a3b70e95144fcdb4f2a2d3723a89f6bb2172d87
Sad_145.png,E:\PROJECT 33\PROJECT 33\backend\sample_datasets\image_dataset\Sad\Sad_145.png,Sad,1420,0df8f2ea152fd8bc67a99e792eebd8a6408fc978d5243c8baa782fe6d5da75b1
Sad_146.png,E:\PROJECT 33\PROJECT 33\backend\sample_datasets\image_dataset\Sad\Sad_146.png,Sad,1420,ee062ab3ca61c0c77a24a5857e62d8d4a7da3c3820cf9be4b98ce1160af5a4b5
Sad_147.png,E:\PROJECT 33\PROJECT 33\backend\sample_datasets\image_dataset\Sad\Sad_147.png,Sad,1409,9c1201c6dae2fd1022b2201d37ea3720276b857c84038506721c79d1978fab58
Sad_148.png,E:\PROJECT 33\PROJECT 33\backend\sample_datasets\image_dataset\Sad\Sad_148.png,Sad,1407,0bb7cfbf6df655726e33da9ce15c34294405ee9a5660f2ca4882e249e11e5f90
Sad_149.png,E:\PROJECT 33\PROJECT 33\backend\sample_datasets\image_dataset\Sad\Sad_149.png,Sad,1395,08fa46e16313ffb0522964c93e69a013b7415276f228b8bb16eedd52b2a3967c
Sad_150.png,E:\PROJECT 33\PROJECT 33\backend\sample_datasets\image_dataset\Sad\Sad_150.png,Sad,1418,6722215e88d87927b6abacd5333ab29c19ad716e5575b26d92a83ef6e0e48475
Sad_151.png,E:\PROJECT 33\PROJECT 33\backend\sample_datasets\image_dataset\Sad\Sad_151.png,Sad,1404,3f52b72925766fa71cf4ff152b0c240f5aae6a80bb659ba2c9efb46d03db4a76
Sad_152.png,E:\PROJECT 33\PROJECT 33\backend\sample_datasets\image_dataset\Sad\Sad_152.png,Sad,1400,3616fa956417d256787cf6912823807758a1afa41ab42b83544575bc340625fb
Sad_153.png,E:\PROJECT 33\PROJECT 33\backend\sample_datasets\image_dataset\Sad\Sad_153.png,Sad,1413,9915c6b71ea70656781677e330afaf8e4e2a80b28094185b62374c7622153429
Sad_154.png,E:\PROJECT 33\PROJECT 33\backend\sample_datasets\image_dataset\Sad\Sad_154.png,Sad,1406,ea1d35635a56fe4dc993303fb336a6bf81c41e89bc4eaff99827be62b3cca977
Sad_155.png,E:\PROJECT 33\PROJECT 33\backend\sample_datasets\image_dataset\Sad\Sad_155.png,Sad,1402,7ab60ab2c8d4cf783e4a8ec6864cb3b1283409652eedbfbea4230a3f79ac93d1
Sad_156.png,E:\PROJECT 33\PROJECT 33\backend\sample_datasets\image_dataset\Sad\Sad_156.png,Sad,1409,1e368a207988ca7b2e7655a8271f8e20f8a270a872bf23a1b1699dee7bec7930
Sad_157.png,E:\PROJECT 33\PROJECT 33\backend\sample_datasets\image_dataset\Sad\Sad_157.png,Sad,1424,b747e90dbce459eec943894bf63b8dee0fea8331c31aa0079ed004c268d35e00
Sad_158.png,E:\PROJECT 33\PROJECT 33\backend\sample_datasets\image_dataset\Sad\Sad_158.png,Sad,1421,1dc920adaecfb1480fef3235ccde01f502adb94c2cf87b564302e79ac15fcd8d
Sad_159.png,E:\PROJECT 33\PROJECT 33\backend\sample_datasets\image_dataset\Sad\Sad_159.png,Sad,1382,812aef83d00b049e730beccbc28e200220b951390c420e49f090d8bb77d42f5c
Sad_160.png,E:\PROJECT 33\PROJECT 33\backend\sample_datasets\image_dataset\Sad\Sad_160.png,Sad,1416,110be5654a6509b8d0a3d9dbcf8f9ba953726681c89be0c5b332baf34517db0d
Sad_161.png,E:\PROJECT 33\PROJECT 33\backend\sample_datasets\image_dataset\Sad\Sad_161.png,Sad,1419,9078d2c7f514f9dea630eacff294b674a3e5be846dc5c89e3eea95a1e7105b82
Sad_162.png,E:\PROJECT 33\PROJECT 33\backend\sample_datasets\image_dataset\Sad\Sad_162.png,Sad,1434,b81a63074a174780904e98b6b2169df1c9192e65ec68b17d53620c20a86be64e
Sad_163.png,E:\PROJECT 33\PROJECT 33\backend\sample_datasets\image_dataset\Sad\Sad_163.png,Sad,1401,f3f63db34b85c032baaf17d831e53cc11058cb0112d5d3b8ff5e3b737d607d9c
Sad_164.png,E:\PROJECT 33\PROJECT 33\backend\sample_datasets\image_dataset\Sad\Sad_164.png,Sad,1403,928918f34b87de5c796c6e9735305c89dca8a71f786b63f70a9bb783dd57c4a4
Sad_165.png,E:\PROJECT 33\PROJECT 33\backend\sample_datasets\image_dataset\Sad\Sad_165.png,Sad,1422,cd6415af7dfcf6ead8aa040249a0988986f86ec9541a92470a735b333d474330
Sad_166.png,E:\PROJECT 33\PROJECT 33\backend\sample_datasets\image_dataset\Sad\Sad_166.png,Sad,1423,2a590fd7e9409adcbc25fda931e48ce1a19d609304ab20b5b50ec470edd2bb00
Sad_167.png,E:\PROJECT 33\PROJECT 33\backend\sample_datasets\image_dataset\Sad\Sad_167.png,Sad,1420,1d1f29b556d0bfe39f5cab48df110006fd1393c8c228377d3391320dd37fda23
Sad_168.png,E:\PROJECT 33\PROJECT 33\backend\sample_datasets\image_dataset\Sad\Sad_168.png,Sad,1403,664ea202a89c499f856a8cab2e7720ef6270aafd61309b8f17c8fd28ab6f6f8d
Sad_169.png,E:\PROJECT 33\PROJECT 33\backend\sample_datasets\image_dataset\Sad\Sad_169.png,Sad,1427,b9963d058e6b49fc6aa96d4295ac5ffef2539732d0893b33a1d72f3ce21ea96e
Sad_170.png,E:\PROJECT 33\PROJECT 33\backend\sample_datasets\image_dataset\Sad\Sad_170.png,Sad,1412,7ec7dc4236808373a16f32979c2035638a9bb30e18656c78835b5f46820d9d8a
Sad_171.png,E:\PROJECT 33\PROJECT 33\backend\sample_datasets\image_dataset\Sad\Sad_171.png,Sad,1412,17fa9abf2dfa19f84aadde6c94d1d25600760fa36416e347c9e39d3bb3ab6411
Sad_172.png,E:\PROJECT 33\PROJECT 33\backend\sample_datasets\image_dataset\Sad\Sad_172.png,Sad,1405,07cd974327eab6db67431f16a473a0cc935a551134d7167982a3b736235b73ab
Sad_173.png,E:\PROJECT 33\PROJECT 33\backend\sample_datasets\image_dataset\Sad\Sad_173.png,Sad,1407,8f6f7af0f657e3900fb410ac86d2b1aff44f57ce63661f1ba41a47c1b600de4b
Sad_174.png,E:\PROJECT 33\PROJECT 33\backend\sample_datasets\image_dataset\Sad\Sad_174.png,Sad,1410,83ad4a53e376b2389d3f2350a7a95448f327c04b2d734897a2a16c1032bfae93
Sad_175.png,E:\PROJECT 33\PROJECT 33\backend\sample_datasets\image_dataset\Sad\Sad_175.png,Sad,1392,e80e8b39c218fb82a673f72f2b7297f4a444e90723c87fed2b9e259d3880c682
Sad_176.png,E:\PROJECT 33\PROJECT 33\backend\sample_datasets\image_dataset\Sad\Sad_176.png,Sad,1409,2455df6475501c2a0583305c63436f4b66a2d622515260b95db5d2c748197133
Sad_177.png,E:\PROJECT 33\PROJECT 33\backend\sample_datasets\image_dataset\Sad\Sad_177.png,Sad,1401,f51483ad878a8aff2c84289a45d90e25d52fa69424e8680cad5696331fffe1cc
Sad_178.png,E:\PROJECT 33\PROJECT 33\backend\sample_datasets\image_dataset\Sad\Sad_178.png,Sad,1407,2c606b68787edf23b5e1d6ee0df9372fd57ccbd2edfe420ab368c24029ce4d29
Sad_179.png,E:\PROJECT 33\PROJECT 33\backend\sample_datasets\image_dataset\Sad\Sad_179.png,Sad,1401,5f51f26e5bf26a2656edaa5c1377b474ba0892b33fc1717615d679cced3274a0
Sad_180.png,E:\PROJECT 33\PROJECT 33\backend\sample_datasets\image_dataset\Sad\Sad_180.png,Sad,1409,4133e53650bdd5543e35162c17d10a1c605528ab2a4df5fcf20b4f3491e4351a
Sad_181.png,E:\PROJECT 33\PROJECT 33\backend\sample_datasets\image_dataset\Sad\Sad_181.png,Sad,1406,9a20fc4657168b94223e0834c68f5906bc31392ec0e6caa98ecb7ca9dbd9f6a4
Sad_182.png,E:\PROJECT 33\PROJECT 33\backend\sample_datasets\image_dataset\Sad\Sad_182.png,Sad,1397,9cffc7730f48feaca0ffdb92175c0ba26d1287461e45daa2fd8fbe26fefa37ec
Sad_183.png,E:\PROJECT 33\PROJECT 33\backend\sample_datasets\image_dataset\Sad\Sad_183.png,Sad,1390,1a5f5776992b1897818bf1238e09d8cc498db443f6b0d508fec969b98df8345f
Sad_184.png,E:\PROJECT 33\PROJECT 33\backend\sample_datasets\image_dataset\Sad\Sad_184.png,Sad,1412,c1b41b72dcecc7df51fb8a090b2e231e74101bf1dd577d5d96ee4f16f5e2c994
Sad_185.png,E:\PROJECT 33\PROJECT 33\backend\sample_datasets\image_dataset\Sad\Sad_185.png,Sad,1423,89b991b5a0bfe44e4db668340a9956b1baf83f6472c404de8c94b03a36b5efd6
Sad_186.png,E:\PROJECT 33\PROJECT 33\backend\sample_datasets\image_dataset\Sad\Sad_186.png,Sad,1402,46c7e1181ae0dba1577b2ee186c39315393f8c57ca3116264a652e32425657c1
Sad_187.png,E:\PROJECT 33\PROJECT 33\backend\sample_datasets\image_dataset\Sad\Sad_187.png,Sad,1437,954c22df9b47f0b0af2648317f2ad7c2a4a45884d1e93caa2c64cd3874af3ec6
Sad_188.png,E:\PROJECT 33\PROJECT 33\backend\sample_datasets\image_dataset\Sad\Sad_188.png,Sad,1383,26d3f5071cf7fd4c7dd3dee9a84ce707670a64e1ecc2cf664dd119329ea2e45d
Sad_189.png,E:\PROJECT 33\PROJECT 33\backend\sample_datasets\image_dataset\Sad\Sad_189.png,Sad,1421,3441f8c10501eeaa9c761346daca8e4770aa7f96655bcdb99e90397c1a08c1ba
Sad_190.png,E:\PROJECT 33\PROJECT 33\backend\sample_datasets\image_dataset\Sad\Sad_190.png,Sad,1413,41d946ae2f7e53f69b354b5fa06b3666a6e2ab4a452fae55c770a639e6d998ea
Sad_191.png,E:\PROJECT 33\PROJECT 33\backend\sample_datasets\image_dataset\Sad\Sad_191.png,Sad,1404,001af9f7be74a255a6effdebb056f2ed788d01d3a93467983165fb171ec3dd09
Sad_192.png,E:\PROJECT 33\PROJECT 33\backend\sample_datasets\image_dataset\Sad\Sad_192.png,Sad,1406,876e781bade3e1e59d3f93b77036188576f49e3f47907f5a54ab2fa0a3e439f2
Sad_193.png,E:\PROJECT 33\PROJECT 33\backend\sample_datasets\image_dataset\Sad\Sad_193.png,Sad,1405,dfe19460c96356f13e4992673c675614c18445b52eb0fd619265bbfd0cfcbac7
Sad_194.png,E:\PROJECT 33\PROJECT 33\backend\sample_datasets\image_dataset\Sad\Sad_194.png,Sad,1411,7c8fc3fa44e6b23d92654cd6186e5164985e8977d8728f42f1708737c3cd5d45
Sad_195.png,E:\PROJECT 33\PROJECT 33\backend\sample_datasets\image_dataset\Sad\Sad_195.png,Sad,1408,a62620f5532bb11af256ffb300e4d72920b4ab0c2d1f548734d9df289dfdd98a
Sad_196.png,E:\PROJECT 33\PROJECT 33\backend\sample_datasets\image_dataset\Sad\Sad_196.png,Sad,1412,b7b4d8ffafe299365ed88fcd9e0e956fe69cf926f7c748ee4d66179185291155
Sad_197.png,E:\PROJECT 33\PROJECT 33\backend\sample_datasets\image_dataset\Sad\Sad_197.png,Sad,1395,9acfeb6122ca8ace9a5ca77f4a424d12312d2087c8c55fd1dd9674dca35d6c3a
Sad_198.png,E:\PROJECT 33\PROJECT 33\backend\sample_datasets\image_dataset\Sad\Sad_198.png,Sad,1397,9b58cfdd7f2db87086354a310dac038f8632dfc41ac495bf9a08c991fc9976dd
Sad_199.png,E:\PROJECT 33\PROJECT 33\backend\sample_datasets\image_dataset\Sad\Sad_199.png,Sad,1400,b44e742730bcaff3e7feee850ad6fe59dfe93a1b45a67dc840334b852847b879
Sad_200.png,E:\PROJECT 33\PROJECT 33\backend\sample_datasets\image_dataset\Sad\Sad_200.png,Sad,1407,176333aaa986eb32fd1719a678b8450e56f68910ea1d499dab4b983b3442b31f
Sad_201.png,E:\PROJECT 33\PROJECT 33\backend\sample_datasets\image_dataset\Sad\Sad_201.png,Sad,1419,b59b27cfe25bb26fee118b702908339adc0d137e706393fecf298050fb7faaea
Sad_202.png,E:\PROJECT 33\PROJECT 33\backend\sample_datasets\image_dataset\Sad\Sad_202.png,Sad,1419,8eba45e0b5f3ac05c6904b9d68ba53bfa822230b769b148fc67134a8c1de3af3
Sad_203.png,E:\PROJECT 33\PROJECT 33\backend\sample_datasets\image_dataset\Sad\Sad_203.png,Sad,1425,6f08b971f40b19b3b1db314fa8fe6cff566d25b69b1cfef540eb41f427159589
Sad_204.png,E:\PROJECT 33\PROJECT 33\backend\sample_datasets\image_dataset\Sad\Sad_204.png,Sad,1399,ab04cd69cc3d3a85aef6164f2ad6e1b672343d029060fcacf9d050f5f61d7ab6
Sad_205.png,E:\PROJECT 33\PROJECT 33\backend\sample_datasets\image_dataset\Sad\Sad_205.png,Sad,1416,5e68be0c13614367fdb1a974301cacc7355516ac55a3b45958479646b5cf898b
Sad_206.png,E:\PROJECT 33\PROJECT 33\backend\sample_datasets\image_dataset\Sad\Sad_206.png,Sad,1387,704c55baa0e21dba89a0642c978c4b133f1f76b9f3a3d095974234a29c4bf1ed
Sad_207.png,E:\PROJECT 33\PROJECT 33\backend\sample_datasets\image_dataset\Sad\Sad_207.png,Sad,1419,1be04b550f82c73dae4515be1f3a54d00656f2ee24da2e780fa4be468e05256c
Sad_208.png,E:\PROJECT 33\PROJECT 33\backend\sample_datasets\image_dataset\Sad\Sad_208.png,Sad,1397,6d0df7e10f2ba56fdd4154d9cc16f45e5a1fad3e0b060494521ba34d2394c8e1
Sad_209.png,E:\PROJECT 33\PROJECT 33\backend\sample_datasets\image_dataset\Sad\Sad_209.png,Sad,1398,e253b5508942c4f89786867cd28e298d93b04a1c8e5e38536ffdcfc809c2caa2
Sad_210.png,E:\PROJECT 33\PROJECT 33\backend\sample_datasets\image_dataset\Sad\Sad_210.png,Sad,1412,19a32ccaa5ad1ac0f3a8a57b5f0f9b5ffb4d74db0f69a9618aa12f7c5513c256
Sad_211.png,E:\PROJECT 33\PROJECT 33\backend\sample_datasets\image_dataset\Sad\Sad_211.png,Sad,1407,0ffbd009c5f51043f1bf09fea5e695730a88ac7f3d34c9ad0f5ba7fb0c51df0a
Sad_212.png,E:\PROJECT 33\PROJECT 33\backend\sample_datasets\image_dataset\Sad\Sad_212.png,Sad,1409,f15c2ad2d3e90e0a3ab723148b693581687fd51f6943c62e2c066f5febaa1b2d
Sad_213.png,E:\PROJECT 33\PROJECT 33\backend\sample_datasets\image_dataset\Sad\Sad_213.png,Sad,1417,324a1c8ed87454f0049bdda8b44cef99ea806c9bbb0c810499b96080a260297c
Sad_214.png,E:\PROJECT 33\PROJECT 33\backend\sample_datasets\image_dataset\Sad\Sad_214.png,Sad,1387,24efc2ba8be4175292d02039201fc276f3346bb0729d72af7caabb452fb4f2ba
Sad_215.png,E:\PROJECT 33\PROJECT 33\backend\sample_datasets\image_dataset\Sad\Sad_215.png,Sad,1397,0a510dfeb28c9e63bfa8c569c6a8fa760a9123db30e1135e3f6be67065a7ea3e
Sad_216.png,E:\PROJECT 33\PROJECT 33\backend\sample_datasets\image_dataset\Sad\Sad_216.png,Sad,1419,8d892ba231cb037de2978d05a20accccdb2b2d3a7c523a7c04d0449b6e5dfaaf
Sad_217.png,E:\PROJECT 33\PROJECT 33\backend\sample_datasets\image_dataset\Sad\Sad_217.png,Sad,1391,ccec55612577bacadc79558096453b2794a10b5c3e7514f7a7b21cac53b4ea9e
Sad_218.png,E:\PROJECT 33\PROJECT 33\backend\sample_datasets\image_dataset\Sad\Sad_218.png,Sad,1410,62da26b757660c1aab66790c7adf49a19ad5bb421bbf91b396f376852bf4d559
Sad_219.png,E:\PROJECT 33\PROJECT 33\backend\sample_datasets\image_dataset\Sad\Sad_219.png,Sad,1398,cc812e037078e7bf9691de5a4d936e77937b71bd89a328fce8d6be77571162df
Sad_220.png,E:\PROJECT 33\PROJECT 33\backend\sample_datasets\image_dataset\Sad\Sad_220.png,Sad,1421,d38d3dc286ac3740e28e3de6284d079ae16a8cf16d944c9d528ad0b62ae090a0
Sad_221.png,E:\PROJECT 33\PROJECT 33\backend\sample_datasets\image_dataset\Sad\Sad_221.png,Sad,1408,76067b1432e907382bfc37eb0e25378e0745a8b729464d91d65fb8ce1551f740
Sad_222.png,E:\PROJECT 33\PROJECT 33\backend\sample_datasets\image_dataset\Sad\Sad_222.png,Sad,1404,72706863f9aede0f1de1d25d4fae54ccc4f051de01041b01dba514f1e4db99b0
Sad_223.png,E:\PROJECT 33\PROJECT 33\backend\sample_datasets\image_dataset\Sad\Sad_223.png,Sad,1410,597e92b72b01fbfb74f2bbb277ae5dc4f3b47adb07563164cb7c6dd1f94deb47
Sad_224.png,E:\PROJECT 33\PROJECT 33\backend\sample_datasets\image_dataset\Sad\Sad_224.png,Sad,1407,a2c8bd804fbccd571866b288acff70d8b9c7e771406c1fd160b1454a93ddd45a
Sad_225.png,E:\PROJECT 33\PROJECT 33\backend\sample_datasets\image_dataset\Sad\Sad_225.png,Sad,1428,e54bae6b541ef97d736513f1508f08b501c7e01ae9c96c6501e6d7362e390531
Sad_226.png,E:\PROJECT 33\PROJECT 33\backend\sample_datasets\image_dataset\Sad\Sad_226.png,Sad,1402,bcc3e1eab73fc46fa1b92ef9caa111082dc044a9d670cbf6772b25e61dfa4ed4
Sad_227.png,E:\PROJECT 33\PROJECT 33\backend\sample_datasets\image_dataset\Sad\Sad_227.png,Sad,1406,33522998ea30c6e157a4f6e7f226d48d7c9f9e2533b325d01dd575cc8d265485
Sad_228.png,E:\PROJECT 33\PROJECT 33\backend\sample_datasets\image_dataset\Sad\Sad_228.png,Sad,1408,a2e3af3b612662a58de8da6522ec8f405a032dbcf7c2e66f627318ee5a3de2ab
Sad_229.png,E:\PROJECT 33\PROJECT 33\backend\sample_datasets\image_dataset\Sad\Sad_229.png,Sad,1400,64606176e5a838d31f5e75c2553b37574bc1fc04863226e78cc6a677385846b8
Sad_230.png,E:\PROJECT 33\PROJECT 33\backend\sample_datasets\image_dataset\Sad\Sad_230.png,Sad,1408,caef8ca700a3bd8fdd8a41c164975e6e68a6f2c0139476086b9e0697df3f6934
Sad_231.png,E:\PROJECT 33\PROJECT 33\backend\sample_datasets\image_dataset\Sad\Sad_231.png,Sad,1394,0313040ab1b7eee5cb5e733c471f165298b2178f56b87a80f8a6fcdbdb6baa56
Sad_232.png,E:\PROJECT 33\PROJECT 33\backend\sample_datasets\image_dataset\Sad\Sad_232.png,Sad,1414,2ca59bc4ecaf524e6d4091207478d0f06f0badd653d01fe4a8ec5d9fd74271fa
Sad_233.png,E:\PROJECT 33\PROJECT 33\backend\sample_datasets\image_dataset\Sad\Sad_233.png,Sad,1379,5418f8789fa6db4e08e770507ee7754d8dce7fd3f4b191f8c72eedb5da9ce7a9
Sad_234.png,E:\PROJECT 33\PROJECT 33\backend\sample_datasets\image_dataset\Sad\Sad_234.png,Sad,1421,e933306242eb261745326ec1537268630fb3bbbfb0744a6cacdff6534f2ba576
Sad_235.png,E:\PROJECT 33\PROJECT 33\backend\sample_datasets\image_dataset\Sad\Sad_235.png,Sad,1391,2953bc36899d68bb0f9d6ce7c207510c482428dca1c73d10d12fcfa153e21169
Sad_236.png,E:\PROJECT 33\PROJECT 33\backend\sample_datasets\image_dataset\Sad\Sad_236.png,Sad,1416,7ca62664b7a0f74bff7ec910d4c46296b33f8e3a2e70c90ccaa677e1c4c3cdf9
Sad_237.png,E:\PROJECT 33\PROJECT 33\backend\sample_datasets\image_dataset\Sad\Sad_237.png,Sad,1414,508a98dc9662f5ed09f8dba931a4a3dd11963c965e56af54945bb7b89518fc7e
Sad_238.png,E:\PROJECT 33\PROJECT 33\backend\sample_datasets\image_dataset\Sad\Sad_238.png,Sad,1411,c833ab2881dca4cf8dd716a9c39d84c2451311108dcedb0d24d3337f79dd6137
Sad_239.png,E:\PROJECT 33\PROJECT 33\backend\sample_datasets\image_dataset\Sad\Sad_239.png,Sad,1412,1954a4f87d55cf6906f03e1194a2b76cae6c401889dab2363cb629fb88dc24e9
Sad_240.png,E:\PROJECT 33\PROJECT 33\backend\sample_datasets\image_dataset\Sad\Sad_240.png,Sad,1401,fa0c5b74af7c9aec4da14ca32ca36a533c89261b7f2cc6d723e62db9f9b0a25a
Sad_241.png,E:\PROJECT 33\PROJECT 33\backend\sample_datasets\image_dataset\Sad\Sad_241.png,Sad,1415,b418f32e86cdd0daaca64231e6f96f842c1a8d9762fcffd4615c459ea6538d25
Sad_242.png,E:\PROJECT 33\PROJECT 33\backend\sample_datasets\image_dataset\Sad\Sad_242.png,Sad,1406,67b2563bd2614df3a716d698e621ded417a312aa074a568e7639b194be551229
Sad_243.png,E:\PROJECT 33\PROJECT 33\backend\sample_datasets\image_dataset\Sad\Sad_243.png,Sad,1393,dfe95f0adb7ef474f6f0d843485b498b3139b8032c8a16f4402aae450d121c9a
Sad_244.png,E:\PROJECT 33\PROJECT 33\backend\sample_datasets\image_dataset\Sad\Sad_244.png,Sad,1408,86435f3c95904dce64b199919e15f02d5ae4824f253b8bf5a82fb9ad5b13ca88
Sad_245.png,E:\PROJECT 33\PROJECT 33\backend\sample_datasets\image_dataset\Sad\Sad_245.png,Sad,1428,4e1475af0771081631fccaf9ae3c4e2c37117b81ba6dbe01477463f013e8c36f
Sad_246.png,E:\PROJECT 33\PROJECT 33\backend\sample_datasets\image_dataset\Sad\Sad_246.png,Sad,1386,2cb5c786bb33faa7dbb4e9b2239df0d14ada9f09b7d6a8a83d2f012858ef3cfd
Sad_247.png,E:\PROJECT 33\PROJECT 33\backend\sample_datasets\image_dataset\Sad\Sad_247.png,Sad,1415,bfac0fdc9e187753f417eec3cccd6f5592a7cd6d0fb547a74198c649ee1def1d
Sad_248.png,E:\PROJECT 33\PROJECT 33\backend\sample_datasets\image_dataset\Sad\Sad_248.png,Sad,1403,426f212e2c4e77945f10423570cae1c6b18230ac7a5e9ef32a5acead77262951
Sad_249.png,E:\PROJECT 33\PROJECT 33\backend\sample_datasets\image_dataset\Sad\Sad_249.png,Sad,1407,bbd9c446f24717fd63b0b8eadb8c00bbf53bf9f68a8f5385e4a24210590076f3
Surprise_000.png,E:\PROJECT 33\PROJECT 33\backend\sample_datasets\image_dataset\Surprise\Surprise_000.png,Surprise,1436,6afe7b5601d7b98f90b43ba02bca2c5c62527742e7dac935eae71baca63584e3
Surprise_001.png,E:\PROJECT 33\PROJECT 33\backend\sample_datasets\image_dataset\Surprise\Surprise_001.png,Surprise,1425,21fb0459a6b94881364072e2066bf8c9a620de17f2f209ea987fa64eb70be902
Surprise_002.png,E:\PROJECT 33\PROJECT 33\backend\sample_datasets\image_dataset\Surprise\Surprise_002.png,Surprise,1408,8aeac5be796f6753673a765726981de9a2bdcdabc801a05031a3641aa357a2b1
Surprise_003.png,E:\PROJECT 33\PROJECT 33\backend\sample_datasets\image_dataset\Surprise\Surprise_003.png,Surprise,1432,e67f9047b5d010970c10e5deec6ed17ee3081c5500201beea7d27161e0f7e87c
Surprise_004.png,E:\PROJECT 33\PROJECT 33\backend\sample_datasets\image_dataset\Surprise\Surprise_004.png,Surprise,1427,7478fd2a10741fa61dd247c6d2e8c10a909f058f926c3845e68b4e7d578c2a87
Surprise_005.png,E:\PROJECT 33\PROJECT 33\backend\sample_datasets\image_dataset\Surprise\Surprise_005.png,Surprise,1428,25af59bcb4b2e725e0a5e17c79d0f04b03343f4fa8d26e3d594a307ecc6b4235
Surprise_006.png,E:\PROJECT 33\PROJECT 33\backend\sample_datasets\image_dataset\Surprise\Surprise_006.png,Surprise,1419,52b1610b2e0b0946d147a2c723fb758dd58d90650b8a469e086af63e563b3ed7
Surprise_007.png,E:\PROJECT 33\PROJECT 33\backend\sample_datasets\image_dataset\Surprise\Surprise_007.png,Surprise,1427,2917402ea7a65a01f6e262bea22776d8e71aaac8346e8a366823e1b44f861d80
Surprise_008.png,E:\PROJECT 33\PROJECT 33\backend\sample_datasets\image_dataset\Surprise\Surprise_008.png,Surprise,1419,953b183996d01a8439ad8118fe51c0d81297be3d1d5968910fc6408f34648532
Surprise_009.png,E:\PROJECT 33\PROJECT 33\backend\sample_datasets\image_dataset\Surprise\Surprise_009.png,Surprise,1433,544ebab5f909a53583054014fef7e82ab6a59f23009af63b872df2328f5ef45f
Surprise_010.png,E:\PROJECT 33\PROJECT 33\backend\sample_datasets\image_dataset\Surprise\Surprise_010.png,Surprise,1416,c5b4cf57f8cf11f267deab65db4dd52f3a5c553ee38082534cff73698818db76
Surprise_011.png,E:\PROJECT 33\PROJECT 33\backend\sample_datasets\image_dataset\Surprise\Surprise_011.png,Surprise,1414,9121eeb188a19bcaddcbb2e3bb9c51cd03f9bda858ea09282d6829357c0ff118
Surprise_012.png,E:\PROJECT 33\PROJECT 33\backend\sample_datasets\image_dataset\Surprise\Surprise_012.png,Surprise,1412,abaabe930df7a012868f8faed8100c9a17befcf2783c0eef6cf2ff31134840f7
Surprise_013.png,E:\PROJECT 33\PROJECT 33\backend\sample_datasets\image_dataset\Surprise\Surprise_013.png,Surprise,1427,0e310ddbdcf04894bb4bd7bf6e9947423b75221b5f9bd0da9639a632be0bc8d4
Surprise_014.png,E:\PROJECT 33\PROJECT 33\backend\sample_datasets\image_dataset\Surprise\Surprise_014.png,Surprise,1435,e52e4c1bedf703416b4a0a086747e9e41b29013b757cfbd59c6c159c6d836e40
Surprise_015.png,E:\PROJECT 33\PROJECT 33\backend\sample_datasets\image_dataset\Surprise\Surprise_015.png,Surprise,1429,5e9d8d519e6560371cee78801fc3e10848b6a5d855b4855f434bb8ea028c3172
Surprise_016.png,E:\PROJECT 33\PROJECT 33\backend\sample_datasets\image_dataset\Surprise\Surprise_016.png,Surprise,1423,4ac92e6cf187977dc0dd4159e9fa466d78dc6ab863e2d3585f33a587a9ab3cb4
Surprise_017.png,E:\PROJECT 33\PROJECT 33\backend\sample_datasets\image_dataset\Surprise\Surprise_017.png,Surprise,1416,172b583b979437c2224fa7b120b4990b9ece425ac23e528f55052583e6bdc08d
Surprise_018.png,E:\PROJECT 33\PROJECT 33\backend\sample_datasets\image_dataset\Surprise\Surprise_018.png,Surprise,1420,64bce632cc43159c180a262e5517ad81396556625e96026178617b8f5b402a3d
Surprise_019.png,E:\PROJECT 33\PROJECT 33\backend\sample_datasets\image_dataset\Surprise\Surprise_019.png,Surprise,1411,3ed9928ec35108b37abe5ca8914d57bd63e35363b71c77eb3d31465f4b3e2598
Surprise_020.png,E:\PROJECT 33\PROJECT 33\backend\sample_datasets\image_dataset\Surprise\Surprise_020.png,Surprise,1427,e78cc735668c4f6ba8acaf4f801f5e441ce0b4923495c0a0ee89a648b894af0b
Surprise_021.png,E:\PROJECT 33\PROJECT 33\backend\sample_datasets\image_dataset\Surprise\Surprise_021.png,Surprise,1431,1b524836193913ff06ab70655b590993efe50d85a02be3310e6c28157731fd4d
Surprise_022.png,E:\PROJECT 33\PROJECT 33\backend\sample_datasets\image_dataset\Surprise\Surprise_022.png,Surprise,1417,110cc6e0aefee0b59e03ba4a94927afd9757c8fcb5a4f369f772f9d58e49c013
Surprise_023.png,E:\PROJECT 33\PROJECT 33\backend\sample_datasets\image_dataset\Surprise\Surprise_023.png,Surprise,1417,739c8b6cc64efe5b7dd12625b497ad6c1c75a34205cf39093564b201332eac70
Surprise_024.png,E:\PROJECT 33\PROJECT 33\backend\sample_datasets\image_dataset\Surprise\Surprise_024.png,Surprise,1419,1985491686088cb69ce233a61ab0508c6f33676a4eddea6d9af3e2bf2e9e91ed
Surprise_025.png,E:\PROJECT 33\PROJECT 33\backend\sample_datasets\image_dataset\Surprise\Surprise_025.png,Surprise,1417,65a7cd4cc23931c2e0671c563899fd215811cde7585ad66b3c5861bca6592551
Surprise_026.png,E:\PROJECT 33\PROJECT 33\backend\sample_datasets\image_dataset\Surprise\Surprise_026.png,Surprise,1417,b7c84c167b69bceaae0f074896bde1bdb3ca3ff1e790731485e1a441aa826eda
Surprise_027.png,E:\PROJECT 33\PROJECT 33\backend\sample_datasets\image_dataset\Surprise\Surprise_027.png,Surprise,1415,c0106357758cd5474a69eedb521ceb076ca05eaaa563c5e729c02103273f9030
Surprise_028.png,E:\PROJECT 33\PROJECT 33\backend\sample_datasets\image_dataset\Surprise\Surprise_028.png,Surprise,1417,90a5e3fd417232b41f9c6c53920bd619966faa7ac6233e70b664ea464eb8c468
Surprise_029.png,E:\PROJECT 33\PROJECT 33\backend\sample_datasets\image_dataset\Surprise\Surprise_029.png,Surprise,1427,e33d339bb5ab85919109553fe99e9bccb1efceed05c763c4cc65a6a04cfc8ea2
Surprise_030.png,E:\PROJECT 33\PROJECT 33\backend\sample_datasets\image_dataset\Surprise\Surprise_030.png,Surprise,1427,291c25202ae0be86bad3bfe196069a3ec0d10d34ad3ef8e7b38ffb5801760880
Surprise_031.png,E:\PROJECT 33\PROJECT 33\backend\sample_datasets\image_dataset\Surprise\Surprise_031.png,Surprise,1424,2e302151874c03ea7ba5021e71939b18ae97ab8da77a8e4d0034391923113877
Surprise_032.png,E:\PROJECT 33\PROJECT 33\backend\sample_datasets\image_dataset\Surprise\Surprise_032.png,Surprise,1422,da6fcde72182d34d3c86ffd4ab38782029ed51d1105f269521d49f9f6b30c124
Surprise_033.png,E:\PROJECT 33\PROJECT 33\backend\sample_datasets\image_dataset\Surprise\Surprise_033.png,Surprise,1427,f1f1d64b2b445c98cd2989fc45af036d972e261753189adbc49821e7013fc521
Surprise_034.png,E:\PROJECT 33\PROJECT 33\backend\sample_datasets\image_dataset\Surprise\Surprise_034.png,Surprise,1415,c83ddd7979df28e4f3457a91246b060131a13d526a9da4b2d0131102b0faa77f
Surprise_035.png,E:\PROJECT 33\PROJECT 33\backend\sample_datasets\image_dataset\Surprise\Surprise_035.png,Surprise,1430,f16adaafe418491a559cb3e132b562b18d0b2fa54056aff7a11278ffa5dfcbf9
Surprise_036.png,E:\PROJECT 33\PROJECT 33\backend\sample_datasets\image_dataset\Surprise\Surprise_036.png,Surprise,1420,6390aee13fc562f5cb69430c23aeca5afdb62ebb685e492bd820ca5a4cea1b60
Surprise_037.png,E:\PROJECT 33\PROJECT 33\backend\sample_datasets\image_dataset\Surprise\Surprise_037.png,Surprise,1415,85baa170950b85816b75e3a7aff3cde28b185bb1e3a7dd5829cbb6b259e57a77
Surprise_038.png,E:\PROJECT 33\PROJECT 33\backend\sample_datasets\image_dataset\Surprise\Surprise_038.png,Surprise,1417,833542bbfb59e46facc847f334237fbd343d8d4c8609193b27677866e94035a0
Surprise_039.png,E:\PROJECT 33\PROJECT 33\backend\sample_datasets\image_dataset\Surprise\Surprise_039.png,Surprise,1419,70dbe87f08245a422bfc90977095e251805f7fac451f200d91089dc00ffb05a3
Surprise_040.png,E:\PROJECT 33\PROJECT 33\backend\sample_datasets\image_dataset\Surprise\Surprise_040.png,Surprise,1416,2c3c77dd1a41996d1709638ad391ee28824cdf74e848ca6859cb2d5ca633cdb8
Surprise_041.png,E:\PROJECT 33\PROJECT 33\backend\sample_datasets\image_dataset\Surprise\Surprise_041.png,Surprise,1429,4c9f34a69467dbb2b75c510a740eae75974d26aa7a80082ac58521d01c190a34
Surprise_042.png,E:\PROJECT 33\PROJECT 33\backend\sample_datasets\image_dataset\Surprise\Surprise_042.png,Surprise,1405,80d8321377b1d841a888f8d4a9fe89bc54593e5ee782e34402e64cab96517505
Surprise_043.png,E:\PROJECT 33\PROJECT 33\backend\sample_datasets\image_dataset\Surprise\Surprise_043.png,Surprise,1432,7cdccdeed4c54f0c30205b8781739bc6b9f8e2fd5b374485686265da9c314f1d
Surprise_044.png,E:\PROJECT 33\PROJECT 33\backend\sample_datasets\image_dataset\Surprise\Surprise_044.png,Surprise,1430,c1a0e298174fcae0008370fd7430975034742c55e7918ff6950aa5bc59c2cd84
Surprise_045.png,E:\PROJECT 33\PROJECT 33\backend\sample_datasets\image_dataset\Surprise\Surprise_045.png,Surprise,1431,fceee0c44829e08cbb2413bb9f6d7bfba2e730b3d1529d5b8a0b84a636e1c342
Surprise_046.png,E:\PROJECT 33\PROJECT 33\backend\sample_datasets\image_dataset\Surprise\Surprise_046.png,Surprise,1406,0a48e91a2f1e2bfc7cce98312d50e3d3b7169c1113529570ce0aee6ce4c26185
Surprise_047.png,E:\PROJECT 33\PROJECT 33\backend\sample_datasets\image_dataset\Surprise\Surprise_047.png,Surprise,1420,3dc5c59e39d1302f742a5a12c754b250d7e2924dc2ebd4f1246485f2cc8c0215
Surprise_048.png,E:\PROJECT 33\PROJECT 33\backend\sample_datasets\image_dataset\Surprise\Surprise_048.png,Surprise,1436,aa43474b29ce7a5d7d609afc762611e65cd6fff307721a3f77295337fb7c58d7
Surprise_049.png,E:\PROJECT 33\PROJECT 33\backend\sample_datasets\image_dataset\Surprise\Surprise_049.png,Surprise,1415,01a06288f7ba181e3f58d5e0c3507caf2a7e673158930ed466b09957a39194ce
Surprise_050.png,E:\PROJECT 33\PROJECT 33\backend\sample_datasets\image_dataset\Surprise\Surprise_050.png,Surprise,1422,e8557d7536f67da6d83a70e92fcf4d04a55848cef83ae80856718e7af0dfd85b
Surprise_051.png,E:\PROJECT 33\PROJECT 33\backend\sample_datasets\image_dataset\Surprise\Surprise_051.png,Surprise,1433,643404c2a31c9532d570f4be81a57f5b4ca345376bbc7cb952a6bf82785403e6
Surprise_052.png,E:\PROJECT 33\PROJECT 33\backend\sample_datasets\image_dataset\Surprise\Surprise_052.png,Surprise,1419,fa27074e9e857ffd5996c282210d4b00237d48d52f27a4c139b70d05ae20200e
Surprise_053.png,E:\PROJECT 33\PROJECT 33\backend\sample_datasets\image_dataset\Surprise\Surprise_053.png,Surprise,1426,ae180ceb67cd04b902ada31907d2c9936eb9c7f64276703f13afbe1a6e9e5e2c
Surprise_054.png,E:\PROJECT 33\PROJECT 33\backend\sample_datasets\image_dataset\Surprise\Surprise_054.png,Surprise,1436,4d18423800554d73235033792e2d19ed92ba0c8fc2b6c571c510788116c99b20
Surprise_055.png,E:\PROJECT 33\PROJECT 33\backend\sample_datasets\image_dataset\Surprise\Surprise_055.png,Surprise,1420,1e821780af1e57fa416e675d91408be99e9d32a7dbf640fad3bc924b3672d506
Surprise_056.png,E:\PROJECT 33\PROJECT 33\backend\sample_datasets\image_dataset\Surprise\Surprise_056.png,Surprise,1414,ccd5c4f815b101e10c37c35026a88c0027aabb98f3d5524f0255ac51b6135ed9
Surprise_057.png,E:\PROJECT 33\PROJECT 33\backend\sample_datasets\image_dataset\Surprise\Surprise_057.png,Surprise,1419,515c51b5d1ffddc39eb9391953415cc0deeef55e9d408d811ba6b541a997ef52
Surprise_058.png,E:\PROJECT 33\PROJECT 33\backend\sample_datasets\image_dataset\Surprise\Surprise_058.png,Surprise,1419,a6da63c87134ff798083e52f764218a4e05ca53fe9f4ef98fa8c7238e3b66308
Surprise_059.png,E:\PROJECT 33\PROJECT 33\backend\sample_datasets\image_dataset\Surprise\Surprise_059.png,Surprise,1412,eb555f6905b1af1e30c8a6db5a553498ffd11a3306803abf0c06ffa592349752
Surprise_060.png,E:\PROJECT 33\PROJECT 33\backend\sample_datasets\image_dataset\Surprise\Surprise_060.png,Surprise,1445,5757dfc0b2da3c77472239c7765a213c71fefdfb93eeda4a1f88d5ac5c214573
Surprise_061.png,E:\PROJECT 33\PROJECT 33\backend\sample_datasets\image_dataset\Surprise\Surprise_061.png,Surprise,1431,a37eb9fb44e38a015325dff3b699eef7735907ffd712cbf5fe3b167d28b2a205
Surprise_062.png,E:\PROJECT 33\PROJECT 33\backend\sample_datasets\image_dataset\Surprise\Surprise_062.png,Surprise,1427,ba2f08a4badd49c9eeeb99fd2f5fa9dbb3618a19ee90e2b9229cab28cd4836a9
Surprise_063.png,E:\PROJECT 33\PROJECT 33\backend\sample_datasets\image_dataset\Surprise\Surprise_063.png,Surprise,1422,4eec78787861de92c47a21e744abbbd515ceb7b923e758ae825694fec70ab853
Surprise_064.png,E:\PROJECT 33\PROJECT 33\backend\sample_datasets\image_dataset\Surprise\Surprise_064.png,Surprise,1421,aa8bd44f094e5b3f46dcf3e26f82deb6c0757e874e999d93c1c8788a8238f0b6
Surprise_065.png,E:\PROJECT 33\PROJECT 33\backend\sample_datasets\image_dataset\Surprise\Surprise_065.png,Surprise,1418,e264ebe52009e83801a26ccd9ba9b2c6c0c77d98c86d58cd80e1c9f80bfe8ebc
Surprise_066.png,E:\PROJECT 33\PROJECT 33\backend\sample_datasets\image_dataset\Surprise\Surprise_066.png,Surprise,1418,69df9b756c3663ed84f47cb017d9f1758fb08c1c6b6af7a4db22e525e5841852
Surprise_067.png,E:\PROJECT 33\PROJECT 33\backend\sample_datasets\image_dataset\Surprise\Surprise_067.png,Surprise,1428,99dd56841c7ead3b0601ee3bfd5e3b255c864b7c5e0c8bde11ead479be5b19de
Surprise_068.png,E:\PROJECT 33\PROJECT 33\backend\sample_datasets\image_dataset\Surprise\Surprise_068.png,Surprise,1421,8c47c7321a2515231576dab9c9039ef7aab61df7b8696b6b8ed42afa59330638
Surprise_069.png,E:\PROJECT 33\PROJECT 33\backend\sample_datasets\image_dataset\Surprise\Surprise_069.png,Surprise,1412,dd6b16e30a5af26435ca692d977d816747cebcaeb80cfaa60754d3a8089eac4b
Surprise_070.png,E:\PROJECT 33\PROJECT 33\backend\sample_datasets\image_dataset\Surprise\Surprise_070.png,Surprise,1426,4caf61ac03e16168e6734b01894e9b9497f9a4b87d341a0cf28e36f94149570a
Surprise_071.png,E:\PROJECT 33\PROJECT 33\backend\sample_datasets\image_dataset\Surprise\Surprise_071.png,Surprise,1435,e311580d9f94c7eace302bfdf495c0415dd7332e3a4c444f6e44fd3a1cbca80c
Surprise_072.png,E:\PROJECT 33\PROJECT 33\backend\sample_datasets\image_dataset\Surprise\Surprise_072.png,Surprise,1415,3952b99c8cc728a66b67150f97a23b6307af36fef91bcc597d1e6ae84c0919c9
Surprise_073.png,E:\PROJECT 33\PROJECT 33\backend\sample_datasets\image_dataset\Surprise\Surprise_073.png,Surprise,1428,fbbbc909b109203e674403e8186fa3b630b88bf4fa2b44198e5c02bba085a52e
Surprise_074.png,E:\PROJECT 33\PROJECT 33\backend\sample_datasets\image_dataset\Surprise\Surprise_074.png,Surprise,1413,fe3845fa428bf32542553960c305229e9ce686bd0df17f2d8b74a4a6e7ed6408
Surprise_075.png,E:\PROJECT 33\PROJECT 33\backend\sample_datasets\image_dataset\Surprise\Surprise_075.png,Surprise,1420,763358e879757fab952cc4970991e7e750fbd44889e5fc2588857070d590e076
Surprise_076.png,E:\PROJECT 33\PROJECT 33\backend\sample_datasets\image_dataset\Surprise\Surprise_076.png,Surprise,1410,36264ef860fa030ca30784d1925183b38428843bd7e591f9cc2d42753c5a39a5
Surprise_077.png,E:\PROJECT 33\PROJECT 33\backend\sample_datasets\image_dataset\Surprise\Surprise_077.png,Surprise,1423,62efa8ffab20787fb990a60b3601ea9fe02fcb5fe5c9fca56ebde485817a6a15
Surprise_078.png,E:\PROJECT 33\PROJECT 33\backend\sample_datasets\image_dataset\Surprise\Surprise_078.png,Surprise,1426,130dc0d46e61089c9d751e613f1a1203d32a86d373567262cd1c38181b3956ef
Surprise_079.png,E:\PROJECT 33\PROJECT 33\backend\sample_datasets\image_dataset\Surprise\Surprise_079.png,Surprise,1407,8b755b559c5f530c1f5c43166f4f86e01aeebc0d8b15f564748f627a60ee5129
Surprise_080.png,E:\PROJECT 33\PROJECT 33\backend\sample_datasets\image_dataset\Surprise\Surprise_080.png,Surprise,1430,65ccc2d28aaa4c7c4e8bc18640abecb4028630d4793ccd2f07197e8ace550111
Surprise_081.png,E:\PROJECT 33\PROJECT 33\backend\sample_datasets\image_dataset\Surprise\Surprise_081.png,Surprise,1424,546fc037fbd851493482dd39293bc5d076b602e0d6b3825a7f1ed9b79142b8e1
Surprise_082.png,E:\PROJECT 33\PROJECT 33\backend\sample_datasets\image_dataset\Surprise\Surprise_082.png,Surprise,1423,d68c658aa4bae9f5bd85db71de418e082e811ee5178d455dc4a3bded1d715b03
Surprise_083.png,E:\PROJECT 33\PROJECT 33\backend\sample_datasets\image_dataset\Surprise\Surprise_083.png,Surprise,1432,e490f9ecb1a0bcc599d5ba0be9c0ce5d9feab53c14affed5c48a107ff1c45adc
Surprise_084.png,E:\PROJECT 33\PROJECT 33\backend\sample_datasets\image_dataset\Surprise\Surprise_084.png,Surprise,1427,402354e3b3f4d6b44f9b9cff1288d8a1ac8e01de233c31db41d8eb3869c83d82
Surprise_085.png,E:\PROJECT 33\PROJECT 33\backend\sample_datasets\image_dataset\Surprise\Surprise_085.png,Surprise,1403,124fc0c5bf44dc0a48e3af2b000df1fab00b0e50e865d6e656d39eac5097052e
Surprise_086.png,E:\PROJECT 33\PROJECT 33\backend\sample_datasets\image_dataset\Surprise\Surprise_086.png,Surprise,1416,afab02eddfa52038b05828fedb0b8c53676628383791907c31b26b8ef922bfe5
Surprise_087.png,E:\PROJECT 33\PROJECT 33\backend\sample_datasets\image_dataset\Surprise\Surprise_087.png,Surprise,1426,ea022b3804f2ea1828a167b6e05403c4a56af6bf878820c78c9e69fdd0199bcd
Surprise_088.png,E:\PROJECT 33\PROJECT 33\backend\sample_datasets\image_dataset\Surprise\Surprise_088.png,Surprise,1420,c0d1442fe4f9d3e6386a216cad27c3ba4e330d58f2e6e63bcca99644e778ea31
Surprise_089.png,E:\PROJECT 33\PROJECT 33\backend\sample_datasets\image_dataset\Surprise\Surprise_089.png,Surprise,1415,92925985b24d318a9ef94090a3b5e90b8581c64e5673e15d52134263a49686e9
Surprise_090.png,E:\PROJECT 33\PROJECT 33\backend\sample_datasets\image_dataset\Surprise\Surprise_090.png,Surprise,1420,22d86880e808c306800a468968ab074ab70a80f9a4d26d072b86abcadce84f27
Surprise_091.png,E:\PROJECT 33\PROJECT 33\backend\sample_datasets\image_dataset\Surprise\Surprise_091.png,Surprise,1424,096fb57378b45f26643384b575c56a287c3281eb70a2a6f3ddaed69573e626e2
Surprise_092.png,E:\PROJECT 33\PROJECT 33\backend\sample_datasets\image_dataset\Surprise\Surprise_092.png,Surprise,1437,e7087a5ff1a4cc10fe0f53791be0cd762fa1b3169058896225bcf8974dcc577e
Surprise_093.png,E:\PROJECT 33\PROJECT 33\backend\sample_datasets\image_dataset\Surprise\Surprise_093.png,Surprise,1422,22b12b554e92b5c137a6c837f746e1cb1df5d9c706a70d3a88c73aaee3849414
Surprise_094.png,E:\PROJECT 33\PROJECT 33\backend\sample_datasets\image_dataset\Surprise\Surprise_094.png,Surprise,1411,7d5bf19decd47f03f9361bc06f29b5232b80f74aa4c26abfa7d8ef7e7c86c560
Surprise_095.png,E:\PROJECT 33\PROJECT 33\backend\sample_datasets\image_dataset\Surprise\Surprise_095.png,Surprise,1429,f67dd3dd1339bfb5f1b365493152487941f6f406319ca23f8a9dcf6b5535e1f5
Surprise_096.png,E:\PROJECT 33\PROJECT 33\backend\sample_datasets\image_dataset\Surprise\Surprise_096.png,Surprise,1425,13310121d39d7a10581bda94ab36e97aad02f3cd7cf02201b6055b37a3d47b6c
Surprise_097.png,E:\PROJECT 33\PROJECT 33\backend\sample_datasets\image_dataset\Surprise\Surprise_097.png,Surprise,1433,12c15bb910d0d69b143ceeaab2099c8e6ec56a5d5326fd4b6ca2d9f370e25bba
Surprise_098.png,E:\PROJECT 33\PROJECT 33\backend\sample_datasets\image_dataset\Surprise\Surprise_098.png,Surprise,1427,3aa2687894e4ca0dbd657cd28d151db00771818e0ae8e49eb82ee2e45771cadc
Surprise_099.png,E:\PROJECT 33\PROJECT 33\backend\sample_datasets\image_dataset\Surprise\Surprise_099.png,Surprise,1411,8b43cc0acad483e04e3df065bd3a4b0368191a01416c280cf24a0b2e673849e2
Surprise_100.png,E:\PROJECT 33\PROJECT 33\backend\sample_datasets\image_dataset\Surprise\Surprise_100.png,Surprise,1426,8bc39d48996e094c80db9edab1a6f8c4c74b162bff6279f8477b29c20154fbb0
Surprise_101.png,E:\PROJECT 33\PROJECT 33\backend\sample_datasets\image_dataset\Surprise\Surprise_101.png,Surprise,1441,b5a99afa5b42834a5a967293415e4406815840aaecb52ae27999f6f1d9d4473f
Surprise_102.png,E:\PROJECT 33\PROJECT 33\backend\sample_datasets\image_dataset\Surprise\Surprise_102.png,Surprise,1421,e303a5aab52236a44f8b4ea7a0058b1f5cfcdd747156cb6d410a7c2573cde49d
Surprise_103.png,E:\PROJECT 33\PROJECT 33\backend\sample_datasets\image_dataset\Surprise\Surprise_103.png,Surprise,1417,0f860ba3316eda4be739fb3f7f4f1838d9012b676e8ac3ba633ac2a77ed059ce
Surprise_104.png,E:\PROJECT 33\PROJECT 33\backend\sample_datasets\image_dataset\Surprise\Surprise_104.png,Surprise,1434,52385a8109a8d01062b97a73e41700b796930c8411ddc3d74fbd86b38e6d836a
Surprise_105.png,E:\PROJECT 33\PROJECT 33\backend\sample_datasets\image_dataset\Surprise\Surprise_105.png,Surprise,1431,c471a67ae8ff80f3dabab6504f3d7bb65f5d8eeb24671605bc8d477c967ecf26
Surprise_106.png,E:\PROJECT 33\PROJECT 33\backend\sample_datasets\image_dataset\Surprise\Surprise_106.png,Surprise,1428,e9e7720d743659ecce71723be47567dc8e3b8f80a05794170ce6e7a5ab989b96
Surprise_107.png,E:\PROJECT 33\PROJECT 33\backend\sample_datasets\image_dataset\Surprise\Surprise_107.png,Surprise,1414,cdd5c9c208823136a0ee69312e98e77a9e49490936c9ebd07adcb377fed06164
Surprise_108.png,E:\PROJECT 33\PROJECT 33\backend\sample_datasets\image_dataset\Surprise\Surprise_108.png,Surprise,1418,3f8603ccc40decc89132e0b1d965bf6cbd3cb0c2c2f2adfb183e7fe3a508517b
Surprise_109.png,E:\PROJECT 33\PROJECT 33\backend\sample_datasets\image_dataset\Surprise\Surprise_109.png,Surprise,1419,32ea154cc783199301429ee4bacc6ca15e2ffe49aa9d32a2ecdb03e73beb7e2d
Surprise_110.png,E:\PROJECT 33\PROJECT 33\backend\sample_datasets\image_dataset\Surprise\Surprise_110.png,Surprise,1425,3624c069f7f5342f0e92d6c128e767c328ba6b763de31d2adca2dfdf311f9e3f
Surprise_111.png,E:\PROJECT 33\PROJECT 33\backend\sample_datasets\image_dataset\Surprise\Surprise_111.png,Surprise,1429,ca78b63a36977e91d613517a3b38810a487234b54831781c9e91fc5b553bf3b3
Surprise_112.png,E:\PROJECT 33\PROJECT 33\backend\sample_datasets\image_dataset\Surprise\Surprise_112.png,Surprise,1423,240c305dc6867b719b0d4c64c8710e146f4d75b0c0d96a0e46df91e4635ed3d6
Surprise_113.png,E:\PROJECT 33\PROJECT 33\backend\sample_datasets\image_dataset\Surprise\Surprise_113.png,Surprise,1428,8cf758a8c12d09144edca1cb067f42c1df751d42c6d36fde2b8390e2ca7e1954
Surprise_114.png,E:\PROJECT 33\PROJECT 33\backend\sample_datasets\image_dataset\Surprise\Surprise_114.png,Surprise,1424,32804a9264b3b9c39022a05f78da280086baa15c6672133ef13ea7d19e7670f6
Surprise_115.png,E:\PROJECT 33\PROJECT 33\backend\sample_datasets\image_dataset\Surprise\Surprise_115.png,Surprise,1423,6fe29f4b4f055f83bd73b16953be4ff556ecdf9f830cf9a807008716408fd592
Surprise_116.png,E:\PROJECT 33\PROJECT 33\backend\sample_datasets\image_dataset\Surprise\Surprise_116.png,Surprise,1432,59f4fc29cc69db67268aa16bbf349ebed6673f7366b60b2a773d5454a666a6d1
Surprise_117.png,E:\PROJECT 33\PROJECT 33\backend\sample_datasets\image_dataset\Surprise\Surprise_117.png,Surprise,1439,261fd2c418e9bf278c71550470d6e41c2d53affc444e8459de5eb2427abe7e31
Surprise_118.png,E:\PROJECT 33\PROJECT 33\backend\sample_datasets\image_dataset\Surprise\Surprise_118.png,Surprise,1421,fc0d06864fdd496f537265ddd2ca357824223b0cf2922bc3c82c56dcb5fc074e
Surprise_119.png,E:\PROJECT 33\PROJECT 33\backend\sample_datasets\image_dataset\Surprise\Surprise_119.png,Surprise,1412,7d5b0f50c677177cf253f9c32882b7f7dfd79a490d06e44560c261b62b0eac03
Surprise_120.png,E:\PROJECT 33\PROJECT 33\backend\sample_datasets\image_dataset\Surprise\Surprise_120.png,Surprise,1430,1810df756a52d4a7d8a2bd51a6483d20cf8a9f9e0ed4842586b2eae61c8e46e1
Surprise_121.png,E:\PROJECT 33\PROJECT 33\backend\sample_datasets\image_dataset\Surprise\Surprise_121.png,Surprise,1421,13be1c58678fcc43f1d209e0cbed02363b0e79db78b2a4e786fc4beab943ff2d
Surprise_122.png,E:\PROJECT 33\PROJECT 33\backend\sample_datasets\image_dataset\Surprise\Surprise_122.png,Surprise,1411,da6b9ecb2e722446246b9a5d0ac5ff09a14692289292cfdee29c80368f58dc00
Surprise_123.png,E:\PROJECT 33\PROJECT 33\backend\sample_datasets\image_dataset\Surprise\Surprise_123.png,Surprise,1429,62e0a7e491e7dad254e5b0c430e88b5c4aa7b17f9ec32c187466fe046f582901
Surprise_124.png,E:\PROJECT 33\PROJECT 33\backend\sample_datasets\image_dataset\Surprise\Surprise_124.png,Surprise,1424,23b489833f295ce64bfd1b4f6d38afc01b60bf519d22a8a57cf778615fe6b55a
Surprise_125.png,E:\PROJECT 33\PROJECT 33\backend\sample_datasets\image_dataset\Surprise\Surprise_125.png,Surprise,1415,8af18586a9a314fee144f5fd40e9154d840ef95c43d637e4a82ce9324e18e7fc
Surprise_126.png,E:\PROJECT 33\PROJECT 33\backend\sample_datasets\image_dataset\Surprise\Surprise_126.png,Surprise,1407,9f71f807ec752f1a9dcd10d2804acabdfe5c2f7e1ae4ee9ac43f32208ce25dc6
Surprise_127.png,E:\PROJECT 33\PROJECT 33\backend\sample_datasets\image_dataset\Surprise\Surprise_127.png,Surprise,1434,6760216d67ad3d3085b35045659a96f1807a159d450870d7b52d825875495866
Surprise_128.png,E:\PROJECT 33\PROJECT 33\backend\sample_datasets\image_dataset\Surprise\Surprise_128.png,Surprise,1420,0a6265a4b4c0fb94deed6c0bb8db58c157328f096e935fa5c479277481f0ad3a
Surprise_129.png,E:\PROJECT 33\PROJECT 33\backend\sample_datasets\image_dataset\Surprise\Surprise_129.png,Surprise,1422,d9568a677c30f8403faf392d45a5c45a0edbfed1a8778ec8682464eb68ea7067
Surprise_130.png,E:\PROJECT 33\PROJECT 33\backend\sample_datasets\image_dataset\Surprise\Surprise_130.png,Surprise,1434,1197a648c46bae219a1c3aafdef0e4913c1536664ba4dfac072fa4904e70c2a6
Surprise_131.png,E:\PROJECT 33\PROJECT 33\backend\sample_datasets\image_dataset\Surprise\Surprise_131.png,Surprise,1425,4b7ac985e18f3305b13d02871f534cad345c8863ec8624bca4fa0e49163c08bb
Surprise_132.png,E:\PROJECT 33\PROJECT 33\backend\sample_datasets\image_dataset\Surprise\Surprise_132.png,Surprise,1429,515005d550de1822bace3e6090d15c4aa11692aaf3f210eec825d896b4e39b05
Surprise_133.png,E:\PROJECT 33\PROJECT 33\backend\sample_datasets\image_dataset\Surprise\Surprise_133.png,Surprise,1430,3523ad03ef546cc216e5a040c6f2bf98f76cd06123b1f1dd219044fea11f7b65
Surprise_134.png,E:\PROJECT 33\PROJECT 33\backend\sample_datasets\image_dataset\Surprise\Surprise_134.png,Surprise,1424,d83c0178592c6b00bfc19605c052a67535c09dedab14a8345531ef217cd58886
Surprise_135.png,E:\PROJECT 33\PROJECT 33\backend\sample_datasets\image_dataset\Surprise\Surprise_135.png,Surprise,1429,f3021e23c48e25edff9801361734409d67b55d60f780edfe49a0fe0fedd44eb6
Surprise_136.png,E:\PROJECT 33\PROJECT 33\backend\sample_datasets\image_dataset\Surprise\Surprise_136.png,Surprise,1431,4e91e54a7df4b782bd3a73dabfec658bfbf108009d0177ec163074076ea9f8b6
Surprise_137.png,E:\PROJECT 33\PROJECT 33\backend\sample_datasets\image_dataset\Surprise\Surprise_137.png,Surprise,1426,7d73013ea4244242993ba8dee7e5c0fb46d46671517de8834b4245baea3fcb27
Surprise_138.png,E:\PROJECT 33\PROJECT 33\backend\sample_datasets\image_dataset\Surprise\Surprise_138.png,Surprise,1431,4223196f636a64e3b8a0c74bd721aabb6757945099d4ecc40035beb2856ab9cf
Surprise_139.png,E:\PROJECT 33\PROJECT 33\backend\sample_datasets\image_dataset\Surprise\Surprise_139.png,Surprise,1430,8d996ad7663360bb8ed720775bdcbd6f9b8dfbacae4a06742785293a2fdf4cf9
Surprise_140.png,E:\PROJECT 33\PROJECT 33\backend\sample_datasets\image_dataset\Surprise\Surprise_140.png,Surprise,1426,56da888c226e76b8a52123348002bd9aea796a8cb4461a4a7a7a3407a466bbb8
Surprise_141.png,E:\PROJECT 33\PROJECT 33\backend\sample_datasets\image_dataset\Surprise\Surprise_141.png,Surprise,1419,be0facd8af2ce252d9148bf86d9afb97133a0ee2bd1f7f7752a51c0f921ccefa
Surprise_142.png,E:\PROJECT 33\PROJECT 33\backend\sample_datasets\image_dataset\Surprise\Surprise_142.png,Surprise,1419,a8d97e4c9500cfa7ea42e4d7de64763f48abee85ac197e3e232d7136b2e7319b
Surprise_143.png,E:\PROJECT 33\PROJECT 33\backend\sample_datasets\image_dataset\Surprise\Surprise_143.png,Surprise,1414,19d4533b59d29638f612c2c5fe21e894c3b8de7c3a5609cc9aebe56edb1aab26
Surprise_144.png,E:\PROJECT 33\PROJECT 33\backend\sample_datasets\image_dataset\Surprise\Surprise_144.png,Surprise,1419,08a47a3296de43eee7d094a636c14cb564dc411d78834ae454c4c6305bf258cc
Surprise_145.png,E:\PROJECT 33\PROJECT 33\backend\sample_datasets\image_dataset\Surprise\Surprise_145.png,Surprise,1417,c734d404a916c99a4015f0b93ace6a34fccfe638c01416ad694975e2137bb0f4
Surprise_146.png,E:\PROJECT 33\PROJECT 33\backend\sample_datasets\image_dataset\Surprise\Surprise_146.png,Surprise,1426,a2c642da13d1cd2216b3a03f539e4dad280ce4a234076529ca8d7eebfe80eb81
Surprise_147.png,E:\PROJECT 33\PROJECT 33\backend\sample_datasets\image_dataset\Surprise\Surprise_147.png,Surprise,1427,fb9d5309ff72accfd6a92b450ab0102450478bcfe588bfecc48288736e4995d3
Surprise_148.png,E:\PROJECT 33\PROJECT 33\backend\sample_datasets\image_dataset\Surprise\Surprise_148.png,Surprise,1416,0119b0813b074a62dfff88be891e8336fd368861513219ef8649fbd693be5fe3
Surprise_149.png,E:\PROJECT 33\PROJECT 33\backend\sample_datasets\image_dataset\Surprise\Surprise_149.png,Surprise,1430,a511922c35b3f1f66f384864ece53e4f4a0e1e54353d727a694e7f58cd3f4be2
Surprise_150.png,E:\PROJECT 33\PROJECT 33\backend\sample_datasets\image_dataset\Surprise\Surprise_150.png,Surprise,1424,b766d09fff02d77bfbd789b2c63a3da8f1376c982e2bd44583e4c627ef92995f
Surprise_151.png,E:\PROJECT 33\PROJECT 33\backend\sample_datasets\image_dataset\Surprise\Surprise_151.png,Surprise,1428,2579d9d303b359da552f6895a48fda05c171a4f170bbe3a73b69aa62ca06298e
Surprise_152.png,E:\PROJECT 33\PROJECT 33\backend\sample_datasets\image_dataset\Surprise\Surprise_152.png,Surprise,1428,b42faeb0f3115f747ab1ff21b434107c8364aa920847025f9934afd849740de5
Surprise_153.png,E:\PROJECT 33\PROJECT 33\backend\sample_datasets\image_dataset\Surprise\Surprise_153.png,Surprise,1423,fb971942b2575c4277e0fdb983acdbfad0fdd4d7c076962e3719c4204ddd1cc2
Surprise_154.png,E:\PROJECT 33\PROJECT 33\backend\sample_datasets\image_dataset\Surprise\Surprise_154.png,Surprise,1424,1f819d83f43296667722fb3c3fb620de039c9ca8bd040b89b66eee2fe8cf62b6
Surprise_155.png,E:\PROJECT 33\PROJECT 33\backend\sample_datasets\image_dataset\Surprise\Surprise_155.png,Surprise,1418,9ba565bb58754327efc74b3c76a3813844feb2ede508493c05ac251e8cdb8ded
Surprise_156.png,E:\PROJECT 33\PROJECT 33\backend\sample_datasets\image_dataset\Surprise\Surprise_156.png,Surprise,1415,8579abe5aa42270fc31b9e089272b01d027daceaa94f6fa36a53c67582893c5e
Surprise_157.png,E:\PROJECT 33\PROJECT 33\backend\sample_datasets\image_dataset\Surprise\Surprise_157.png,Surprise,1431,d42fbb9b2888868986a2b5f489d568ae67d3d97b6ecfe96611ad03ea9a904865
Surprise_158.png,E:\PROJECT 33\PROJECT 33\backend\sample_datasets\image_dataset\Surprise\Surprise_158.png,Surprise,1418,77bb4bcff37fb7c435ce6c498958792ccc424410cab6b06e06c61f5cd8a6d304
Surprise_159.png,E:\PROJECT 33\PROJECT 33\backend\sample_datasets\image_dataset\Surprise\Surprise_159.png,Surprise,1441,056782a69caf74f69fb8b58ec0d3fbae6dae4863119f74084727fca54f5af5db
Surprise_160.png,E:\PROJECT 33\PROJECT 33\backend\sample_datasets\image_dataset\Surprise\Surprise_160.png,Surprise,1432,516c8d58334b8e9b7e62c0ee24e2473acb01463ae44a0d5abec56f4d0a36331e
Surprise_161.png,E:\PROJECT 33\PROJECT 33\backend\sample_datasets\image_dataset\Surprise\Surprise_161.png,Surprise,1423,364c048072d150067495b6df1ae443b3656fbd45552b9b90b56d0efb5e8a363c
Surprise_162.png,E:\PROJECT 33\PROJECT 33\backend\sample_datasets\image_dataset\Surprise\Surprise_162.png,Surprise,1423,7b837261b10c695fd62698a92bd27e04dedba335ec0a8602db1a46c0d44feb63
Surprise_163.png,E:\PROJECT 33\PROJECT 33\backend\sample_datasets\image_dataset\Surprise\Surprise_163.png,Surprise,1441,152509aa66b828a90c4672f48e291b15f0ae39ee494aca1f6925e6a756d36eb2
Surprise_164.png,E:\PROJECT 33\PROJECT 33\backend\sample_datasets\image_dataset\Surprise\Surprise_164.png,Surprise,1416,f522a65dd7f1580169d36e8e146b30664d29c5b644bdf4c2a88614e814c40df1
Surprise_165.png,E:\PROJECT 33\PROJECT 33\backend\sample_datasets\image_dataset\Surprise\Surprise_165.png,Surprise,1428,23f46842c277d968fd9f4a4bfabc2888a95d7a013c06c2b315c2b33620430f25
Surprise_166.png,E:\PROJECT 33\PROJECT 33\backend\sample_datasets\image_dataset\Surprise\Surprise_166.png,Surprise,1415,9f3d23ba4f22e2bb4274aeaca68f9a6135f8de9ef9cd2937e20651ff89fc6d71
Surprise_167.png,E:\PROJECT 33\PROJECT 33\backend\sample_datasets\image_dataset\Surprise\Surprise_167.png,Surprise,1435,0e4abee88e3f3ba024c2a017dfeb15fe7f29f25fc7a622b9e1405624b7e26a3f
Surprise_168.png,E:\PROJECT 33\PROJECT 33\backend\sample_datasets\image_dataset\Surprise\Surprise_168.png,Surprise,1430,e09887522849bd11412f90dc39d82542386caa67c9431e80f7b2f191413eea2d
Surprise_169.png,E:\PROJECT 33\PROJECT 33\backend\sample_datasets\image_dataset\Surprise\Surprise_169.png,Surprise,1440,d56ee287dd19a002d8b90d381cfebdba9edb2c5ea855b8f0b265ebf09b8592a3
Surprise_170.png,E:\PROJECT 33\PROJECT 33\backend\sample_datasets\image_dataset\Surprise\Surprise_170.png,Surprise,1425,53a7a0c5d74b818780b1e8a0d2cff43943af16bff745208b0c02de0c65ff39ef
Surprise_171.png,E:\PROJECT 33\PROJECT 33\backend\sample_datasets\image_dataset\Surprise\Surprise_171.png,Surprise,1430,a52c2084394607885108b415e2cae5a8b3fb915ce55d28eb9aa1435fba93c11a
Surprise_172.png,E:\PROJECT 33\PROJECT 33\backend\sample_datasets\image_dataset\Surprise\Surprise_172.png,Surprise,1423,d6d01d228f644e9cc1a6cb53a05f08f6aa47391d1db382ac8a30bcf288139088
Surprise_173.png,E:\PROJECT 33\PROJECT 33\backend\sample_datasets\image_dataset\Surprise\Surprise_173.png,Surprise,1404,a1c9b722dcec604b0e18f859a0c05d2c8234c7512437bc2da224122688d6d9b5
Surprise_174.png,E:\PROJECT 33\PROJECT 33\backend\sample_datasets\image_dataset\Surprise\Surprise_174.png,Surprise,1415,5e671034e17b30579ee6a7a194a4b0a8fe0f0e9e40c5185c7167f7ad071cd1e0
Surprise_175.png,E:\PROJECT 33\PROJECT 33\backend\sample_datasets\image_dataset\Surprise\Surprise_175.png,Surprise,1428,b1115e731a81525e5a59c4af670908df75a67c775dc26e56b1208679bbb0d7c2
Surprise_176.png,E:\PROJECT 33\PROJECT 33\backend\sample_datasets\image_dataset\Surprise\Surprise_176.png,Surprise,1421,1433e3066c81a5868e37384369155c2fa37eda50fed0c4e8502eca8e63925eb4
Surprise_177.png,E:\PROJECT 33\PROJECT 33\backend\sample_datasets\image_dataset\Surprise\Surprise_177.png,Surprise,1425,6fbf3aaaa6121a3d746275b481fa8b667dcb9fb955d19058b7cd040a0f1589ee
Surprise_178.png,E:\PROJECT 33\PROJECT 33\backend\sample_datasets\image_dataset\Surprise\Surprise_178.png,Surprise,1423,d40688cdba42cb3f0e99c90ae61f31eabdfc7572bd772ecd00d4eb024649a4b6
Surprise_179.png,E:\PROJECT 33\PROJECT 33\backend\sample_datasets\image_dataset\Surprise\Surprise_179.png,Surprise,1429,687884940229e54c724890e9974d8e91c47d9f317c9ca176c7b67e4fe5eafc91
Surprise_180.png,E:\PROJECT 33\PROJECT 33\backend\sample_datasets\image_dataset\Surprise\Surprise_180.png,Surprise,1422,bd462b6c9fc6c30fb131317a6a79708e3a8ab27dc5d543d23b63e1c333c21918
Surprise_181.png,E:\PROJECT 33\PROJECT 33\backend\sample_datasets\image_dataset\Surprise\Surprise_181.png,Surprise,1434,56b4efadacfb4e4eab52978c4dc7cde0803747f686c2d9b24eb7878d90f272c1
Surprise_182.png,E:\PROJECT 33\PROJECT 33\backend\sample_datasets\image_dataset\Surprise\Surprise_182.png,Surprise,1424,5e2e2c8d04ab1311aeafc2a5b52dbb62aa9bc502e31d547b190f2dff75f9329b
Surprise_183.png,E:\PROJECT 33\PROJECT 33\backend\sample_datasets\image_dataset\Surprise\Surprise_183.png,Surprise,1427,7427ed431e2146e3064a336f564fc1d3aafc8302a2ea459a6bf12e95d35d8cd1
Surprise_184.png,E:\PROJECT 33\PROJECT 33\backend\sample_datasets\image_dataset\Surprise\Surprise_184.png,Surprise,1439,cd0c0dc5b93c5e579b09ba016820fb890e9422ab47b0555d13595db704dbf06b
Surprise_185.png,E:\PROJECT 33\PROJECT 33\backend\sample_datasets\image_dataset\Surprise\Surprise_185.png,Surprise,1422,c1bc8735eb428cd5c87156e5c5f317670898bf89d620988e61e57fcffea93759
Surprise_186.png,E:\PROJECT 33\PROJECT 33\backend\sample_datasets\image_dataset\Surprise\Surprise_186.png,Surprise,1419,5d66bab812738baaa62a4a97cbfb9ed58d9d734bc0086f7f25fc372b51e14713
Surprise_187.png,E:\PROJECT 33\PROJECT 33\backend\sample_datasets\image_dataset\Surprise\Surprise_187.png,Surprise,1419,b6052d5ccafaadf5302801ae2cef86f29885fd24308c5c33cb72f0f519f310cb
Surprise_188.png,E:\PROJECT 33\PROJECT 33\backend\sample_datasets\image_dataset\Surprise\Surprise_188.png,Surprise,1421,dd696275ab8f1d39df64846b8b1dcbefa0f16b7f7ed233d026a4407333e2291d
Surprise_189.png,E:\PROJECT 33\PROJECT 33\backend\sample_datasets\image_dataset\Surprise\Surprise_189.png,Surprise,1427,6b7880ee56658ca428c54321edec0f360c00f069ffc6675b9bc593345bbab3ad
Surprise_190.png,E:\PROJECT 33\PROJECT 33\backend\sample_datasets\image_dataset\Surprise\Surprise_190.png,Surprise,1412,c1cdc6d8748612744335f5381ce4f3d6a023392ff034a38974db84ff22a112d0
Surprise_191.png,E:\PROJECT 33\PROJECT 33\backend\sample_datasets\image_dataset\Surprise\Surprise_191.png,Surprise,1432,62490bfc4537844a78aaf248333620bd57aaff8cbb2f213e5237df209d83c8fe
Surprise_192.png,E:\PROJECT 33\PROJECT 33\backend\sample_datasets\image_dataset\Surprise\Surprise_192.png,Surprise,1412,fc3b518a94e4266f5c518aa0cb345191b6cbdb4129d6511c1f2c9c2669aaba3d
Surprise_193.png,E:\PROJECT 33\PROJECT 33\backend\sample_datasets\image_dataset\Surprise\Surprise_193.png,Surprise,1423,8de00390c00c636a8bb3232652f92d0ab8bd5c5eed2e229ade2b7dfb7b1d4135
Surprise_194.png,E:\PROJECT 33\PROJECT 33\backend\sample_datasets\image_dataset\Surprise\Surprise_194.png,Surprise,1398,b4a13fc75aa89a2aa62a356e1ddc7013eb95156ef2ba92570b58c4ec6819c0e4
Surprise_195.png,E:\PROJECT 33\PROJECT 33\backend\sample_datasets\image_dataset\Surprise\Surprise_195.png,Surprise,1428,ad061618fdf9734058ad1e1bb3da6e18c9e2d1415718ef0cbdd39bc10e0d8e2d
Surprise_196.png,E:\PROJECT 33\PROJECT 33\backend\sample_datasets\image_dataset\Surprise\Surprise_196.png,Surprise,1420,4cc036295b0512ee25662af6df3c635e4e48d0163db12875cf7a988ae82f72d5
Surprise_197.png,E:\PROJECT 33\PROJECT 33\backend\sample_datasets\image_dataset\Surprise\Surprise_197.png,Surprise,1424,0240725e94bc1d17f0d15ebb23ead99379bd50f5f41bcae9836e0657408ce431
Surprise_198.png,E:\PROJECT 33\PROJECT 33\backend\sample_datasets\image_dataset\Surprise\Surprise_198.png,Surprise,1419,78b1a7b0f8766c352a4f2bef36fae6a925744c7f830f4bd4bcb5e2386f051f5e
Surprise_199.png,E:\PROJECT 33\PROJECT 33\backend\sample_datasets\image_dataset\Surprise\Surprise_199.png,Surprise,1424,8b26d2472e034fa4fb474cb8b75ba9c8e309fc4061eafaa7f207b08287f0933a
Surprise_200.png,E:\PROJECT 33\PROJECT 33\backend\sample_datasets\image_dataset\Surprise\Surprise_200.png,Surprise,1440,6a603600369d64b8bcbf65fdee056465d9484fe08340e817dab30047f5e7a441
Surprise_201.png,E:\PROJECT 33\PROJECT 33\backend\sample_datasets\image_dataset\Surprise\Surprise_201.png,Surprise,1426,9292ce4ec042a3db2d259adf9d200af1291c0ef10e1389f5fdd38efee80e20d9
Surprise_202.png,E:\PROJECT 33\PROJECT 33\backend\sample_datasets\image_dataset\Surprise\Surprise_202.png,Surprise,1433,9bb37da48925237ca719a13a3dc663f34cc20fb8b909d866e1f57dae066addd2
Surprise_203.png,E:\PROJECT 33\PROJECT 33\backend\sample_datasets\image_dataset\Surprise\Surprise_203.png,Surprise,1440,97c5b4fbafc553b1babf09162872f9ce95f5742cbe0a48c5d7e183da0fa0b0ee
Surprise_204.png,E:\PROJECT 33\PROJECT 33\backend\sample_datasets\image_dataset\Surprise\Surprise_204.png,Surprise,1430,17e5919b4be0349d93e6e9e688a0d69c76e7bf4c5351201d7cbfd3e2489688af
Surprise_205.png,E:\PROJECT 33\PROJECT 33\backend\sample_datasets\image_dataset\Surprise\Surprise_205.png,Surprise,1410,f2a3f6a76a5b2ce8d0151ebf88a29b3e2a4ffd2a2b0c3cce8e2f868557018f6c
Surprise_206.png,E:\PROJECT 33\PROJECT 33\backend\sample_datasets\image_dataset\Surprise\Surprise_206.png,Surprise,1412,00ebb86d0563dedbfedc1022e5ebccf4a05b5e71f3f75182697873af0cffc19e
Surprise_207.png,E:\PROJECT 33\PROJECT 33\backend\sample_datasets\image_dataset\Surprise\Surprise_207.png,Surprise,1413,b7b5edaae9af696d2ebf11f5792d092673291666d7b4d04cbf525690328c9b20
Surprise_208.png,E:\PROJECT 33\PROJECT 33\backend\sample_datasets\image_dataset\Surprise\Surprise_208.png,Surprise,1422,686eec2204bd9ae24b9bec7819bb4521ff51c210df3ee79d341f3a3c01d885e2
Surprise_209.png,E:\PROJECT 33\PROJECT 33\backend\sample_datasets\image_dataset\Surprise\Surprise_209.png,Surprise,1431,273d53f4b8ccfd51c6f0b04a1c1eca73c384d8dc93f5953d03346fb7fd9d1f0c
Surprise_210.png,E:\PROJECT 33\PROJECT 33\backend\sample_datasets\image_dataset\Surprise\Surprise_210.png,Surprise,1438,ec01f7af6d1c00ab8795f69877e1bedcd8ad1699016f3cf6d92b3a0e30a32a15
Surprise_211.png,E:\PROJECT 33\PROJECT 33\backend\sample_datasets\image_dataset\Surprise\Surprise_211.png,Surprise,1425,601921f68faf4207e48f1bd7c4c50ad96ce1aeccfbb14777abc3bd14774fea68
Surprise_212.png,E:\PROJECT 33\PROJECT 33\backend\sample_datasets\image_dataset\Surprise\Surprise_212.png,Surprise,1417,69ef89d43cf7a3468815edc941d9e77161fb375bfec81793acbd87731f625882
Surprise_213.png,E:\PROJECT 33\PROJECT 33\backend\sample_datasets\image_dataset\Surprise\Surprise_213.png,Surprise,1427,07ba7573ccdc46f55bac9194b5d232461863c43f1228f4e4a1c21b68d14d4340
Surprise_214.png,E:\PROJECT 33\PROJECT 33\backend\sample_datasets\image_dataset\Surprise\Surprise_214.png,Surprise,1429,dc0646ab3ab94e2f9ef98d25c268160b0676fca9b75b78e827047d6588c5c858
Surprise_215.png,E:\PROJECT 33\PROJECT 33\backend\sample_datasets\image_dataset\Surprise\Surprise_215.png,Surprise,1426,f3b38533745834ef6564c9d11b7017602674d2720957b77f45371ae4027b7ecb
Surprise_216.png,E:\PROJECT 33\PROJECT 33\backend\sample_datasets\image_dataset\Surprise\Surprise_216.png,Surprise,1423,33197425f663f00e8aefb6e1d8274245479cce619e0df06848892f0bc1eb5e45
Surprise_217.png,E:\PROJECT 33\PROJECT 33\backend\sample_datasets\image_dataset\Surprise\Surprise_217.png,Surprise,1422,31456d6f44b7d2815f5d779e785720c01684b2e7a51ab92a7b418ed62f9408b2
Surprise_218.png,E:\PROJECT 33\PROJECT 33\backend\sample_datasets\image_dataset\Surprise\Surprise_218.png,Surprise,1423,017797b16dc84a726e36347efc7b58ca77b91c2dc57e5bb1e4d386223246df50
Surprise_219.png,E:\PROJECT 33\PROJECT 33\backend\sample_datasets\image_dataset\Surprise\Surprise_219.png,Surprise,1416,62fa06e691a481a6f67d5b58aeb834ac7a2cbbcc72d70a118bb5aea1f7c2bf57
Surprise_220.png,E:\PROJECT 33\PROJECT 33\backend\sample_datasets\image_dataset\Surprise\Surprise_220.png,Surprise,1409,0f81bff9b809b295440506bcd58aef475e2e8e33e687090d1cd382923bd79ade
Surprise_221.png,E:\PROJECT 33\PROJECT 33\backend\sample_datasets\image_dataset\Surprise\Surprise_221.png,Surprise,1423,e9a144e049463e715fc020bf5665f75003b3e8397794e6b368cfdbf66fdebb91
Surprise_222.png,E:\PROJECT 33\PROJECT 33\backend\sample_datasets\image_dataset\Surprise\Surprise_222.png,Surprise,1444,bdabe93ba56f4e5be2ef4c8094663a0096b039c6583a817378f7aa7389863c77
Surprise_223.png,E:\PROJECT 33\PROJECT 33\backend\sample_datasets\image_dataset\Surprise\Surprise_223.png,Surprise,1440,891f12a918ed6e87373efc2f09cb2b15fe9e3a77120870d46f8489c0743f4eff
Surprise_224.png,E:\PROJECT 33\PROJECT 33\backend\sample_datasets\image_dataset\Surprise\Surprise_224.png,Surprise,1422,e5417e4fa23e0b381dbed2cff2a1e87c9abea8a125e086d2501bede8c5662bdc
Surprise_225.png,E:\PROJECT 33\PROJECT 33\backend\sample_datasets\image_dataset\Surprise\Surprise_225.png,Surprise,1415,ece08e39bfbda295818e448dd9600de378b37cb39000159d03ffc0d1e7fb696d
Surprise_226.png,E:\PROJECT 33\PROJECT 33\backend\sample_datasets\image_dataset\Surprise\Surprise_226.png,Surprise,1434,10e04556febea4d3b72eb5eae1cb1a7356e7f2f065b511bdae72837d8ad8456f
Surprise_227.png,E:\PROJECT 33\PROJECT 33\backend\sample_datasets\image_dataset\Surprise\Surprise_227.png,Surprise,1425,fefa8f889a3af977d26a5b246398ecade2ff98dff32ffc1b4d0ad64bc261ffda
Surprise_228.png,E:\PROJECT 33\PROJECT 33\backend\sample_datasets\image_dataset\Surprise\Surprise_228.png,Surprise,1416,cde8462b29d4193b0acb959600a75ef7db59c0f542b2d70074c93f2e4d97e2d8
Surprise_229.png,E:\PROJECT 33\PROJECT 33\backend\sample_datasets\image_dataset\Surprise\Surprise_229.png,Surprise,1437,ce29c20a886ce7e4ae52e345389838cd085d8fbc9407c32eaa080f2865a1b676
Surprise_230.png,E:\PROJECT 33\PROJECT 33\backend\sample_datasets\image_dataset\Surprise\Surprise_230.png,Surprise,1432,286e44d4d397a9570d5c1701157399a8e70ebab95565251546c656b2cf302b79
Surprise_231.png,E:\PROJECT 33\PROJECT 33\backend\sample_datasets\image_dataset\Surprise\Surprise_231.png,Surprise,1431,132ffbd09a33e88e2bc559b8cee0440658f8c57d3c140bdbca6ebb793a96e6f8
Surprise_232.png,E:\PROJECT 33\PROJECT 33\backend\sample_datasets\image_dataset\Surprise\Surprise_232.png,Surprise,1422,cc9753b899e558602748dd79399278c8f475294f23f00c720879230828570c40
Surprise_233.png,E:\PROJECT 33\PROJECT 33\backend\sample_datasets\image_dataset\Surprise\Surprise_233.png,Surprise,1435,ac834534d76083a7c8bf2da0999cfb8788d7a151936460ece11afbfdf3ec038a
Surprise_234.png,E:\PROJECT 33\PROJECT 33\backend\sample_datasets\image_dataset\Surprise\Surprise_234.png,Surprise,1428,6f35b7aae9c3e40d38026d3c8a507bc8ad9ebb7afc574d1f4e3b9648c97da6ac
Surprise_235.png,E:\PROJECT 33\PROJECT 33\backend\sample_datasets\image_dataset\Surprise\Surprise_235.png,Surprise,1430,6c92c3fa9bd53f24836e2cfdcbbe6c065de6b0d62ae36ddb9525d92e0bb4709b
Surprise_236.png,E:\PROJECT 33\PROJECT 33\backend\sample_datasets\image_dataset\Surprise\Surprise_236.png,Surprise,1427,90a09db23156fe50ddde3aa5aeb4d5512b84847ae1a66b07f2cd9810296d3c15
Surprise_237.png,E:\PROJECT 33\PROJECT 33\backend\sample_datasets\image_dataset\Surprise\Surprise_237.png,Surprise,1430,530cdb654fa9452f5738109ac23a935d3bad5a0903b05978cbb40c867b81ff11
Surprise_238.png,E:\PROJECT 33\PROJECT 33\backend\sample_datasets\image_dataset\Surprise\Surprise_238.png,Surprise,1421,40094531a0e4fcf14bb733c4b39462512ec8986b8913843b4a9d0bb72034f4d5
Surprise_239.png,E:\PROJECT 33\PROJECT 33\backend\sample_datasets\image_dataset\Surprise\Surprise_239.png,Surprise,1420,2a8106728ecf8d3e444d5047333e4174782d47f85d411323c866f558d99410d8
Surprise_240.png,E:\PROJECT 33\PROJECT 33\backend\sample_datasets\image_dataset\Surprise\Surprise_240.png,Surprise,1408,38b8c7af9c0f3acc6777af7df16c4a8fa8f2f0df68cbce4672f08802b4bc2336
Surprise_241.png,E:\PROJECT 33\PROJECT 33\backend\sample_datasets\image_dataset\Surprise\Surprise_241.png,Surprise,1416,59fbab3d27152619864b149ae031854a75b896c59286aee0248e7a1526b1ed69
Surprise_242.png,E:\PROJECT 33\PROJECT 33\backend\sample_datasets\image_dataset\Surprise\Surprise_242.png,Surprise,1408,f28e8139593d090a5e3c7090f0e45591315c76f91a3ea89a92941474d0e7c613
Surprise_243.png,E:\PROJECT 33\PROJECT 33\backend\sample_datasets\image_dataset\Surprise\Surprise_243.png,Surprise,1425,b95766973fe60360ee6da02976619bd94681287eb6cc121c3e161210c22d71bf
Surprise_244.png,E:\PROJECT 33\PROJECT 33\backend\sample_datasets\image_dataset\Surprise\Surprise_244.png,Surprise,1433,b31af009c55fe9e5294403c1dc0599ec580de7c250e125d73a377f658d8af551
Surprise_245.png,E:\PROJECT 33\PROJECT 33\backend\sample_datasets\image_dataset\Surprise\Surprise_245.png,Surprise,1420,61f5409d58485ee25f35228c6699edf3be52d5d7013e34ea4056dbd11affc3ff
Surprise_246.png,E:\PROJECT 33\PROJECT 33\backend\sample_datasets\image_dataset\Surprise\Surprise_246.png,Surprise,1430,b67b3529c07de869b530ee973f0097cef74ecb0cbc3b9419b55289681f7b4177
Surprise_247.png,E:\PROJECT 33\PROJECT 33\backend\sample_datasets\image_dataset\Surprise\Surprise_247.png,Surprise,1418,67adb38e4cd249dcd428a97b808f7ec01e4660dce7e5125605750ab3fdbc3042
Surprise_248.png,E:\PROJECT 33\PROJECT 33\backend\sample_datasets\image_dataset\Surprise\Surprise_248.png,Surprise,1415,5a822905b96f82c2d92716ff6abea95aa1b9a99a98ba556cb9e6d0e85bb7ea48
Surprise_249.png,E:\PROJECT 33\PROJECT 33\backend\sample_datasets\image_dataset\Surprise\Surprise_249.png,Surprise,1424,6e473dbcbe6d502f0a26f9ba716a61ccd3654d75d4ac347a64d6ca0514d15816
Neutral_000.png,E:\PROJECT 33\PROJECT 33\backend\sample_datasets\image_dataset\Neutral\Neutral_000.png,Neutral,1400,4e647f50b2e457b6bfa73a176daf7c283d6374a2609deba3fdf8ced54f390b90
Neutral_001.png,E:\PROJECT 33\PROJECT 33\backend\sample_datasets\image_dataset\Neutral\Neutral_001.png,Neutral,1414,fd58868484f53514c2fbcf5d3c44007ab2c316256b5ec9b8ab44f177d0023e65
Neutral_002.png,E:\PROJECT 33\PROJECT 33\backend\sample_datasets\image_dataset\Neutral\Neutral_002.png,Neutral,1397,5696ff545ba164e1e1dd8a8bca74bf75e8433f8781fe5d9ba77c114618d08c8e
Neutral_003.png,E:\PROJECT 33\PROJECT 33\backend\sample_datasets\image_dataset\Neutral\Neutral_003.png,Neutral,1399,93ba2d63102401251ab54e6976092e94dd5a434bd163c8161ce236806fd3d45f
Neutral_004.png,E:\PROJECT 33\PROJECT 33\backend\sample_datasets\image_dataset\Neutral\Neutral_004.png,Neutral,1396,7d62ce067852b80d89add8c4f47c986b75f45b4e355c53162cadee6d51ad575e
Neutral_005.png,E:\PROJECT 33\PROJECT 33\backend\sample_datasets\image_dataset\Neutral\Neutral_005.png,Neutral,1402,d4d458fb0dcbd69eda7886e4745b9920060465067d55bbcb52d4adb500dc65dd
Neutral_006.png,E:\PROJECT 33\PROJECT 33\backend\sample_datasets\image_dataset\Neutral\Neutral_006.png,Neutral,1385,f8758214f2a21465ec0b561c46def675ef36576fdf8c616108122f298f921b7a
Neutral_007.png,E:\PROJECT 33\PROJECT 33\backend\sample_datasets\image_dataset\Neutral\Neutral_007.png,Neutral,1401,ddfe29b5a12ab934b92e9b073683be16c74a06a2b56034f537050a211a5d1320
Neutral_008.png,E:\PROJECT 33\PROJECT 33\backend\sample_datasets\image_dataset\Neutral\Neutral_008.png,Neutral,1399,86db920b04e756680e49d37100599ebb86c1131a969d2b66dcf518a3da32b1d2
Neutral_009.png,E:\PROJECT 33\PROJECT 33\backend\sample_datasets\image_dataset\Neutral\Neutral_009.png,Neutral,1402,a6919ba5b76077a1e3f082033c0cb08d13e4bbb43f3a2d61e8ecfca8c3ec329d
Neutral_010.png,E:\PROJECT 33\PROJECT 33\backend\sample_datasets\image_dataset\Neutral\Neutral_010.png,Neutral,1398,b1f0f5b2f1f53c1675a0dbe84da9c258fe059095920af05dc524d360f7a2bdcb
Neutral_011.png,E:\PROJECT 33\PROJECT 33\backend\sample_datasets\image_dataset\Neutral\Neutral_011.png,Neutral,1411,a2e973e775b1d14fa0f3c4051ec4efc6110fbff7090f3535088bfd9ce7e088da
Neutral_012.png,E:\PROJECT 33\PROJECT 33\backend\sample_datasets\image_dataset\Neutral\Neutral_012.png,Neutral,1393,32bf0d274cb88b0c6b7f63769a6f3645e9c5e90bff6b68a87b629b55443e03af
Neutral_013.png,E:\PROJECT 33\PROJECT 33\backend\sample_datasets\image_dataset\Neutral\Neutral_013.png,Neutral,1396,6c5c72447683adbf6b07c31799c3cf94cec64ddfcb22f0411c67f0bee76fc4c3
Neutral_014.png,E:\PROJECT 33\PROJECT 33\backend\sample_datasets\image_dataset\Neutral\Neutral_014.png,Neutral,1397,a5016f2d9ae5ded11d242553750d9c314807c8a9d6e4de8ea9dd5fad821547c6
Neutral_015.png,E:\PROJECT 33\PROJECT 33\backend\sample_datasets\image_dataset\Neutral\Neutral_015.png,Neutral,1376,b896a00851acc8e2a2890b51b585af062e23ac05b73d2456eb11a6ebb3f8dbaf
Neutral_016.png,E:\PROJECT 33\PROJECT 33\backend\sample_datasets\image_dataset\Neutral\Neutral_016.png,Neutral,1407,10ee6350ab1935d2b639bff2d7654f9843cbf93a1aeca86300c5570cb781bf28
Neutral_017.png,E:\PROJECT 33\PROJECT 33\backend\sample_datasets\image_dataset\Neutral\Neutral_017.png,Neutral,1396,fc94d1f8a75362db478f039c529addb9472d430263fb7f1f2d4bfe509e9f8111
Neutral_018.png,E:\PROJECT 33\PROJECT 33\backend\sample_datasets\image_dataset\Neutral\Neutral_018.png,Neutral,1396,d501e9e6ff35da5d90a5ef44c346a9af12800ae8d809646ffc5f184de61a365e
Neutral_019.png,E:\PROJECT 33\PROJECT 33\backend\sample_datasets\image_dataset\Neutral\Neutral_019.png,Neutral,1403,06695a6929070a337850441cd0964276053f20d67d17d93e389889995c30f755
Neutral_020.png,E:\PROJECT 33\PROJECT 33\backend\sample_datasets\image_dataset\Neutral\Neutral_020.png,Neutral,1402,09dd57b9253da45ccf8ee9a34ad8f8c333615de65c9503844e684f7f145c2f08
Neutral_021.png,E:\PROJECT 33\PROJECT 33\backend\sample_datasets\image_dataset\Neutral\Neutral_021.png,Neutral,1401,4116d0c3961462ccce341bcc6d697ebe766fcd5b17c171ec54f969403d2b3ef9
Neutral_022.png,E:\PROJECT 33\PROJECT 33\backend\sample_datasets\image_dataset\Neutral\Neutral_022.png,Neutral,1399,849f90f51d3b5bc8c45041efbbc421e30fb751ac65af1056028678c9cff08320
Neutral_023.png,E:\PROJECT 33\PROJECT 33\backend\sample_datasets\image_dataset\Neutral\Neutral_023.png,Neutral,1397,0f2c0eccea244d9ad3c21f1a9febc3492afe76480d553bf65ad4c39b2b6b53e8
Neutral_024.png,E:\PROJECT 33\PROJECT 33\backend\sample_datasets\image_dataset\Neutral\Neutral_024.png,Neutral,1392,696b01c389aa2978cd02d222fd219404132721fe01e892b032baa630e29a520e
Neutral_025.png,E:\PROJECT 33\PROJECT 33\backend\sample_datasets\image_dataset\Neutral\Neutral_025.png,Neutral,1411,6fb612cb73ee47a2243df2bc34d22c24a78f7be817f0b508b6f6b166ace99a95
Neutral_026.png,E:\PROJECT 33\PROJECT 33\backend\sample_datasets\image_dataset\Neutral\Neutral_026.png,Neutral,1399,71910337722d4e250fc29fac9795a1fd1ac101d1f445e77f0fd2564f3d00bb18
Neutral_027.png,E:\PROJECT 33\PROJECT 33\backend\sample_datasets\image_dataset\Neutral\Neutral_027.png,Neutral,1400,e04831db6321a043abf4c66d7eb0f800666781aa39f032f8833732f814319daf
Neutral_028.png,E:\PROJECT 33\PROJECT 33\backend\sample_datasets\image_dataset\Neutral\Neutral_028.png,Neutral,1398,e9a3d1b53750fffe6a874f98b659da3ff64a6872b1a1ae497b91b64aaf373a5c
Neutral_029.png,E:\PROJECT 33\PROJECT 33\backend\sample_datasets\image_dataset\Neutral\Neutral_029.png,Neutral,1404,79d2a741a33eaae6648d34d838e57878da012d49bd13c85beeb664cb70395013
Neutral_030.png,E:\PROJECT 33\PROJECT 33\backend\sample_datasets\image_dataset\Neutral\Neutral_030.png,Neutral,1407,4ab9e5e03a3cbe54efcbb6503801d76fe968c0bd58c66587d41487dbd505f8f9
Neutral_031.png,E:\PROJECT 33\PROJECT 33\backend\sample_datasets\image_dataset\Neutral\Neutral_031.png,Neutral,1404,631755300c0ecf14f09605cf50e8a07964c14bdb51d2d8c6801e78b98c089cb8
Neutral_032.png,E:\PROJECT 33\PROJECT 33\backend\sample_datasets\image_dataset\Neutral\Neutral_032.png,Neutral,1398,d0d1b1fb3fcbf76c9bf65f6047529c5f7b5257cb799a7aada811bf424f81015c
Neutral_033.png,E:\PROJECT 33\PROJECT 33\backend\sample_datasets\image_dataset\Neutral\Neutral_033.png,Neutral,1398,5d6f3c080f330af976979022f9af4b514fc00901aac2f3449e5d0eea27b45239
Neutral_034.png,E:\PROJECT 33\PROJECT 33\backend\sample_datasets\image_dataset\Neutral\Neutral_034.png,Neutral,1402,e0d6201ee4dfe21c7782a0bc9eae3f6d70fee94b32d57aabab7f38ba5ffb3fbe
Neutral_035.png,E:\PROJECT 33\PROJECT 33\backend\sample_datasets\image_dataset\Neutral\Neutral_035.png,Neutral,1405,652ad97459ddd3d98211e84459b7e89bb6af8c3f4e2977c6c6c579fcaf8a3026
Neutral_036.png,E:\PROJECT 33\PROJECT 33\backend\sample_datasets\image_dataset\Neutral\Neutral_036.png,Neutral,1393,6209a69674056620d60ea720a42b906da75c8e334126d68a3c7f1cfa9e31b66b
Neutral_037.png,E:\PROJECT 33\PROJECT 33\backend\sample_datasets\image_dataset\Neutral\Neutral_037.png,Neutral,1403,dc9c49d6710ec441c1426d31f879af84e6207d4e19ef9dd5a63e92bbfaf06695
Neutral_038.png,E:\PROJECT 33\PROJECT 33\backend\sample_datasets\image_dataset\Neutral\Neutral_038.png,Neutral,1394,ce4d6163c37473495cc0f1ecf1e16d84643691bc7e55f10552cbdc0c2b193534
Neutral_039.png,E:\PROJECT 33\PROJECT 33\backend\sample_datasets\image_dataset\Neutral\Neutral_039.png,Neutral,1398,2e620ba60f0c4d65daabb55644808048c3e25c12bef707b81a1ea0eec5af1948
Neutral_040.png,E:\PROJECT 33\PROJECT 33\backend\sample_datasets\image_dataset\Neutral\Neutral_040.png,Neutral,1399,4725ed497bb147280b5aa12bedddde2d26643c8d90a4a38031ffe978f3a415e8
Neutral_041.png,E:\PROJECT 33\PROJECT 33\backend\sample_datasets\image_dataset\Neutral\Neutral_041.png,Neutral,1413,58f8b54442bfb27d92a931d23741cffde4216503a416f58deddb4584a394fa9a
Neutral_042.png,E:\PROJECT 33\PROJECT 33\backend\sample_datasets\image_dataset\Neutral\Neutral_042.png,Neutral,1398,dcc42dbe493b4d1255ea001f18e66a0372afebd6386a1800a7f78fb879fff19e
Neutral_043.png,E:\PROJECT 33\PROJECT 33\backend\sample_datasets\image_dataset\Neutral\Neutral_043.png,Neutral,1398,ececa51097ed096d1ed7dd2cd87f73fcc137fbe76c5492afe5c2aeadeecfd8b1
Neutral_044.png,E:\PROJECT 33\PROJECT 33\backend\sample_datasets\image_dataset\Neutral\Neutral_044.png,Neutral,1388,4450a3896722c14247722e7cd3ab8fe0c14e7a6bce4dec6994a4eb72f6f2788b
Neutral_045.png,E:\PROJECT 33\PROJECT 33\backend\sample_datasets\image_dataset\Neutral\Neutral_045.png,Neutral,1395,e1a98a233b9a503426ac0e0930ebc6f7ff41f98be0f20784f989dab2c30324f4
Neutral_046.png,E:\PROJECT 33\PROJECT 33\backend\sample_datasets\image_dataset\Neutral\Neutral_046.png,Neutral,1402,d15cbfdee1996bbaac65c2d8c14c3daf6f0079ce667df24eeee6733d05de85ab
Neutral_047.png,E:\PROJECT 33\PROJECT 33\backend\sample_datasets\image_dataset\Neutral\Neutral_047.png,Neutral,1395,3d53725bdd63bb942c355a173bd8ef34d6c65cc04245cce32b0b7be59a9564b4
Neutral_048.png,E:\PROJECT 33\PROJECT 33\backend\sample_datasets\image_dataset\Neutral\Neutral_048.png,Neutral,1405,ed78f14594a60c83d10bf5253251241c51afadfeab116710fe84c71a6af7ad48
Neutral_049.png,E:\PROJECT 33\PROJECT 33\backend\sample_datasets\image_dataset\Neutral\Neutral_049.png,Neutral,1391,a59e6104643be4c0d737b8a711e7a8fb8e91c43a8bb401cc7097797f8fc76253
Neutral_050.png,E:\PROJECT 33\PROJECT 33\backend\sample_datasets\image_dataset\Neutral\Neutral_050.png,Neutral,1402,a1cec0c3e8c3f0b1bc237adae700b69ed2b5a63ab905b3e93f7706a88dec7707
Neutral_051.png,E:\PROJECT 33\PROJECT 33\backend\sample_datasets\image_dataset\Neutral\Neutral_051.png,Neutral,1393,7f1f194ac11133a4f2b7e56e5460b97f436c665aa550a933f476460f89828697
Neutral_052.png,E:\PROJECT 33\PROJECT 33\backend\sample_datasets\image_dataset\Neutral\Neutral_052.png,Neutral,1408,320e0c91d07981d642a1edc6d099e4476772d2a551abe704bbf39bf61e1104ff
Neutral_053.png,E:\PROJECT 33\PROJECT 33\backend\sample_datasets\image_dataset\Neutral\Neutral_053.png,Neutral,1412,48018963c3efc8e813adb330361e184a1d5c987c37972e21760c5037aad9a88c
Neutral_054.png,E:\PROJECT 33\PROJECT 33\backend\sample_datasets\image_dataset\Neutral\Neutral_054.png,Neutral,1405,b413e5a10881dd14dfd3a6d2bff38d3cde3986662f4dfbed69751b7c5fc77689
Neutral_055.png,E:\PROJECT 33\PROJECT 33\backend\sample_datasets\image_dataset\Neutral\Neutral_055.png,Neutral,1396,4662512ab6b31abb88646577b1a7a6b0accc47b0f967db0734a453ea39cc4166
Neutral_056.png,E:\PROJECT 33\PROJECT 33\backend\sample_datasets\image_dataset\Neutral\Neutral_056.png,Neutral,1392,b8e737e839354e9f09fae76f6390ef7f30f95693aacaecd60c0ca91d401e8697
Neutral_057.png,E:\PROJECT 33\PROJECT 33\backend\sample_datasets\image_dataset\Neutral\Neutral_057.png,Neutral,1399,989e4c585d4d6ae40a2ade2b412f538e11d91a5229566e44d954b2313a4ba819
Neutral_058.png,E:\PROJECT 33\PROJECT 33\backend\sample_datasets\image_dataset\Neutral\Neutral_058.png,Neutral,1396,ec635574f73eabca8997a3fee9e0340df54fd357eda886b5c4b5999d2416e1e2
Neutral_059.png,E:\PROJECT 33\PROJECT 33\backend\sample_datasets\image_dataset\Neutral\Neutral_059.png,Neutral,1407,b34a76a46c3747f46ff5470c56afa279fd47a978b8620179d4c1ecf404a549e4
Neutral_060.png,E:\PROJECT 33\PROJECT 33\backend\sample_datasets\image_dataset\Neutral\Neutral_060.png,Neutral,1390,3b206448982b90a8890e5306d0efe201a87e280402107592d7c63ccd5fd6f2f1
Neutral_061.png,E:\PROJECT 33\PROJECT 33\backend\sample_datasets\image_dataset\Neutral\Neutral_061.png,Neutral,1400,8a3a799c779dd7414a486ba1c0699ebb01b88facb96ebbc652ca06a8d25afa78
Neutral_062.png,E:\PROJECT 33\PROJECT 33\backend\sample_datasets\image_dataset\Neutral\Neutral_062.png,Neutral,1396,00a77a970766435b5979401ce407545433787afdd87599e15fd12701156c8a74
Neutral_063.png,E:\PROJECT 33\PROJECT 33\backend\sample_datasets\image_dataset\Neutral\Neutral_063.png,Neutral,1413,b962fc6e32adee481e8955e760eb6af7171bb77d8664b93c6f75c27df6224762
Neutral_064.png,E:\PROJECT 33\PROJECT 33\backend\sample_datasets\image_dataset\Neutral\Neutral_064.png,Neutral,1401,a79b4fa051329b2b51ef1649e4398c9b6ff41e5aa6d4e44af3654a195a57f618
Neutral_065.png,E:\PROJECT 33\PROJECT 33\backend\sample_datasets\image_dataset\Neutral\Neutral_065.png,Neutral,1408,9237b4cec1c46218f1b9fe472c9d58fa205b66343393395096aaff505a67d27f
Neutral_066.png,E:\PROJECT 33\PROJECT 33\backend\sample_datasets\image_dataset\Neutral\Neutral_066.png,Neutral,1404,5a1a755382a29f222137dd520dd749aee1eafa40151e70746598942b98df8610
Neutral_067.png,E:\PROJECT 33\PROJECT 33\backend\sample_datasets\image_dataset\Neutral\Neutral_067.png,Neutral,1398,b853291ab7ecb1528223f5f2b9970bdc3fb14b64ec7bbc81e7639db87a9908e9
Neutral_068.png,E:\PROJECT 33\PROJECT 33\backend\sample_datasets\image_dataset\Neutral\Neutral_068.png,Neutral,1405,53a220d43db6e1f9b4c3229aa942011f79a69dbd6cd8945d5a2213a0310be036
Neutral_069.png,E:\PROJECT 33\PROJECT 33\backend\sample_datasets\image_dataset\Neutral\Neutral_069.png,Neutral,1397,5a1c6e33a20f26551273f7957f9f33e2b6171ebd232a5c80cceb6386da60f323
Neutral_070.png,E:\PROJECT 33\PROJECT 33\backend\sample_datasets\image_dataset\Neutral\Neutral_070.png,Neutral,1400,b796765a91b06b068926ee60b7c9704a31a265d6e1cba15543245702cd142e82
Neutral_071.png,E:\PROJECT 33\PROJECT 33\backend\sample_datasets\image_dataset\Neutral\Neutral_071.png,Neutral,1405,3e09f6b3c8c1b1e4649996f0c71f4327b897fa6f85730e88014868227df1ea61
Neutral_072.png,E:\PROJECT 33\PROJECT 33\backend\sample_datasets\image_dataset\Neutral\Neutral_072.png,Neutral,1403,64a464bd0ac5b363985234614b53d48021fb25d3c5b6eda1c2d3eed261bc7e83
Neutral_073.png,E:\PROJECT 33\PROJECT 33\backend\sample_datasets\image_dataset\Neutral\Neutral_073.png,Neutral,1400,238e1897f5c1f893306fd50c3d0022f854f83eb76330cef01f359ec5b8487f52
Neutral_074.png,E:\PROJECT 33\PROJECT 33\backend\sample_datasets\image_dataset\Neutral\Neutral_074.png,Neutral,1414,0fdc44f40ec219029675b577d441e62812183a128f6792859df087b4648b3af4
Neutral_075.png,E:\PROJECT 33\PROJECT 33\backend\sample_datasets\image_dataset\Neutral\Neutral_075.png,Neutral,1409,9a387ac33f24b49a46e75bd898f0481e5f16f25ee6b89ee18b87025ac55d5c52
Neutral_076.png,E:\PROJECT 33\PROJECT 33\backend\sample_datasets\image_dataset\Neutral\Neutral_076.png,Neutral,1399,aee2e97f6679fae11f54ad967f051811004b75aa1cabada127c6b4b8e7249152
Neutral_077.png,E:\PROJECT 33\PROJECT 33\backend\sample_datasets\image_dataset\Neutral\Neutral_077.png,Neutral,1396,4b0cfa602cfaf3322cb11d853ee6ea846e8652a8adccef06daf82fe515d5bdd9
Neutral_078.png,E:\PROJECT 33\PROJECT 33\backend\sample_datasets\image_dataset\Neutral\Neutral_078.png,Neutral,1395,c81cc2b2aaefe3f05dc136e6c022846b5a924558adebf26d7219b78b4edc12fa
Neutral_079.png,E:\PROJECT 33\PROJECT 33\backend\sample_datasets\image_dataset\Neutral\Neutral_079.png,Neutral,1398,db4074449e93c31360880d4066d0a7d5da2dbbff9a3905a938b184f6898dff0a
Neutral_080.png,E:\PROJECT 33\PROJECT 33\backend\sample_datasets\image_dataset\Neutral\Neutral_080.png,Neutral,1399,d4242611a976952d9742f6da790b1a39097fdbb64daa4e92d263762351ed66ff
Neutral_081.png,E:\PROJECT 33\PROJECT 33\backend\sample_datasets\image_dataset\Neutral\Neutral_081.png,Neutral,1401,48dd58f4396bc4ae4eb8a5c31d2bd457e896580f6fd5148d5670e537225266fe
Neutral_082.png,E:\PROJECT 33\PROJECT 33\backend\sample_datasets\image_dataset\Neutral\Neutral_082.png,Neutral,1414,e8f3ec285bc780df1913b58c75bed631882df7da9874b1162fb8a8aebbdb2630
Neutral_083.png,E:\PROJECT 33\PROJECT 33\backend\sample_datasets\image_dataset\Neutral\Neutral_083.png,Neutral,1393,1e03abdc1377aa9210a3c6693bb214f519c0c8d932465d36493bae7e967fcc4b
Neutral_084.png,E:\PROJECT 33\PROJECT 33\backend\sample_datasets\image_dataset\Neutral\Neutral_084.png,Neutral,1388,4156edea28134d2e856faec93333051a77208f96bde42501de1274d9c83dcf70
Neutral_085.png,E:\PROJECT 33\PROJECT 33\backend\sample_datasets\image_dataset\Neutral\Neutral_085.png,Neutral,1402,9e524d71ee5633e5c7b0baccda8e0a5e17077768bc6f12a252f4c322f66e5a2f
Neutral_086.png,E:\PROJECT 33\PROJECT 33\backend\sample_datasets\image_dataset\Neutral\Neutral_086.png,Neutral,1401,d8fb4e3297d52883bd7d19dae9cf67f24de101d681e8a588dd4c62b7fe17f88f
Neutral_087.png,E:\PROJECT 33\PROJECT 33\backend\sample_datasets\image_dataset\Neutral\Neutral_087.png,Neutral,1401,ab6cab8b2007e1eff44be65c438e88d7145f57e2e5a97831a6d872115eabf0c3
Neutral_088.png,E:\PROJECT 33\PROJECT 33\backend\sample_datasets\image_dataset\Neutral\Neutral_088.png,Neutral,1406,5ef67f266f740b8d035ff9c4bd1bbab3dd3f7570e2d81d6d077f78ec36a894e1
Neutral_089.png,E:\PROJECT 33\PROJECT 33\backend\sample_datasets\image_dataset\Neutral\Neutral_089.png,Neutral,1401,584cb28c215049edbc90c4144ae8dfc84442ac69acb52186654f6effca34c8a0
Neutral_090.png,E:\PROJECT 33\PROJECT 33\backend\sample_datasets\image_dataset\Neutral\Neutral_090.png,Neutral,1392,0d00f7ec054fba220084c95152aff52a666cf4a745baaf136a144975d14587c0
Neutral_091.png,E:\PROJECT 33\PROJECT 33\backend\sample_datasets\image_dataset\Neutral\Neutral_091.png,Neutral,1414,bf55d104ab8ea4ef5679a5409937c20711fbfdec3aa78762ab7f6901eef3de17
Neutral_092.png,E:\PROJECT 33\PROJECT 33\backend\sample_datasets\image_dataset\Neutral\Neutral_092.png,Neutral,1395,7fc72d1f04290296e832fe142c7908d88d2c525249114aebb345250494403726
Neutral_093.png,E:\PROJECT 33\PROJECT 33\backend\sample_datasets\image_dataset\Neutral\Neutral_093.png,Neutral,1406,ed52649e9a1b6b8752855ce8743725016d2059c8e9e31b743acf68bafb16a3f0
Neutral_094.png,E:\PROJECT 33\PROJECT 33\backend\sample_datasets\image_dataset\Neutral\Neutral_094.png,Neutral,1406,0ba25ac99a1f42101ebbb6aaf6c3273b624741478e3d25d04c5f240a3022dcd2
Neutral_095.png,E:\PROJECT 33\PROJECT 33\backend\sample_datasets\image_dataset\Neutral\Neutral_095.png,Neutral,1411,bdf744362e21f8be5e259c939f4b238bb57465f145b6ff1cd9ca0fbae6ab1bc2
Neutral_096.png,E:\PROJECT 33\PROJECT 33\backend\sample_datasets\image_dataset\Neutral\Neutral_096.png,Neutral,1387,f98b19447ca3c972b3367f410f346e76872c1195dfbab2fa5be2b37d8a0d6526
Neutral_097.png,E:\PROJECT 33\PROJECT 33\backend\sample_datasets\image_dataset\Neutral\Neutral_097.png,Neutral,1403,19da27145e1e6ae659bbc60f6ec6e576e6eebc87b31e1e3cd7c2baa4229d373d
Neutral_098.png,E:\PROJECT 33\PROJECT 33\backend\sample_datasets\image_dataset\Neutral\Neutral_098.png,Neutral,1409,f7e83b398e9bd4bd53509101027b0b878f720d3ea6c58c3e6bf77ba14b02118a
Neutral_099.png,E:\PROJECT 33\PROJECT 33\backend\sample_datasets\image_dataset\Neutral\Neutral_099.png,Neutral,1400,6eb1b66c39738ebe02b720bd7503ca4eec675edee27df55e7a43f2413c73f997
Neutral_100.png,E:\PROJECT 33\PROJECT 33\backend\sample_datasets\image_dataset\Neutral\Neutral_100.png,Neutral,1404,0951ee73fa4e1d8eb50391de36b9ab7babca0094b2c79b76297b0ce35443e002
Neutral_101.png,E:\PROJECT 33\PROJECT 33\backend\sample_datasets\image_dataset\Neutral\Neutral_101.png,Neutral,1399,5f96b0a2b5d298b83ae5daba4a0e5ccaa1b90e70637374327a88c636a08e2d82
Neutral_102.png,E:\PROJECT 33\PROJECT 33\backend\sample_datasets\image_dataset\Neutral\Neutral_102.png,Neutral,1399,2cb5bc3eba1dbf7cc179a92317aaf3245a43cda7ee7ad24b17f0109fea59ae43
Neutral_103.png,E:\PROJECT 33\PROJECT 33\backend\sample_datasets\image_dataset\Neutral\Neutral_103.png,Neutral,1408,43b92aa86d5ae87eaea9e9dcc22f98e23a177de6ff62fefd512f108716d81225
Neutral_104.png,E:\PROJECT 33\PROJECT 33\backend\sample_datasets\image_dataset\Neutral\Neutral_104.png,Neutral,1403,6c68aee6b91941ecae2847943737fd0adf4c0f4e5fb1cb2143e5c159c4c15637
Neutral_105.png,E:\PROJECT 33\PROJECT 33\backend\sample_datasets\image_dataset\Neutral\Neutral_105.png,Neutral,1383,4a66ebf2cf5d5c66c5a51bcde3f924175bc400164116ae113df07250e057860d
Neutral_106.png,E:\PROJECT 33\PROJECT 33\backend\sample_datasets\image_dataset\Neutral\Neutral_106.png,Neutral,1395,477816c452ad8353bcb4667b51b09a47e4fe32f51bf32e9fdcf0c01050e706aa
Neutral_107.png,E:\PROJECT 33\PROJECT 33\backend\sample_datasets\image_dataset\Neutral\Neutral_107.png,Neutral,1400,a02846890364514913a1170abc16c3979f3a0adf03a4faa228b421dd7b4f72fd
Neutral_108.png,E:\PROJECT 33\PROJECT 33\backend\sample_datasets\image_dataset\Neutral\Neutral_108.png,Neutral,1397,ba38cabf20754b9ef4ef0ccfe55dbba04a2901e040cd1ca8b01ddfc6a1290854
Neutral_109.png,E:\PROJECT 33\PROJECT 33\backend\sample_datasets\image_dataset\Neutral\Neutral_109.png,Neutral,1418,5c9c1bf24e467c2b9fcba7e853cb885e8b20b38037ffee02ef6b0d23a335998f
Neutral_110.png,E:\PROJECT 33\PROJECT 33\backend\sample_datasets\image_dataset\Neutral\Neutral_110.png,Neutral,1405,647e60300195d97766a1352ca7e40ca0fdee48011f88c1fe8c87b5ef9d1bed07
Neutral_111.png,E:\PROJECT 33\PROJECT 33\backend\sample_datasets\image_dataset\Neutral\Neutral_111.png,Neutral,1405,46427d86c867ed63c5f634abf576850a50ff9cf539d8e284fc704bf13d19aeff
Neutral_112.png,E:\PROJECT 33\PROJECT 33\backend\sample_datasets\image_dataset\Neutral\Neutral_112.png,Neutral,1403,2ce6bd37c336b70f789698dceec97d203eb87c2b2d06181649baa01d7db7516b
Neutral_113.png,E:\PROJECT 33\PROJECT 33\backend\sample_datasets\image_dataset\Neutral\Neutral_113.png,Neutral,1406,b93af7d37b338647e240882a2aa4bd78514ee33904efdd80a75b822c4cae2dab
Neutral_114.png,E:\PROJECT 33\PROJECT 33\backend\sample_datasets\image_dataset\Neutral\Neutral_114.png,Neutral,1393,c9d51305522c28756c1db086fdf00f8a667004c76ed9747574e5a4bb49cf949f
Neutral_115.png,E:\PROJECT 33\PROJECT 33\backend\sample_datasets\image_dataset\Neutral\Neutral_115.png,Neutral,1414,f0b3b138b0f541db1af746ed11ecfe5101bea0038f2fde36f7855041b37fe6f3
Neutral_116.png,E:\PROJECT 33\PROJECT 33\backend\sample_datasets\image_dataset\Neutral\Neutral_116.png,Neutral,1407,be9dc2e16a9131ff69d497843dc81cd8bd0aac2ef753ea85324e91659a4fc313
Neutral_117.png,E:\PROJECT 33\PROJECT 33\backend\sample_datasets\image_dataset\Neutral\Neutral_117.png,Neutral,1388,54bbe38a4cc0e9c931b1c7908178ce4d290764a1a598a83736c8ddf0a02a9eeb
Neutral_118.png,E:\PROJECT 33\PROJECT 33\backend\sample_datasets\image_dataset\Neutral\Neutral_118.png,Neutral,1410,5b20e0d0efd68de6de87d92fe07f3b02c1d64fc682548d0a599cea5e67658e07
Neutral_119.png,E:\PROJECT 33\PROJECT 33\backend\sample_datasets\image_dataset\Neutral\Neutral_119.png,Neutral,1404,4ad058b257d347c49f296f18c14be0d28b0ccd1c9d7bd617754b87d5c7981b2d
Neutral_120.png,E:\PROJECT 33\PROJECT 33\backend\sample_datasets\image_dataset\Neutral\Neutral_120.png,Neutral,1399,e59961e05ef73530abc88cd14bc7d1913385b658b796b6cbccd2c4aadb73ee43
Neutral_121.png,E:\PROJECT 33\PROJECT 33\backend\sample_datasets\image_dataset\Neutral\Neutral_121.png,Neutral,1402,a98f9c0cbd35924bd621f9fc6a167f03a857f9a36da4e423c023deaa78c139c2
Neutral_122.png,E:\PROJECT 33\PROJECT 33\backend\sample_datasets\image_dataset\Neutral\Neutral_122.png,Neutral,1402,ae89f1e4413ddc2d4b5076a6dacb6c7c81e596c1f582e52774b058cbe23e0293
Neutral_123.png,E:\PROJECT 33\PROJECT 33\backend\sample_datasets\image_dataset\Neutral\Neutral_123.png,Neutral,1409,747121333f30741576710ec8cf205d057f00aaae70cabe0ccd8c63abd10d35b8
Neutral_124.png,E:\PROJECT 33\PROJECT 33\backend\sample_datasets\image_dataset\Neutral\Neutral_124.png,Neutral,1403,de7b26ce45450cd92a63d1edd8df2c6ae58c4e2449b3e30e11c92a772ab77763
Neutral_125.png,E:\PROJECT 33\PROJECT 33\backend\sample_datasets\image_dataset\Neutral\Neutral_125.png,Neutral,1398,585943f8da06628ecc0e44dc38fe400ccd270ad52092d269258473312f8d13e2
Neutral_126.png,E:\PROJECT 33\PROJECT 33\backend\sample_datasets\image_dataset\Neutral\Neutral_126.png,Neutral,1399,589a36813b901e2383ced85da10cb21063a89efa2b5fe5e74d8cba883b2f4288
Neutral_127.png,E:\PROJECT 33\PROJECT 33\backend\sample_datasets\image_dataset\Neutral\Neutral_127.png,Neutral,1398,9be1a63ed5f7cf946079a2c4b769b0c1b09064a17411d8d581705d8414b4453d
Neutral_128.png,E:\PROJECT 33\PROJECT 33\backend\sample_datasets\image_dataset\Neutral\Neutral_128.png,Neutral,1402,84722a4b95754bd3ee4d92be138c17f9cd8e303a92a950f107bec3b9c118924f
Neutral_129.png,E:\PROJECT 33\PROJECT 33\backend\sample_datasets\image_dataset\Neutral\Neutral_129.png,Neutral,1396,7d21208d3e187c4a467b069c4db10412a991f51823c60287808e1e2ba4a84f87
Neutral_130.png,E:\PROJECT 33\PROJECT 33\backend\sample_datasets\image_dataset\Neutral\Neutral_130.png,Neutral,1389,ea56835c303077222bb062dd4a095112ae05eaf4aa2e62005ca5a28212d6a904
Neutral_131.png,E:\PROJECT 33\PROJECT 33\backend\sample_datasets\image_dataset\Neutral\Neutral_131.png,Neutral,1401,3595531a3e4253b435800f777c602d3711904d2723d6c74052f1025d5090eeb3
Neutral_132.png,E:\PROJECT 33\PROJECT 33\backend\sample_datasets\image_dataset\Neutral\Neutral_132.png,Neutral,1399,0f30dcd68be2cb6acb4f3f3e0996c67c3d1f99a4577d7e6902b082d8ba132d3e
Neutral_133.png,E:\PROJECT 33\PROJECT 33\backend\sample_datasets\image_dataset\Neutral\Neutral_133.png,Neutral,1408,15b4df05569e069da286d668c93c66bfbe9284d5934a7d71b78da2f01f0209c2
Neutral_134.png,E:\PROJECT 33\PROJECT 33\backend\sample_datasets\image_dataset\Neutral\Neutral_134.png,Neutral,1391,0158e4d695b788882af2c0fe7c97bc89c8f63be369dcf0672587ddda81c03f09
Neutral_135.png,E:\PROJECT 33\PROJECT 33\backend\sample_datasets\image_dataset\Neutral\Neutral_135.png,Neutral,1389,3edba331a1184c2ad6c6d3d022234e2d124c5ba5473700e53fafe443277573e2
Neutral_136.png,E:\PROJECT 33\PROJECT 33\backend\sample_datasets\image_dataset\Neutral\Neutral_136.png,Neutral,1404,26dd801c54975a5695e9388509014a45e505b66c0a77065b9fbf74fdf67a95bb
Neutral_137.png,E:\PROJECT 33\PROJECT 33\backend\sample_datasets\image_dataset\Neutral\Neutral_137.png,Neutral,1396,f572223536f0be63c443165a1bd78df2e9d5760407f7c06449afacc9c811b063
Neutral_138.png,E:\PROJECT 33\PROJECT 33\backend\sample_datasets\image_dataset\Neutral\Neutral_138.png,Neutral,1402,4719af47100a870ea6633f57a7bad29c709860a194197519022c197ccb9c17f4
Neutral_139.png,E:\PROJECT 33\PROJECT 33\backend\sample_datasets\image_dataset\Neutral\Neutral_139.png,Neutral,1405,7a4f2da3397ce7139ec8665807b124c3d94142c99e4ae2479eedd5bf68343e09
Neutral_140.png,E:\PROJECT 33\PROJECT 33\backend\sample_datasets\image_dataset\Neutral\Neutral_140.png,Neutral,1402,4ddb090848d080b56ac8d36b37644b86db108086530a73905d25023f9a90d748
Neutral_141.png,E:\PROJECT 33\PROJECT 33\backend\sample_datasets\image_dataset\Neutral\Neutral_141.png,Neutral,1408,611324ccd396a9210ecf8ff879600a86aeadb6d65bf505b6e9844f687e4cac8d
Neutral_142.png,E:\PROJECT 33\PROJECT 33\backend\sample_datasets\image_dataset\Neutral\Neutral_142.png,Neutral,1392,f645d4f4b31b58c3f08f17ca331c814c4f4307f882caadef5a51e806c2fc6daf
Neutral_143.png,E:\PROJECT 33\PROJECT 33\backend\sample_datasets\image_dataset\Neutral\Neutral_143.png,Neutral,1398,49e13f4badc87242b5082494894c5a8cba83b4bda8fa73e295d4aa119b2b2a3f
Neutral_144.png,E:\PROJECT 33\PROJECT 33\backend\sample_datasets\image_dataset\Neutral\Neutral_144.png,Neutral,1391,d9e3afc4b55ac712453201c6247e087c77c14c7d7928b5b3c27b6765de77dc12
Neutral_145.png,E:\PROJECT 33\PROJECT 33\backend\sample_datasets\image_dataset\Neutral\Neutral_145.png,Neutral,1404,d965ea98394d9ee25f618e913537b353f2f095cd76909855ca208d7352031681
Neutral_146.png,E:\PROJECT 33\PROJECT 33\backend\sample_datasets\image_dataset\Neutral\Neutral_146.png,Neutral,1405,886b0f0b837168284a9f61739a4b7455b8cdccea548de2dccd9ad7c4d3b15962
Neutral_147.png,E:\PROJECT 33\PROJECT 33\backend\sample_datasets\image_dataset\Neutral\Neutral_147.png,Neutral,1398,65763b2216d1d7e8decc0e082d85830926fc4bb3770bfda9c5d45fd27022bb08
Neutral_148.png,E:\PROJECT 33\PROJECT 33\backend\sample_datasets\image_dataset\Neutral\Neutral_148.png,Neutral,1407,6158c12a23020d8a815996a6d776e0cfeb14daab02a2a771147373cfb8250fb4
Neutral_149.png,E:\PROJECT 33\PROJECT 33\backend\sample_datasets\image_dataset\Neutral\Neutral_149.png,Neutral,1395,d3521b725a6ef27b0de1073385c3d26688ae75733173fd64aea26a6af22add6b
Neutral_150.png,E:\PROJECT 33\PROJECT 33\backend\sample_datasets\image_dataset\Neutral\Neutral_150.png,Neutral,1399,c9b35b010e194cf176226b14fd8f7b4deb5da8dbd8cd629648bcb275aed81527
Neutral_151.png,E:\PROJECT 33\PROJECT 33\backend\sample_datasets\image_dataset\Neutral\Neutral_151.png,Neutral,1385,aa066dddea50ff4674a1b4cbd146641fcf6a4353205877ede5411f28210fb0a4
Neutral_152.png,E:\PROJECT 33\PROJECT 33\backend\sample_datasets\image_dataset\Neutral\Neutral_152.png,Neutral,1398,384d15c69f541ee120d52ade11f3736c6d70e561b111705355d39dab1f2fac35
Neutral_153.png,E:\PROJECT 33\PROJECT 33\backend\sample_datasets\image_dataset\Neutral\Neutral_153.png,Neutral,1402,5445dc69d0765aaa211a9d6f72264a9e4d62210e0054adbc9ac66121f578a62c
Neutral_154.png,E:\PROJECT 33\PROJECT 33\backend\sample_datasets\image_dataset\Neutral\Neutral_154.png,Neutral,1399,3454c5cf7c63b9a00e5e7dffa7900e0ea55c1548bd771db5b604ff928162e44b
Neutral_155.png,E:\PROJECT 33\PROJECT 33\backend\sample_datasets\image_dataset\Neutral\Neutral_155.png,Neutral,1396,93cea25edce7d0e2e22334fa6b57906b869767720f51dc7361f7a6de355bb53d
Neutral_156.png,E:\PROJECT 33\PROJECT 33\backend\sample_datasets\image_dataset\Neutral\Neutral_156.png,Neutral,1402,a19194703291df329364b9aeaa46de4160aab1b3d0d1bebafb5b588420a9e275
Neutral_157.png,E:\PROJECT 33\PROJECT 33\backend\sample_datasets\image_dataset\Neutral\Neutral_157.png,Neutral,1399,45de20196d9781c67492ae2113a657eee8989ce556d299d14e903e050ac4ed2f
Neutral_158.png,E:\PROJECT 33\PROJECT 33\backend\sample_datasets\image_dataset\Neutral\Neutral_158.png,Neutral,1397,c35ac2bc15d4c0c9b31872ab2494f4be7ab8e6c91c7f2c135f7f7a8566edc093
Neutral_159.png,E:\PROJECT 33\PROJECT 33\backend\sample_datasets\image_dataset\Neutral\Neutral_159.png,Neutral,1395,34b58c0bdc0f6297d0fd17c59a063d5477d37007995df79e32332733e6627773
Neutral_160.png,E:\PROJECT 33\PROJECT 33\backend\sample_datasets\image_dataset\Neutral\Neutral_160.png,Neutral,1401,ac3e275c599d4109e24256251c22321069d2c4ed1f7ad171e68d4e879343f970
Neutral_161.png,E:\PROJECT 33\PROJECT 33\backend\sample_datasets\image_dataset\Neutral\Neutral_161.png,Neutral,1417,4a6091a504938d800fdb9005aceb26cb70ee65157d149317768cef06485ff61b
Neutral_162.png,E:\PROJECT 33\PROJECT 33\backend\sample_datasets\image_dataset\Neutral\Neutral_162.png,Neutral,1411,a5be07e35f15a6bf72241960666db4d69f62407dd2b39fd1b5bd25cd4a72baac
Neutral_163.png,E:\PROJECT 33\PROJECT 33\backend\sample_datasets\image_dataset\Neutral\Neutral_163.png,Neutral,1416,80a18957626b595b6bdf2b9afd79894e9ade57919f3df8cbbf9d932b11f982fb
Neutral_164.png,E:\PROJECT 33\PROJECT 33\backend\sample_datasets\image_dataset\Neutral\Neutral_164.png,Neutral,1408,3fffb916a9e69a86e1f73b9e66efb62ea53d33af6bbf6882e68e6af7223cc268
Neutral_165.png,E:\PROJECT 33\PROJECT 33\backend\sample_datasets\image_dataset\Neutral\Neutral_165.png,Neutral,1401,363f48f4d6d3d3b5812ada6b8d33bf73689adbd1bf1949dc1aafb6d48cb3a24a
Neutral_166.png,E:\PROJECT 33\PROJECT 33\backend\sample_datasets\image_dataset\Neutral\Neutral_166.png,Neutral,1410,11fe00c5e0926db861a69abf54d68c9a333eb090e043fe9759311f72ee3f30a3
Neutral_167.png,E:\PROJECT 33\PROJECT 33\backend\sample_datasets\image_dataset\Neutral\Neutral_167.png,Neutral,1407,bc5134b58dc656dfd90153e734400d0b5e4c112c974170271357da333e999322
Neutral_168.png,E:\PROJECT 33\PROJECT 33\backend\sample_datasets\image_dataset\Neutral\Neutral_168.png,Neutral,1396,ec5e5816b637637cc1cd395bab2d760c90a29104fbd4ae48fe90b5a2b0972a75
Neutral_169.png,E:\PROJECT 33\PROJECT 33\backend\sample_datasets\image_dataset\Neutral\Neutral_169.png,Neutral,1398,add6572d5c4d27f3c884b3d98c6e5161b4a4f3b8e2fa1be0460f23ceb11818a9
Neutral_170.png,E:\PROJECT 33\PROJECT 33\backend\sample_datasets\image_dataset\Neutral\Neutral_170.png,Neutral,1397,93964d35acb6c756ebe3d61a4b2d900f93cbb7574e1b80641d0ddd138f154b43
Neutral_171.png,E:\PROJECT 33\PROJECT 33\backend\sample_datasets\image_dataset\Neutral\Neutral_171.png,Neutral,1394,0aa61e193ea1cd844c2373f41cc6d3c36516774e273b8a0c67644ea65c54351d
Neutral_172.png,E:\PROJECT 33\PROJECT 33\backend\sample_datasets\image_dataset\Neutral\Neutral_172.png,Neutral,1393,0b5dd45f6a78e90b9be009ce567b7ded7cba0352728846b44dc35c99dfab8d35
Neutral_173.png,E:\PROJECT 33\PROJECT 33\backend\sample_datasets\image_dataset\Neutral\Neutral_173.png,Neutral,1407,c20d0371626882c997c64c813584b054bfcc2ccc49eb005b1adff8dc31fcac9d
Neutral_174.png,E:\PROJECT 33\PROJECT 33\backend\sample_datasets\image_dataset\Neutral\Neutral_174.png,Neutral,1388,e59efc6ad4155b2ca62430e79a7cee108d52ba7a6799c1a99a0c421af147877a
Neutral_175.png,E:\PROJECT 33\PROJECT 33\backend\sample_datasets\image_dataset\Neutral\Neutral_175.png,Neutral,1387,f36bf48f14e832d03c3288c8a33b885e6f2a3736b6c8b2e9407283067d995f89
Neutral_176.png,E:\PROJECT 33\PROJECT 33\backend\sample_datasets\image_dataset\Neutral\Neutral_176.png,Neutral,1399,fcac834a7600bc251da9d05421b1abd874458d3294c4ca3a288e2ef585ce9072
Neutral_177.png,E:\PROJECT 33\PROJECT 33\backend\sample_datasets\image_dataset\Neutral\Neutral_177.png,Neutral,1396,6f6800dff412d20a6c22361b4d5ff672e72bece1274622ecd8db285e3b8a686a
Neutral_178.png,E:\PROJECT 33\PROJECT 33\backend\sample_datasets\image_dataset\Neutral\Neutral_178.png,Neutral,1402,f18d3ce9f4444c59d3386576bf407cd9c3e6666d15a0258542175ef62745249d
Neutral_179.png,E:\PROJECT 33\PROJECT 33\backend\sample_datasets\image_dataset\Neutral\Neutral_179.png,Neutral,1392,e04c1f5af008a434e5ffe197fbead85271980c41614627b095d44b842d7819d1
Neutral_180.png,E:\PROJECT 33\PROJECT 33\backend\sample_datasets\image_dataset\Neutral\Neutral_180.png,Neutral,1390,cb14e01a4d81fb10ec763f21ed1b848cc119148d72c5c48ae4c3932795877933
Neutral_181.png,E:\PROJECT 33\PROJECT 33\backend\sample_datasets\image_dataset\Neutral\Neutral_181.png,Neutral,1428,9727b0fe12db0778f6466ec4858a1c4e50367643a39af27a54266783513cb6db
Neutral_182.png,E:\PROJECT 33\PROJECT 33\backend\sample_datasets\image_dataset\Neutral\Neutral_182.png,Neutral,1398,171f6be5d037380ea96c36e93357265c20c3e76740d5de7d01193369e8d47182
Neutral_183.png,E:\PROJECT 33\PROJECT 33\backend\sample_datasets\image_dataset\Neutral\Neutral_183.png,Neutral,1399,21dbe95b5cc697bebdaecc2dd168e208e38336e18a6ee5aaeac8cdbad8895e4d
Neutral_184.png,E:\PROJECT 33\PROJECT 33\backend\sample_datasets\image_dataset\Neutral\Neutral_184.png,Neutral,1410,f5d28d6193ff1c04010323b0a4913d3b200098ba4512ab57105adf2d6c84301b
Neutral_185.png,E:\PROJECT 33\PROJECT 33\backend\sample_datasets\image_dataset\Neutral\Neutral_185.png,Neutral,1401,5aa82cb86767953ce288ce3aee7e50f56732aefdb6cd3ef398e9d0941de1ac76
Neutral_186.png,E:\PROJECT 33\PROJECT 33\backend\sample_datasets\image_dataset\Neutral\Neutral_186.png,Neutral,1398,8a123d0a4823804cb74251778b494b3bf36ce9aa202b1ce7fe72b0504a307f2a
Neutral_187.png,E:\PROJECT 33\PROJECT 33\backend\sample_datasets\image_dataset\Neutral\Neutral_187.png,Neutral,1398,5651ef06c5117002cee767f23bce53a1e2aab5a809a2da82a59804b81ff20ee5
Neutral_188.png,E:\PROJECT 33\PROJECT 33\backend\sample_datasets\image_dataset\Neutral\Neutral_188.png,Neutral,1422,dd79c201335e89a2c34a6c3cda85d57444c73966497622a50961b899a06a2fb2
Neutral_189.png,E:\PROJECT 33\PROJECT 33\backend\sample_datasets\image_dataset\Neutral\Neutral_189.png,Neutral,1399,4a053bafb2b7f4263ff1c96d4a288bf4e4f12462040213229c50485757b0c406
Neutral_190.png,E:\PROJECT 33\PROJECT 33\backend\sample_datasets\image_dataset\Neutral\Neutral_190.png,Neutral,1386,c3e812ce685218cc38ace88480d53f7bf2f16391de00ddf14b4a1fc45c0cf63e
Neutral_191.png,E:\PROJECT 33\PROJECT 33\backend\sample_datasets\image_dataset\Neutral\Neutral_191.png,Neutral,1408,4f5a75dfb2d3bbea10116313ad9a6cd2afd0675d331045d402cbf7c0b5281408
Neutral_192.png,E:\PROJECT 33\PROJECT 33\backend\sample_datasets\image_dataset\Neutral\Neutral_192.png,Neutral,1396,6ab887cb0ea589315a0240ee179e745b20663a31eb9b3df7c7f9a864ecb5674a
Neutral_193.png,E:\PROJECT 33\PROJECT 33\backend\sample_datasets\image_dataset\Neutral\Neutral_193.png,Neutral,1406,8c80508c8d910c3b128ddcf1114d547007d28c891236d048a758d981245421ec
Neutral_194.png,E:\PROJECT 33\PROJECT 33\backend\sample_datasets\image_dataset\Neutral\Neutral_194.png,Neutral,1404,ea85e8089801b79246e9345750d3d12712966e6d0728e5482cc2d44b2e9476b8
Neutral_195.png,E:\PROJECT 33\PROJECT 33\backend\sample_datasets\image_dataset\Neutral\Neutral_195.png,Neutral,1401,0d59490e8f74dc2f18796f3b09f93c88bd5b8a49fbbc0bb9f9eea221b4dce829
Neutral_196.png,E:\PROJECT 33\PROJECT 33\backend\sample_datasets\image_dataset\Neutral\Neutral_196.png,Neutral,1400,de8e10b750f276dbe64f880de1d36b1597eb71483933214bfc565306bc6a8738
Neutral_197.png,E:\PROJECT 33\PROJECT 33\backend\sample_datasets\image_dataset\Neutral\Neutral_197.png,Neutral,1396,e1cd45ee8b983c3ef06b5382f86e7343866420373c97936aa23e814216969c52
Neutral_198.png,E:\PROJECT 33\PROJECT 33\backend\sample_datasets\image_dataset\Neutral\Neutral_198.png,Neutral,1398,7229a12f3dc0fc300a379640f520e2ada83ab786dd6e3fb51103271b9fc2cf2f
Neutral_199.png,E:\PROJECT 33\PROJECT 33\backend\sample_datasets\image_dataset\Neutral\Neutral_199.png,Neutral,1409,799c4d28f65afb47fccf5ab5462ac88bc0d68c2ca5fec065a97967b32500020c
Neutral_200.png,E:\PROJECT 33\PROJECT 33\backend\sample_datasets\image_dataset\Neutral\Neutral_200.png,Neutral,1397,e0b9c54c8de86a23c2148e041e4d97efd20116271c9b2bf8cf5dcbbafbd18ee2
Neutral_201.png,E:\PROJECT 33\PROJECT 33\backend\sample_datasets\image_dataset\Neutral\Neutral_201.png,Neutral,1411,79f126bf7fde78503c872c6b3d7ecae180f19b1fd5cae8bf7789057c1ab1809b
Neutral_202.png,E:\PROJECT 33\PROJECT 33\backend\sample_datasets\image_dataset\Neutral\Neutral_202.png,Neutral,1395,02ab2b833d081a45cc73d89668349beb5aea806dcb47a50c482b588d97231211
Neutral_203.png,E:\PROJECT 33\PROJECT 33\backend\sample_datasets\image_dataset\Neutral\Neutral_203.png,Neutral,1396,42b7451240c052d5be86fd35885cd45d27252fbf167c575dc024abcd570c2d5a
Neutral_204.png,E:\PROJECT 33\PROJECT 33\backend\sample_datasets\image_dataset\Neutral\Neutral_204.png,Neutral,1409,ae84e4ce7ec7d3f956c1a041b4db37576623e4ec16aa6208c42e86aed56c9b12
Neutral_205.png,E:\PROJECT 33\PROJECT 33\backend\sample_datasets\image_dataset\Neutral\Neutral_205.png,Neutral,1397,9ac64cb5270d44d36e0a28bb7b8747e3090e3e3bce348c1631e3b151987d1bb4
Neutral_206.png,E:\PROJECT 33\PROJECT 33\backend\sample_datasets\image_dataset\Neutral\Neutral_206.png,Neutral,1404,4f879872804d8257879115705741893cfea07b3d6b9fca5d1110fec8f16e49ec
Neutral_207.png,E:\PROJECT 33\PROJECT 33\backend\sample_datasets\image_dataset\Neutral\Neutral_207.png,Neutral,1408,7f642962c3fcd56ed4b91c7e36e95ed3918c4e8487dd95ef5a5129374b66fedc
Neutral_208.png,E:\PROJECT 33\PROJECT 33\backend\sample_datasets\image_dataset\Neutral\Neutral_208.png,Neutral,1415,2e180bbce6348ce6db488b029ae02ae974c3f4930fd22682c7094f5524b18dd4
Neutral_209.png,E:\PROJECT 33\PROJECT 33\backend\sample_datasets\image_dataset\Neutral\Neutral_209.png,Neutral,1386,187cb69781327e4ee0150df43d565fd20f014a05e4590d9bd6e3e8d39f9c7836
Neutral_210.png,E:\PROJECT 33\PROJECT 33\backend\sample_datasets\image_dataset\Neutral\Neutral_210.png,Neutral,1400,c2abed086e5f67a7fda67033781ad9cc3b1e38cf9cc9c6fd86e3293062cc894f
Neutral_211.png,E:\PROJECT 33\PROJECT 33\backend\sample_datasets\image_dataset\Neutral\Neutral_211.png,Neutral,1401,3322f72084eea2e40f25d506e33c31de52fa36014bcf6abfd16b8029d94e86ee
Neutral_212.png,E:\PROJECT 33\PROJECT 33\backend\sample_datasets\image_dataset\Neutral\Neutral_212.png,Neutral,1403,ebab3754f448b9ea9fb3e63e93bc05b13dfd833cc3f35a124dcb07a34c7b87e9
Neutral_213.png,E:\PROJECT 33\PROJECT 33\backend\sample_datasets\image_dataset\Neutral\Neutral_213.png,Neutral,1395,b3d9892636391edac7e4e295098ae8146e92ffcd576213236d966c357595b4ad
Neutral_214.png,E:\PROJECT 33\PROJECT 33\backend\sample_datasets\image_dataset\Neutral\Neutral_214.png,Neutral,1383,2d7dac8ec119ed44c2a95aae772c95c111e4807181a76a82b984fbf5a25caed2
Neutral_215.png,E:\PROJECT 33\PROJECT 33\backend\sample_datasets\image_dataset\Neutral\Neutral_215.png,Neutral,1413,0b8b1dd5980efd27639a703fff1f9effa7a6d7580f887d6c105a3178f4011964
Neutral_216.png,E:\PROJECT 33\PROJECT 33\backend\sample_datasets\image_dataset\Neutral\Neutral_216.png,Neutral,1394,ba0f9d6e6c3844b33f0f77c1834065a6a8adcf5100676dfe48b64f10dd52153d
Neutral_217.png,E:\PROJECT 33\PROJECT 33\backend\sample_datasets\image_dataset\Neutral\Neutral_217.png,Neutral,1392,e547eeb29e998539e861c9359b4c9bddb97b668d88d4cf700cd85c35c8fffb45
Neutral_218.png,E:\PROJECT 33\PROJECT 33\backend\sample_datasets\image_dataset\Neutral\Neutral_218.png,Neutral,1398,80e951af285a2c07adb8b58fcc629cd0b4f483c96ddac12467fda0b16ac6fd1d
Neutral_219.png,E:\PROJECT 33\PROJECT 33\backend\sample_datasets\image_dataset\Neutral\Neutral_219.png,Neutral,1408,e7288ea9cc76b19a4c0a0076ae4c187b3aece8e6deed6d4972aa9aa6df1d1136
Neutral_220.png,E:\PROJECT 33\PROJECT 33\backend\sample_datasets\image_dataset\Neutral\Neutral_220.png,Neutral,1391,b157ad4548d39678d9e1ace262488016d623ebcf687c38e4ebeae507dda9b912
Neutral_221.png,E:\PROJECT 33\PROJECT 33\backend\sample_datasets\image_dataset\Neutral\Neutral_221.png,Neutral,1416,7c97a99060bf4a08f53508c59ad1abb18ec6c65b0f33fbeb64f6fe9f8fd92855
Neutral_222.png,E:\PROJECT 33\PROJECT 33\backend\sample_datasets\image_dataset\Neutral\Neutral_222.png,Neutral,1400,607cec6f35666ad949851334bf79eb8b203e6e1fcf0490d65b77c36b51ad57bf
Neutral_223.png,E:\PROJECT 33\PROJECT 33\backend\sample_datasets\image_dataset\Neutral\Neutral_223.png,Neutral,1414,04c965c123dddf6ba08929c35f2422d81185e75b630e11e6200696c23f8c6e04
Neutral_224.png,E:\PROJECT 33\PROJECT 33\backend\sample_datasets\image_dataset\Neutral\Neutral_224.png,Neutral,1396,3cea332d52f30878270731b8db44fa0d8f5583893299dee783e1b2631a9c10a2
Neutral_225.png,E:\PROJECT 33\PROJECT 33\backend\sample_datasets\image_dataset\Neutral\Neutral_225.png,Neutral,1404,d97e31228070861e7fd9bbbc08de36963154d9fbe5500de66ce16092924a49cd
Neutral_226.png,E:\PROJECT 33\PROJECT 33\backend\sample_datasets\image_dataset\Neutral\Neutral_226.png,Neutral,1402,24519d6d8291f969aaeef47440e910c763589a717e8a63e19db6bbe5a8eca999
Neutral_227.png,E:\PROJECT 33\PROJECT 33\backend\sample_datasets\image_dataset\Neutral\Neutral_227.png,Neutral,1398,63cf50bf93f8f2644075d6e50e6f19fb906aeff10cdb5cb7a53b494ae7c24791
Neutral_228.png,E:\PROJECT 33\PROJECT 33\backend\sample_datasets\image_dataset\Neutral\Neutral_228.png,Neutral,1383,0ea224583a505fe3c8bb65af1e19b2a2d52c747f709a40e89514551a5bbeb7f8
Neutral_229.png,E:\PROJECT 33\PROJECT 33\backend\sample_datasets\image_dataset\Neutral\Neutral_229.png,Neutral,1408,1f3ebc7f03710e5394e4320471f27321f52b0826bbbdce99b0d0a6e44767aa91
Neutral_230.png,E:\PROJECT 33\PROJECT 33\backend\sample_datasets\image_dataset\Neutral\Neutral_230.png,Neutral,1400,9eb90ecc3ffd1aa20ddd9840777c59ba4f1bb6ccf305145d8a66a82e9545f090
Neutral_231.png,E:\PROJECT 33\PROJECT 33\backend\sample_datasets\image_dataset\Neutral\Neutral_231.png,Neutral,1409,6d14fb405e1daa0ec9f5c32dc20e017498abc51d72622c038b9600f6a9f05e57
Neutral_232.png,E:\PROJECT 33\PROJECT 33\backend\sample_datasets\image_dataset\Neutral\Neutral_232.png,Neutral,1407,680bd67b09692b2fb716b1f6421a8eb0e6f18a53cd481df430b90ad74d09c934
Neutral_233.png,E:\PROJECT 33\PROJECT 33\backend\sample_datasets\image_dataset\Neutral\Neutral_233.png,Neutral,1400,8d9aad1a7a5e6162ac02cd32f4d6e99551fba034ddf0e0d05be055ce04337f7e
Neutral_234.png,E:\PROJECT 33\PROJECT 33\backend\sample_datasets\image_dataset\Neutral\Neutral_234.png,Neutral,1396,1257803e291a4af72667ee78419391c8e906f75c0a8f4498e7c843fee7957453
Neutral_235.png,E:\PROJECT 33\PROJECT 33\backend\sample_datasets\image_dataset\Neutral\Neutral_235.png,Neutral,1402,415e2cb341f0baa53c8f8dd5acbed71165ca756fb9b584bb9eab179efd5a36f8
Neutral_236.png,E:\PROJECT 33\PROJECT 33\backend\sample_datasets\image_dataset\Neutral\Neutral_236.png,Neutral,1398,a6f342d0088394c600a3ac87421adb8f37635a3ca7e2e2e14d363ad10a1f5c5f
Neutral_237.png,E:\PROJECT 33\PROJECT 33\backend\sample_datasets\image_dataset\Neutral\Neutral_237.png,Neutral,1406,a16be30248650f0c799a4d15273da43bb194e1eef0e67e22cedaf9777e963f5f
Neutral_238.png,E:\PROJECT 33\PROJECT 33\backend\sample_datasets\image_dataset\Neutral\Neutral_238.png,Neutral,1410,8b8b66fece17ceef78da4b4013a553fd86c958bf02fa2bbb3d2fea135a3280b2
Neutral_239.png,E:\PROJECT 33\PROJECT 33\backend\sample_datasets\image_dataset\Neutral\Neutral_239.png,Neutral,1395,0885730f5c40bc5b00ec24bdadac132cc65519211db266ed03e26cc71ef52c6b
Neutral_240.png,E:\PROJECT 33\PROJECT 33\backend\sample_datasets\image_dataset\Neutral\Neutral_240.png,Neutral,1393,9b7887627aaf7a9562087c04e0e596c3b0527872cbdc8885c177e625d86b2dba
Neutral_241.png,E:\PROJECT 33\PROJECT 33\backend\sample_datasets\image_dataset\Neutral\Neutral_241.png,Neutral,1392,af733c1599ce4b56ce9047c2c5b76d83abfbeae19b63897cc9494181d3d5eeee
Neutral_242.png,E:\PROJECT 33\PROJECT 33\backend\sample_datasets\image_dataset\Neutral\Neutral_242.png,Neutral,1388,006c2059525cb1ca166830dd83a053b828156f1470cd1fcb765f6a873d01ce6e
Neutral_243.png,E:\PROJECT 33\PROJECT 33\backend\sample_datasets\image_dataset\Neutral\Neutral_243.png,Neutral,1402,25994724c5b30da099a90c7b60422d657b81c748f951c4adfecfd4bfb95fdb46
Neutral_244.png,E:\PROJECT 33\PROJECT 33\backend\sample_datasets\image_dataset\Neutral\Neutral_244.png,Neutral,1398,40415a17d1ad00c785ae1d368e8c1a9621e5752f001c63a7574c8d118e286bd9
Neutral_245.png,E:\PROJECT 33\PROJECT 33\backend\sample_datasets\image_dataset\Neutral\Neutral_245.png,Neutral,1413,5d6bf9a3834dfdaadb65966ab153dbe774b36997602447e428bfee48616af9c2
Neutral_246.png,E:\PROJECT 33\PROJECT 33\backend\sample_datasets\image_dataset\Neutral\Neutral_246.png,Neutral,1402,33228a6275c9a66d4d132b3263525302bbbfaefec62d290a70bfb5ac886ee851
Neutral_247.png,E:\PROJECT 33\PROJECT 33\backend\sample_datasets\image_dataset\Neutral\Neutral_247.png,Neutral,1405,220aca6594c1f1768efd5ce276f7f9bd95d8708e11b448a686d9b613e5a82c00
Neutral_248.png,E:\PROJECT 33\PROJECT 33\backend\sample_datasets\image_dataset\Neutral\Neutral_248.png,Neutral,1391,04ab1b5ffd75b93b7f50985cc852223a875f09356c35ca27f40dc4a2d585d9b6
Neutral_249.png,E:\PROJECT 33\PROJECT 33\backend\sample_datasets\image_dataset\Neutral\Neutral_249.png,Neutral,1404,3e77580b8b644c1d24502b8f5f49d11fb60eb91a010d39a08d2c57410a9c4660
