filepath,filename,emotion,emotion_code,intensity,statement,repetition,actor,gender,vocal_channel,modality
Actor_01\03-01-01-01-01-01-01.wav,03-01-01-01-01-01-01.wav,neutral,01,normal,Kids are talking by the door,01,1,male,speech,audio-only
Actor_01\03-01-01-01-01-02-01.wav,03-01-01-01-01-02-01.wav,neutral,01,normal,Kids are talking by the door,02,1,male,speech,audio-only
Actor_01\03-01-01-01-02-01-01.wav,03-01-01-01-02-01-01.wav,neutral,01,normal,Dogs are sitting by the door,01,1,male,speech,audio-only
Actor_01\03-01-01-01-02-02-01.wav,03-01-01-01-02-02-01.wav,neutral,01,normal,Dogs are sitting by the door,02,1,male,speech,audio-only
Actor_01\03-01-02-01-01-01-01.wav,03-01-02-01-01-01-01.wav,calm,02,normal,Kids are talking by the door,01,1,male,speech,audio-only
Actor_01\03-01-02-01-01-02-01.wav,03-01-02-01-01-02-01.wav,calm,02,normal,Kids are talking by the door,02,1,male,speech,audio-only
Actor_01\03-01-02-01-02-01-01.wav,03-01-02-01-02-01-01.wav,calm,02,normal,Dogs are sitting by the door,01,1,male,speech,audio-only
Actor_01\03-01-02-01-02-02-01.wav,03-01-02-01-02-02-01.wav,calm,02,normal,Dogs are sitting by the door,02,1,male,speech,audio-only
Actor_01\03-01-02-02-01-01-01.wav,03-01-02-02-01-01-01.wav,calm,02,strong,Kids are talking by the door,01,1,male,speech,audio-only
Actor_01\03-01-02-02-01-02-01.wav,03-01-02-02-01-02-01.wav,calm,02,strong,Kids are talking by the door,02,1,male,speech,audio-only
Actor_01\03-01-02-02-02-01-01.wav,03-01-02-02-02-01-01.wav,calm,02,strong,Dogs are sitting by the door,01,1,male,speech,audio-only
Actor_01\03-01-02-02-02-02-01.wav,03-01-02-02-02-02-01.wav,calm,02,strong,Dogs are sitting by the door,02,1,male,speech,audio-only
Actor_01\03-01-03-01-01-01-01.wav,03-01-03-01-01-01-01.wav,happy,03,normal,Kids are talking by the door,01,1,male,speech,audio-only
Actor_01\03-01-03-01-01-02-01.wav,03-01-03-01-01-02-01.wav,happy,03,normal,Kids are talking by the door,02,1,male,speech,audio-only
Actor_01\03-01-03-01-02-01-01.wav,03-01-03-01-02-01-01.wav,happy,03,normal,Dogs are sitting by the door,01,1,male,speech,audio-only
Actor_01\03-01-03-01-02-02-01.wav,03-01-03-01-02-02-01.wav,happy,03,normal,Dogs are sitting by the door,02,1,male,speech,audio-only
Actor_01\03-01-03-02-01-01-01.wav,03-01-03-02-01-01-01.wav,happy,03,strong,Kids are talking by the door,01,1,male,speech,audio-only
Actor_01\03-01-03-02-01-02-01.wav,03-01-03-02-01-02-01.wav,happy,03,strong,Kids are talking by the door,02,1,male,speech,audio-only
Actor_01\03-01-03-02-02-01-01.wav,03-01-03-02-02-01-01.wav,happy,03,strong,Dogs are sitting by the door,01,1,male,speech,audio-only
Actor_01\03-01-03-02-02-02-01.wav,03-01-03-02-02-02-01.wav,happy,03,strong,Dogs are sitting by the door,02,1,male,speech,audio-only
Actor_01\03-01-04-01-01-01-01.wav,03-01-04-01-01-01-01.wav,sad,04,normal,Kids are talking by the door,01,1,male,speech,audio-only
Actor_01\03-01-04-01-01-02-01.wav,03-01-04-01-01-02-01.wav,sad,04,normal,Kids are talking by the door,02,1,male,speech,audio-only
Actor_01\03-01-04-01-02-01-01.wav,03-01-04-01-02-01-01.wav,sad,04,normal,Dogs are sitting by the door,01,1,male,speech,audio-only
Actor_01\03-01-04-01-02-02-01.wav,03-01-04-01-02-02-01.wav,sad,04,normal,Dogs are sitting by the door,02,1,male,speech,audio-only
Actor_01\03-01-04-02-01-01-01.wav,03-01-04-02-01-01-01.wav,sad,04,strong,Kids are talking by the door,01,1,male,speech,audio-only
Actor_01\03-01-04-02-01-02-01.wav,03-01-04-02-01-02-01.wav,sad,04,strong,Kids are talking by the door,02,1,male,speech,audio-only
Actor_01\03-01-04-02-02-01-01.wav,03-01-04-02-02-01-01.wav,sad,04,strong,Dogs are sitting by the door,01,1,male,speech,audio-only
Actor_01\03-01-04-02-02-02-01.wav,03-01-04-02-02-02-01.wav,sad,04,strong,Dogs are sitting by the door,02,1,male,speech,audio-only
Actor_01\03-01-05-01-01-01-01.wav,03-01-05-01-01-01-01.wav,angry,05,normal,Kids are talking by the door,01,1,male,speech,audio-only
Actor_01\03-01-05-01-01-02-01.wav,03-01-05-01-01-02-01.wav,angry,05,normal,Kids are talking by the door,02,1,male,speech,audio-only
Actor_01\03-01-05-01-02-01-01.wav,03-01-05-01-02-01-01.wav,angry,05,normal,Dogs are sitting by the door,01,1,male,speech,audio-only
Actor_01\03-01-05-01-02-02-01.wav,03-01-05-01-02-02-01.wav,angry,05,normal,Dogs are sitting by the door,02,1,male,speech,audio-only
Actor_01\03-01-05-02-01-01-01.wav,03-01-05-02-01-01-01.wav,angry,05,strong,Kids are talking by the door,01,1,male,speech,audio-only
Actor_01\03-01-05-02-01-02-01.wav,03-01-05-02-01-02-01.wav,angry,05,strong,Kids are talking by the door,02,1,male,speech,audio-only
Actor_01\03-01-05-02-02-01-01.wav,03-01-05-02-02-01-01.wav,angry,05,strong,Dogs are sitting by the door,01,1,male,speech,audio-only
Actor_01\03-01-05-02-02-02-01.wav,03-01-05-02-02-02-01.wav,angry,05,strong,Dogs are sitting by the door,02,1,male,speech,audio-only
Actor_01\03-01-06-01-01-01-01.wav,03-01-06-01-01-01-01.wav,fearful,06,normal,Kids are talking by the door,01,1,male,speech,audio-only
Actor_01\03-01-06-01-01-02-01.wav,03-01-06-01-01-02-01.wav,fearful,06,normal,Kids are talking by the door,02,1,male,speech,audio-only
Actor_01\03-01-06-01-02-01-01.wav,03-01-06-01-02-01-01.wav,fearful,06,normal,Dogs are sitting by the door,01,1,male,speech,audio-only
Actor_01\03-01-06-01-02-02-01.wav,03-01-06-01-02-02-01.wav,fearful,06,normal,Dogs are sitting by the door,02,1,male,speech,audio-only
Actor_01\03-01-06-02-01-01-01.wav,03-01-06-02-01-01-01.wav,fearful,06,strong,Kids are talking by the door,01,1,male,speech,audio-only
Actor_01\03-01-06-02-01-02-01.wav,03-01-06-02-01-02-01.wav,fearful,06,strong,Kids are talking by the door,02,1,male,speech,audio-only
Actor_01\03-01-06-02-02-01-01.wav,03-01-06-02-02-01-01.wav,fearful,06,strong,Dogs are sitting by the door,01,1,male,speech,audio-only
Actor_01\03-01-06-02-02-02-01.wav,03-01-06-02-02-02-01.wav,fearful,06,strong,Dogs are sitting by the door,02,1,male,speech,audio-only
Actor_01\03-01-07-01-01-01-01.wav,03-01-07-01-01-01-01.wav,disgust,07,normal,Kids are talking by the door,01,1,male,speech,audio-only
Actor_01\03-01-07-01-01-02-01.wav,03-01-07-01-01-02-01.wav,disgust,07,normal,Kids are talking by the door,02,1,male,speech,audio-only
Actor_01\03-01-07-01-02-01-01.wav,03-01-07-01-02-01-01.wav,disgust,07,normal,Dogs are sitting by the door,01,1,male,speech,audio-only
Actor_01\03-01-07-01-02-02-01.wav,03-01-07-01-02-02-01.wav,disgust,07,normal,Dogs are sitting by the door,02,1,male,speech,audio-only
Actor_01\03-01-07-02-01-01-01.wav,03-01-07-02-01-01-01.wav,disgust,07,strong,Kids are talking by the door,01,1,male,speech,audio-only
Actor_01\03-01-07-02-01-02-01.wav,03-01-07-02-01-02-01.wav,disgust,07,strong,Kids are talking by the door,02,1,male,speech,audio-only
Actor_01\03-01-07-02-02-01-01.wav,03-01-07-02-02-01-01.wav,disgust,07,strong,Dogs are sitting by the door,01,1,male,speech,audio-only
Actor_01\03-01-07-02-02-02-01.wav,03-01-07-02-02-02-01.wav,disgust,07,strong,Dogs are sitting by the door,02,1,male,speech,audio-only
Actor_01\03-01-08-01-01-01-01.wav,03-01-08-01-01-01-01.wav,surprised,08,normal,Kids are talking by the door,01,1,male,speech,audio-only
Actor_01\03-01-08-01-01-02-01.wav,03-01-08-01-01-02-01.wav,surprised,08,normal,Kids are talking by the door,02,1,male,speech,audio-only
Actor_01\03-01-08-01-02-01-01.wav,03-01-08-01-02-01-01.wav,surprised,08,normal,Dogs are sitting by the door,01,1,male,speech,audio-only
Actor_01\03-01-08-01-02-02-01.wav,03-01-08-01-02-02-01.wav,surprised,08,normal,Dogs are sitting by the door,02,1,male,speech,audio-only
Actor_01\03-01-08-02-01-01-01.wav,03-01-08-02-01-01-01.wav,surprised,08,strong,Kids are talking by the door,01,1,male,speech,audio-only
Actor_01\03-01-08-02-01-02-01.wav,03-01-08-02-01-02-01.wav,surprised,08,strong,Kids are talking by the door,02,1,male,speech,audio-only
Actor_01\03-01-08-02-02-01-01.wav,03-01-08-02-02-01-01.wav,surprised,08,strong,Dogs are sitting by the door,01,1,male,speech,audio-only
Actor_01\03-01-08-02-02-02-01.wav,03-01-08-02-02-02-01.wav,surprised,08,strong,Dogs are sitting by the door,02,1,male,speech,audio-only
Actor_02\03-01-01-01-01-01-02.wav,03-01-01-01-01-01-02.wav,neutral,01,normal,Kids are talking by the door,01,2,female,speech,audio-only
Actor_02\03-01-01-01-01-02-02.wav,03-01-01-01-01-02-02.wav,neutral,01,normal,Kids are talking by the door,02,2,female,speech,audio-only
Actor_02\03-01-01-01-02-01-02.wav,03-01-01-01-02-01-02.wav,neutral,01,normal,Dogs are sitting by the door,01,2,female,speech,audio-only
Actor_02\03-01-01-01-02-02-02.wav,03-01-01-01-02-02-02.wav,neutral,01,normal,Dogs are sitting by the door,02,2,female,speech,audio-only
Actor_02\03-01-02-01-01-01-02.wav,03-01-02-01-01-01-02.wav,calm,02,normal,Kids are talking by the door,01,2,female,speech,audio-only
Actor_02\03-01-02-01-01-02-02.wav,03-01-02-01-01-02-02.wav,calm,02,normal,Kids are talking by the door,02,2,female,speech,audio-only
Actor_02\03-01-02-01-02-01-02.wav,03-01-02-01-02-01-02.wav,calm,02,normal,Dogs are sitting by the door,01,2,female,speech,audio-only
Actor_02\03-01-02-01-02-02-02.wav,03-01-02-01-02-02-02.wav,calm,02,normal,Dogs are sitting by the door,02,2,female,speech,audio-only
Actor_02\03-01-02-02-01-01-02.wav,03-01-02-02-01-01-02.wav,calm,02,strong,Kids are talking by the door,01,2,female,speech,audio-only
Actor_02\03-01-02-02-01-02-02.wav,03-01-02-02-01-02-02.wav,calm,02,strong,Kids are talking by the door,02,2,female,speech,audio-only
Actor_02\03-01-02-02-02-01-02.wav,03-01-02-02-02-01-02.wav,calm,02,strong,Dogs are sitting by the door,01,2,female,speech,audio-only
Actor_02\03-01-02-02-02-02-02.wav,03-01-02-02-02-02-02.wav,calm,02,strong,Dogs are sitting by the door,02,2,female,speech,audio-only
Actor_02\03-01-03-01-01-01-02.wav,03-01-03-01-01-01-02.wav,happy,03,normal,Kids are talking by the door,01,2,female,speech,audio-only
Actor_02\03-01-03-01-01-02-02.wav,03-01-03-01-01-02-02.wav,happy,03,normal,Kids are talking by the door,02,2,female,speech,audio-only
Actor_02\03-01-03-01-02-01-02.wav,03-01-03-01-02-01-02.wav,happy,03,normal,Dogs are sitting by the door,01,2,female,speech,audio-only
Actor_02\03-01-03-01-02-02-02.wav,03-01-03-01-02-02-02.wav,happy,03,normal,Dogs are sitting by the door,02,2,female,speech,audio-only
Actor_02\03-01-03-02-01-01-02.wav,03-01-03-02-01-01-02.wav,happy,03,strong,Kids are talking by the door,01,2,female,speech,audio-only
Actor_02\03-01-03-02-01-02-02.wav,03-01-03-02-01-02-02.wav,happy,03,strong,Kids are talking by the door,02,2,female,speech,audio-only
Actor_02\03-01-03-02-02-01-02.wav,03-01-03-02-02-01-02.wav,happy,03,strong,Dogs are sitting by the door,01,2,female,speech,audio-only
Actor_02\03-01-03-02-02-02-02.wav,03-01-03-02-02-02-02.wav,happy,03,strong,Dogs are sitting by the door,02,2,female,speech,audio-only
Actor_02\03-01-04-01-01-01-02.wav,03-01-04-01-01-01-02.wav,sad,04,normal,Kids are talking by the door,01,2,female,speech,audio-only
Actor_02\03-01-04-01-01-02-02.wav,03-01-04-01-01-02-02.wav,sad,04,normal,Kids are talking by the door,02,2,female,speech,audio-only
Actor_02\03-01-04-01-02-01-02.wav,03-01-04-01-02-01-02.wav,sad,04,normal,Dogs are sitting by the door,01,2,female,speech,audio-only
Actor_02\03-01-04-01-02-02-02.wav,03-01-04-01-02-02-02.wav,sad,04,normal,Dogs are sitting by the door,02,2,female,speech,audio-only
Actor_02\03-01-04-02-01-01-02.wav,03-01-04-02-01-01-02.wav,sad,04,strong,Kids are talking by the door,01,2,female,speech,audio-only
Actor_02\03-01-04-02-01-02-02.wav,03-01-04-02-01-02-02.wav,sad,04,strong,Kids are talking by the door,02,2,female,speech,audio-only
Actor_02\03-01-04-02-02-01-02.wav,03-01-04-02-02-01-02.wav,sad,04,strong,Dogs are sitting by the door,01,2,female,speech,audio-only
Actor_02\03-01-04-02-02-02-02.wav,03-01-04-02-02-02-02.wav,sad,04,strong,Dogs are sitting by the door,02,2,female,speech,audio-only
Actor_02\03-01-05-01-01-01-02.wav,03-01-05-01-01-01-02.wav,angry,05,normal,Kids are talking by the door,01,2,female,speech,audio-only
Actor_02\03-01-05-01-01-02-02.wav,03-01-05-01-01-02-02.wav,angry,05,normal,Kids are talking by the door,02,2,female,speech,audio-only
Actor_02\03-01-05-01-02-01-02.wav,03-01-05-01-02-01-02.wav,angry,05,normal,Dogs are sitting by the door,01,2,female,speech,audio-only
Actor_02\03-01-05-01-02-02-02.wav,03-01-05-01-02-02-02.wav,angry,05,normal,Dogs are sitting by the door,02,2,female,speech,audio-only
Actor_02\03-01-05-02-01-01-02.wav,03-01-05-02-01-01-02.wav,angry,05,strong,Kids are talking by the door,01,2,female,speech,audio-only
Actor_02\03-01-05-02-01-02-02.wav,03-01-05-02-01-02-02.wav,angry,05,strong,Kids are talking by the door,02,2,female,speech,audio-only
Actor_02\03-01-05-02-02-01-02.wav,03-01-05-02-02-01-02.wav,angry,05,strong,Dogs are sitting by the door,01,2,female,speech,audio-only
Actor_02\03-01-05-02-02-02-02.wav,03-01-05-02-02-02-02.wav,angry,05,strong,Dogs are sitting by the door,02,2,female,speech,audio-only
Actor_02\03-01-06-01-01-01-02.wav,03-01-06-01-01-01-02.wav,fearful,06,normal,Kids are talking by the door,01,2,female,speech,audio-only
Actor_02\03-01-06-01-01-02-02.wav,03-01-06-01-01-02-02.wav,fearful,06,normal,Kids are talking by the door,02,2,female,speech,audio-only
Actor_02\03-01-06-01-02-01-02.wav,03-01-06-01-02-01-02.wav,fearful,06,normal,Dogs are sitting by the door,01,2,female,speech,audio-only
Actor_02\03-01-06-01-02-02-02.wav,03-01-06-01-02-02-02.wav,fearful,06,normal,Dogs are sitting by the door,02,2,female,speech,audio-only
Actor_02\03-01-06-02-01-01-02.wav,03-01-06-02-01-01-02.wav,fearful,06,strong,Kids are talking by the door,01,2,female,speech,audio-only
Actor_02\03-01-06-02-01-02-02.wav,03-01-06-02-01-02-02.wav,fearful,06,strong,Kids are talking by the door,02,2,female,speech,audio-only
Actor_02\03-01-06-02-02-01-02.wav,03-01-06-02-02-01-02.wav,fearful,06,strong,Dogs are sitting by the door,01,2,female,speech,audio-only
Actor_02\03-01-06-02-02-02-02.wav,03-01-06-02-02-02-02.wav,fearful,06,strong,Dogs are sitting by the door,02,2,female,speech,audio-only
Actor_02\03-01-07-01-01-01-02.wav,03-01-07-01-01-01-02.wav,disgust,07,normal,Kids are talking by the door,01,2,female,speech,audio-only
Actor_02\03-01-07-01-01-02-02.wav,03-01-07-01-01-02-02.wav,disgust,07,normal,Kids are talking by the door,02,2,female,speech,audio-only
Actor_02\03-01-07-01-02-01-02.wav,03-01-07-01-02-01-02.wav,disgust,07,normal,Dogs are sitting by the door,01,2,female,speech,audio-only
Actor_02\03-01-07-01-02-02-02.wav,03-01-07-01-02-02-02.wav,disgust,07,normal,Dogs are sitting by the door,02,2,female,speech,audio-only
Actor_02\03-01-07-02-01-01-02.wav,03-01-07-02-01-01-02.wav,disgust,07,strong,Kids are talking by the door,01,2,female,speech,audio-only
Actor_02\03-01-07-02-01-02-02.wav,03-01-07-02-01-02-02.wav,disgust,07,strong,Kids are talking by the door,02,2,female,speech,audio-only
Actor_02\03-01-07-02-02-01-02.wav,03-01-07-02-02-01-02.wav,disgust,07,strong,Dogs are sitting by the door,01,2,female,speech,audio-only
Actor_02\03-01-07-02-02-02-02.wav,03-01-07-02-02-02-02.wav,disgust,07,strong,Dogs are sitting by the door,02,2,female,speech,audio-only
Actor_02\03-01-08-01-01-01-02.wav,03-01-08-01-01-01-02.wav,surprised,08,normal,Kids are talking by the door,01,2,female,speech,audio-only
Actor_02\03-01-08-01-01-02-02.wav,03-01-08-01-01-02-02.wav,surprised,08,normal,Kids are talking by the door,02,2,female,speech,audio-only
Actor_02\03-01-08-01-02-01-02.wav,03-01-08-01-02-01-02.wav,surprised,08,normal,Dogs are sitting by the door,01,2,female,speech,audio-only
Actor_02\03-01-08-01-02-02-02.wav,03-01-08-01-02-02-02.wav,surprised,08,normal,Dogs are sitting by the door,02,2,female,speech,audio-only
Actor_02\03-01-08-02-01-01-02.wav,03-01-08-02-01-01-02.wav,surprised,08,strong,Kids are talking by the door,01,2,female,speech,audio-only
Actor_02\03-01-08-02-01-02-02.wav,03-01-08-02-01-02-02.wav,surprised,08,strong,Kids are talking by the door,02,2,female,speech,audio-only
Actor_02\03-01-08-02-02-01-02.wav,03-01-08-02-02-01-02.wav,surprised,08,strong,Dogs are sitting by the door,01,2,female,speech,audio-only
Actor_02\03-01-08-02-02-02-02.wav,03-01-08-02-02-02-02.wav,surprised,08,strong,Dogs are sitting by the door,02,2,female,speech,audio-only
Actor_03\03-01-01-01-01-01-03.wav,03-01-01-01-01-01-03.wav,neutral,01,normal,Kids are talking by the door,01,3,male,speech,audio-only
Actor_03\03-01-01-01-01-02-03.wav,03-01-01-01-01-02-03.wav,neutral,01,normal,Kids are talking by the door,02,3,male,speech,audio-only
Actor_03\03-01-01-01-02-01-03.wav,03-01-01-01-02-01-03.wav,neutral,01,normal,Dogs are sitting by the door,01,3,male,speech,audio-only
Actor_03\03-01-01-01-02-02-03.wav,03-01-01-01-02-02-03.wav,neutral,01,normal,Dogs are sitting by the door,02,3,male,speech,audio-only
Actor_03\03-01-02-01-01-01-03.wav,03-01-02-01-01-01-03.wav,calm,02,normal,Kids are talking by the door,01,3,male,speech,audio-only
Actor_03\03-01-02-01-01-02-03.wav,03-01-02-01-01-02-03.wav,calm,02,normal,Kids are talking by the door,02,3,male,speech,audio-only
Actor_03\03-01-02-01-02-01-03.wav,03-01-02-01-02-01-03.wav,calm,02,normal,Dogs are sitting by the door,01,3,male,speech,audio-only
Actor_03\03-01-02-01-02-02-03.wav,03-01-02-01-02-02-03.wav,calm,02,normal,Dogs are sitting by the door,02,3,male,speech,audio-only
Actor_03\03-01-02-02-01-01-03.wav,03-01-02-02-01-01-03.wav,calm,02,strong,Kids are talking by the door,01,3,male,speech,audio-only
Actor_03\03-01-02-02-01-02-03.wav,03-01-02-02-01-02-03.wav,calm,02,strong,Kids are talking by the door,02,3,male,speech,audio-only
Actor_03\03-01-02-02-02-01-03.wav,03-01-02-02-02-01-03.wav,calm,02,strong,Dogs are sitting by the door,01,3,male,speech,audio-only
Actor_03\03-01-02-02-02-02-03.wav,03-01-02-02-02-02-03.wav,calm,02,strong,Dogs are sitting by the door,02,3,male,speech,audio-only
Actor_03\03-01-03-01-01-01-03.wav,03-01-03-01-01-01-03.wav,happy,03,normal,Kids are talking by the door,01,3,male,speech,audio-only
Actor_03\03-01-03-01-01-02-03.wav,03-01-03-01-01-02-03.wav,happy,03,normal,Kids are talking by the door,02,3,male,speech,audio-only
Actor_03\03-01-03-01-02-01-03.wav,03-01-03-01-02-01-03.wav,happy,03,normal,Dogs are sitting by the door,01,3,male,speech,audio-only
Actor_03\03-01-03-01-02-02-03.wav,03-01-03-01-02-02-03.wav,happy,03,normal,Dogs are sitting by the door,02,3,male,speech,audio-only
Actor_03\03-01-03-02-01-01-03.wav,03-01-03-02-01-01-03.wav,happy,03,strong,Kids are talking by the door,01,3,male,speech,audio-only
Actor_03\03-01-03-02-01-02-03.wav,03-01-03-02-01-02-03.wav,happy,03,strong,Kids are talking by the door,02,3,male,speech,audio-only
Actor_03\03-01-03-02-02-01-03.wav,03-01-03-02-02-01-03.wav,happy,03,strong,Dogs are sitting by the door,01,3,male,speech,audio-only
Actor_03\03-01-03-02-02-02-03.wav,03-01-03-02-02-02-03.wav,happy,03,strong,Dogs are sitting by the door,02,3,male,speech,audio-only
Actor_03\03-01-04-01-01-01-03.wav,03-01-04-01-01-01-03.wav,sad,04,normal,Kids are talking by the door,01,3,male,speech,audio-only
Actor_03\03-01-04-01-01-02-03.wav,03-01-04-01-01-02-03.wav,sad,04,normal,Kids are talking by the door,02,3,male,speech,audio-only
Actor_03\03-01-04-01-02-01-03.wav,03-01-04-01-02-01-03.wav,sad,04,normal,Dogs are sitting by the door,01,3,male,speech,audio-only
Actor_03\03-01-04-01-02-02-03.wav,03-01-04-01-02-02-03.wav,sad,04,normal,Dogs are sitting by the door,02,3,male,speech,audio-only
Actor_03\03-01-04-02-01-01-03.wav,03-01-04-02-01-01-03.wav,sad,04,strong,Kids are talking by the door,01,3,male,speech,audio-only
Actor_03\03-01-04-02-01-02-03.wav,03-01-04-02-01-02-03.wav,sad,04,strong,Kids are talking by the door,02,3,male,speech,audio-only
Actor_03\03-01-04-02-02-01-03.wav,03-01-04-02-02-01-03.wav,sad,04,strong,Dogs are sitting by the door,01,3,male,speech,audio-only
Actor_03\03-01-04-02-02-02-03.wav,03-01-04-02-02-02-03.wav,sad,04,strong,Dogs are sitting by the door,02,3,male,speech,audio-only
Actor_03\03-01-05-01-01-01-03.wav,03-01-05-01-01-01-03.wav,angry,05,normal,Kids are talking by the door,01,3,male,speech,audio-only
Actor_03\03-01-05-01-01-02-03.wav,03-01-05-01-01-02-03.wav,angry,05,normal,Kids are talking by the door,02,3,male,speech,audio-only
Actor_03\03-01-05-01-02-01-03.wav,03-01-05-01-02-01-03.wav,angry,05,normal,Dogs are sitting by the door,01,3,male,speech,audio-only
Actor_03\03-01-05-01-02-02-03.wav,03-01-05-01-02-02-03.wav,angry,05,normal,Dogs are sitting by the door,02,3,male,speech,audio-only
Actor_03\03-01-05-02-01-01-03.wav,03-01-05-02-01-01-03.wav,angry,05,strong,Kids are talking by the door,01,3,male,speech,audio-only
Actor_03\03-01-05-02-01-02-03.wav,03-01-05-02-01-02-03.wav,angry,05,strong,Kids are talking by the door,02,3,male,speech,audio-only
Actor_03\03-01-05-02-02-01-03.wav,03-01-05-02-02-01-03.wav,angry,05,strong,Dogs are sitting by the door,01,3,male,speech,audio-only
Actor_03\03-01-05-02-02-02-03.wav,03-01-05-02-02-02-03.wav,angry,05,strong,Dogs are sitting by the door,02,3,male,speech,audio-only
Actor_03\03-01-06-01-01-01-03.wav,03-01-06-01-01-01-03.wav,fearful,06,normal,Kids are talking by the door,01,3,male,speech,audio-only
Actor_03\03-01-06-01-01-02-03.wav,03-01-06-01-01-02-03.wav,fearful,06,normal,Kids are talking by the door,02,3,male,speech,audio-only
Actor_03\03-01-06-01-02-01-03.wav,03-01-06-01-02-01-03.wav,fearful,06,normal,Dogs are sitting by the door,01,3,male,speech,audio-only
Actor_03\03-01-06-01-02-02-03.wav,03-01-06-01-02-02-03.wav,fearful,06,normal,Dogs are sitting by the door,02,3,male,speech,audio-only
Actor_03\03-01-06-02-01-01-03.wav,03-01-06-02-01-01-03.wav,fearful,06,strong,Kids are talking by the door,01,3,male,speech,audio-only
Actor_03\03-01-06-02-01-02-03.wav,03-01-06-02-01-02-03.wav,fearful,06,strong,Kids are talking by the door,02,3,male,speech,audio-only
Actor_03\03-01-06-02-02-01-03.wav,03-01-06-02-02-01-03.wav,fearful,06,strong,Dogs are sitting by the door,01,3,male,speech,audio-only
Actor_03\03-01-06-02-02-02-03.wav,03-01-06-02-02-02-03.wav,fearful,06,strong,Dogs are sitting by the door,02,3,male,speech,audio-only
Actor_03\03-01-07-01-01-01-03.wav,03-01-07-01-01-01-03.wav,disgust,07,normal,Kids are talking by the door,01,3,male,speech,audio-only
Actor_03\03-01-07-01-01-02-03.wav,03-01-07-01-01-02-03.wav,disgust,07,normal,Kids are talking by the door,02,3,male,speech,audio-only
Actor_03\03-01-07-01-02-01-03.wav,03-01-07-01-02-01-03.wav,disgust,07,normal,Dogs are sitting by the door,01,3,male,speech,audio-only
Actor_03\03-01-07-01-02-02-03.wav,03-01-07-01-02-02-03.wav,disgust,07,normal,Dogs are sitting by the door,02,3,male,speech,audio-only
Actor_03\03-01-07-02-01-01-03.wav,03-01-07-02-01-01-03.wav,disgust,07,strong,Kids are talking by the door,01,3,male,speech,audio-only
Actor_03\03-01-07-02-01-02-03.wav,03-01-07-02-01-02-03.wav,disgust,07,strong,Kids are talking by the door,02,3,male,speech,audio-only
Actor_03\03-01-07-02-02-01-03.wav,03-01-07-02-02-01-03.wav,disgust,07,strong,Dogs are sitting by the door,01,3,male,speech,audio-only
Actor_03\03-01-07-02-02-02-03.wav,03-01-07-02-02-02-03.wav,disgust,07,strong,Dogs are sitting by the door,02,3,male,speech,audio-only
Actor_03\03-01-08-01-01-01-03.wav,03-01-08-01-01-01-03.wav,surprised,08,normal,Kids are talking by the door,01,3,male,speech,audio-only
Actor_03\03-01-08-01-01-02-03.wav,03-01-08-01-01-02-03.wav,surprised,08,normal,Kids are talking by the door,02,3,male,speech,audio-only
Actor_03\03-01-08-01-02-01-03.wav,03-01-08-01-02-01-03.wav,surprised,08,normal,Dogs are sitting by the door,01,3,male,speech,audio-only
Actor_03\03-01-08-01-02-02-03.wav,03-01-08-01-02-02-03.wav,surprised,08,normal,Dogs are sitting by the door,02,3,male,speech,audio-only
Actor_03\03-01-08-02-01-01-03.wav,03-01-08-02-01-01-03.wav,surprised,08,strong,Kids are talking by the door,01,3,male,speech,audio-only
Actor_03\03-01-08-02-01-02-03.wav,03-01-08-02-01-02-03.wav,surprised,08,strong,Kids are talking by the door,02,3,male,speech,audio-only
Actor_03\03-01-08-02-02-01-03.wav,03-01-08-02-02-01-03.wav,surprised,08,strong,Dogs are sitting by the door,01,3,male,speech,audio-only
Actor_03\03-01-08-02-02-02-03.wav,03-01-08-02-02-02-03.wav,surprised,08,strong,Dogs are sitting by the door,02,3,male,speech,audio-only
Actor_04\03-01-01-01-01-01-04.wav,03-01-01-01-01-01-04.wav,neutral,01,normal,Kids are talking by the door,01,4,female,speech,audio-only
Actor_04\03-01-01-01-01-02-04.wav,03-01-01-01-01-02-04.wav,neutral,01,normal,Kids are talking by the door,02,4,female,speech,audio-only
Actor_04\03-01-01-01-02-01-04.wav,03-01-01-01-02-01-04.wav,neutral,01,normal,Dogs are sitting by the door,01,4,female,speech,audio-only
Actor_04\03-01-01-01-02-02-04.wav,03-01-01-01-02-02-04.wav,neutral,01,normal,Dogs are sitting by the door,02,4,female,speech,audio-only
Actor_04\03-01-02-01-01-01-04.wav,03-01-02-01-01-01-04.wav,calm,02,normal,Kids are talking by the door,01,4,female,speech,audio-only
Actor_04\03-01-02-01-01-02-04.wav,03-01-02-01-01-02-04.wav,calm,02,normal,Kids are talking by the door,02,4,female,speech,audio-only
Actor_04\03-01-02-01-02-01-04.wav,03-01-02-01-02-01-04.wav,calm,02,normal,Dogs are sitting by the door,01,4,female,speech,audio-only
Actor_04\03-01-02-01-02-02-04.wav,03-01-02-01-02-02-04.wav,calm,02,normal,Dogs are sitting by the door,02,4,female,speech,audio-only
Actor_04\03-01-02-02-01-01-04.wav,03-01-02-02-01-01-04.wav,calm,02,strong,Kids are talking by the door,01,4,female,speech,audio-only
Actor_04\03-01-02-02-01-02-04.wav,03-01-02-02-01-02-04.wav,calm,02,strong,Kids are talking by the door,02,4,female,speech,audio-only
Actor_04\03-01-02-02-02-01-04.wav,03-01-02-02-02-01-04.wav,calm,02,strong,Dogs are sitting by the door,01,4,female,speech,audio-only
Actor_04\03-01-02-02-02-02-04.wav,03-01-02-02-02-02-04.wav,calm,02,strong,Dogs are sitting by the door,02,4,female,speech,audio-only
Actor_04\03-01-03-01-01-01-04.wav,03-01-03-01-01-01-04.wav,happy,03,normal,Kids are talking by the door,01,4,female,speech,audio-only
Actor_04\03-01-03-01-01-02-04.wav,03-01-03-01-01-02-04.wav,happy,03,normal,Kids are talking by the door,02,4,female,speech,audio-only
Actor_04\03-01-03-01-02-01-04.wav,03-01-03-01-02-01-04.wav,happy,03,normal,Dogs are sitting by the door,01,4,female,speech,audio-only
Actor_04\03-01-03-01-02-02-04.wav,03-01-03-01-02-02-04.wav,happy,03,normal,Dogs are sitting by the door,02,4,female,speech,audio-only
Actor_04\03-01-03-02-01-01-04.wav,03-01-03-02-01-01-04.wav,happy,03,strong,Kids are talking by the door,01,4,female,speech,audio-only
Actor_04\03-01-03-02-01-02-04.wav,03-01-03-02-01-02-04.wav,happy,03,strong,Kids are talking by the door,02,4,female,speech,audio-only
Actor_04\03-01-03-02-02-01-04.wav,03-01-03-02-02-01-04.wav,happy,03,strong,Dogs are sitting by the door,01,4,female,speech,audio-only
Actor_04\03-01-03-02-02-02-04.wav,03-01-03-02-02-02-04.wav,happy,03,strong,Dogs are sitting by the door,02,4,female,speech,audio-only
Actor_04\03-01-04-01-01-01-04.wav,03-01-04-01-01-01-04.wav,sad,04,normal,Kids are talking by the door,01,4,female,speech,audio-only
Actor_04\03-01-04-01-01-02-04.wav,03-01-04-01-01-02-04.wav,sad,04,normal,Kids are talking by the door,02,4,female,speech,audio-only
Actor_04\03-01-04-01-02-01-04.wav,03-01-04-01-02-01-04.wav,sad,04,normal,Dogs are sitting by the door,01,4,female,speech,audio-only
Actor_04\03-01-04-01-02-02-04.wav,03-01-04-01-02-02-04.wav,sad,04,normal,Dogs are sitting by the door,02,4,female,speech,audio-only
Actor_04\03-01-04-02-01-01-04.wav,03-01-04-02-01-01-04.wav,sad,04,strong,Kids are talking by the door,01,4,female,speech,audio-only
Actor_04\03-01-04-02-01-02-04.wav,03-01-04-02-01-02-04.wav,sad,04,strong,Kids are talking by the door,02,4,female,speech,audio-only
Actor_04\03-01-04-02-02-01-04.wav,03-01-04-02-02-01-04.wav,sad,04,strong,Dogs are sitting by the door,01,4,female,speech,audio-only
Actor_04\03-01-04-02-02-02-04.wav,03-01-04-02-02-02-04.wav,sad,04,strong,Dogs are sitting by the door,02,4,female,speech,audio-only
Actor_04\03-01-05-01-01-01-04.wav,03-01-05-01-01-01-04.wav,angry,05,normal,Kids are talking by the door,01,4,female,speech,audio-only
Actor_04\03-01-05-01-01-02-04.wav,03-01-05-01-01-02-04.wav,angry,05,normal,Kids are talking by the door,02,4,female,speech,audio-only
Actor_04\03-01-05-01-02-01-04.wav,03-01-05-01-02-01-04.wav,angry,05,normal,Dogs are sitting by the door,01,4,female,speech,audio-only
Actor_04\03-01-05-01-02-02-04.wav,03-01-05-01-02-02-04.wav,angry,05,normal,Dogs are sitting by the door,02,4,female,speech,audio-only
Actor_04\03-01-05-02-01-01-04.wav,03-01-05-02-01-01-04.wav,angry,05,strong,Kids are talking by the door,01,4,female,speech,audio-only
Actor_04\03-01-05-02-01-02-04.wav,03-01-05-02-01-02-04.wav,angry,05,strong,Kids are talking by the door,02,4,female,speech,audio-only
Actor_04\03-01-05-02-02-01-04.wav,03-01-05-02-02-01-04.wav,angry,05,strong,Dogs are sitting by the door,01,4,female,speech,audio-only
Actor_04\03-01-05-02-02-02-04.wav,03-01-05-02-02-02-04.wav,angry,05,strong,Dogs are sitting by the door,02,4,female,speech,audio-only
Actor_04\03-01-06-01-01-01-04.wav,03-01-06-01-01-01-04.wav,fearful,06,normal,Kids are talking by the door,01,4,female,speech,audio-only
Actor_04\03-01-06-01-01-02-04.wav,03-01-06-01-01-02-04.wav,fearful,06,normal,Kids are talking by the door,02,4,female,speech,audio-only
Actor_04\03-01-06-01-02-01-04.wav,03-01-06-01-02-01-04.wav,fearful,06,normal,Dogs are sitting by the door,01,4,female,speech,audio-only
Actor_04\03-01-06-01-02-02-04.wav,03-01-06-01-02-02-04.wav,fearful,06,normal,Dogs are sitting by the door,02,4,female,speech,audio-only
Actor_04\03-01-06-02-01-01-04.wav,03-01-06-02-01-01-04.wav,fearful,06,strong,Kids are talking by the door,01,4,female,speech,audio-only
Actor_04\03-01-06-02-01-02-04.wav,03-01-06-02-01-02-04.wav,fearful,06,strong,Kids are talking by the door,02,4,female,speech,audio-only
Actor_04\03-01-06-02-02-01-04.wav,03-01-06-02-02-01-04.wav,fearful,06,strong,Dogs are sitting by the door,01,4,female,speech,audio-only
Actor_04\03-01-06-02-02-02-04.wav,03-01-06-02-02-02-04.wav,fearful,06,strong,Dogs are sitting by the door,02,4,female,speech,audio-only
Actor_04\03-01-07-01-01-01-04.wav,03-01-07-01-01-01-04.wav,disgust,07,normal,Kids are talking by the door,01,4,female,speech,audio-only
Actor_04\03-01-07-01-01-02-04.wav,03-01-07-01-01-02-04.wav,disgust,07,normal,Kids are talking by the door,02,4,female,speech,audio-only
Actor_04\03-01-07-01-02-01-04.wav,03-01-07-01-02-01-04.wav,disgust,07,normal,Dogs are sitting by the door,01,4,female,speech,audio-only
Actor_04\03-01-07-01-02-02-04.wav,03-01-07-01-02-02-04.wav,disgust,07,normal,Dogs are sitting by the door,02,4,female,speech,audio-only
Actor_04\03-01-07-02-01-01-04.wav,03-01-07-02-01-01-04.wav,disgust,07,strong,Kids are talking by the door,01,4,female,speech,audio-only
Actor_04\03-01-07-02-01-02-04.wav,03-01-07-02-01-02-04.wav,disgust,07,strong,Kids are talking by the door,02,4,female,speech,audio-only
Actor_04\03-01-07-02-02-01-04.wav,03-01-07-02-02-01-04.wav,disgust,07,strong,Dogs are sitting by the door,01,4,female,speech,audio-only
Actor_04\03-01-07-02-02-02-04.wav,03-01-07-02-02-02-04.wav,disgust,07,strong,Dogs are sitting by the door,02,4,female,speech,audio-only
Actor_04\03-01-08-01-01-01-04.wav,03-01-08-01-01-01-04.wav,surprised,08,normal,Kids are talking by the door,01,4,female,speech,audio-only
Actor_04\03-01-08-01-01-02-04.wav,03-01-08-01-01-02-04.wav,surprised,08,normal,Kids are talking by the door,02,4,female,speech,audio-only
Actor_04\03-01-08-01-02-01-04.wav,03-01-08-01-02-01-04.wav,surprised,08,normal,Dogs are sitting by the door,01,4,female,speech,audio-only
Actor_04\03-01-08-01-02-02-04.wav,03-01-08-01-02-02-04.wav,surprised,08,normal,Dogs are sitting by the door,02,4,female,speech,audio-only
Actor_04\03-01-08-02-01-01-04.wav,03-01-08-02-01-01-04.wav,surprised,08,strong,Kids are talking by the door,01,4,female,speech,audio-only
Actor_04\03-01-08-02-01-02-04.wav,03-01-08-02-01-02-04.wav,surprised,08,strong,Kids are talking by the door,02,4,female,speech,audio-only
Actor_04\03-01-08-02-02-01-04.wav,03-01-08-02-02-01-04.wav,surprised,08,strong,Dogs are sitting by the door,01,4,female,speech,audio-only
Actor_04\03-01-08-02-02-02-04.wav,03-01-08-02-02-02-04.wav,surprised,08,strong,Dogs are sitting by the door,02,4,female,speech,audio-only
Actor_05\03-01-01-01-01-01-05.wav,03-01-01-01-01-01-05.wav,neutral,01,normal,Kids are talking by the door,01,5,male,speech,audio-only
Actor_05\03-01-01-01-01-02-05.wav,03-01-01-01-01-02-05.wav,neutral,01,normal,Kids are talking by the door,02,5,male,speech,audio-only
Actor_05\03-01-01-01-02-01-05.wav,03-01-01-01-02-01-05.wav,neutral,01,normal,Dogs are sitting by the door,01,5,male,speech,audio-only
Actor_05\03-01-01-01-02-02-05.wav,03-01-01-01-02-02-05.wav,neutral,01,normal,Dogs are sitting by the door,02,5,male,speech,audio-only
Actor_05\03-01-02-01-01-01-05.wav,03-01-02-01-01-01-05.wav,calm,02,normal,Kids are talking by the door,01,5,male,speech,audio-only
Actor_05\03-01-02-01-01-02-05.wav,03-01-02-01-01-02-05.wav,calm,02,normal,Kids are talking by the door,02,5,male,speech,audio-only
Actor_05\03-01-02-01-02-01-05.wav,03-01-02-01-02-01-05.wav,calm,02,normal,Dogs are sitting by the door,01,5,male,speech,audio-only
Actor_05\03-01-02-01-02-02-05.wav,03-01-02-01-02-02-05.wav,calm,02,normal,Dogs are sitting by the door,02,5,male,speech,audio-only
Actor_05\03-01-02-02-01-01-05.wav,03-01-02-02-01-01-05.wav,calm,02,strong,Kids are talking by the door,01,5,male,speech,audio-only
Actor_05\03-01-02-02-01-02-05.wav,03-01-02-02-01-02-05.wav,calm,02,strong,Kids are talking by the door,02,5,male,speech,audio-only
Actor_05\03-01-02-02-02-01-05.wav,03-01-02-02-02-01-05.wav,calm,02,strong,Dogs are sitting by the door,01,5,male,speech,audio-only
Actor_05\03-01-02-02-02-02-05.wav,03-01-02-02-02-02-05.wav,calm,02,strong,Dogs are sitting by the door,02,5,male,speech,audio-only
Actor_05\03-01-03-01-01-01-05.wav,03-01-03-01-01-01-05.wav,happy,03,normal,Kids are talking by the door,01,5,male,speech,audio-only
Actor_05\03-01-03-01-01-02-05.wav,03-01-03-01-01-02-05.wav,happy,03,normal,Kids are talking by the door,02,5,male,speech,audio-only
Actor_05\03-01-03-01-02-01-05.wav,03-01-03-01-02-01-05.wav,happy,03,normal,Dogs are sitting by the door,01,5,male,speech,audio-only
Actor_05\03-01-03-01-02-02-05.wav,03-01-03-01-02-02-05.wav,happy,03,normal,Dogs are sitting by the door,02,5,male,speech,audio-only
Actor_05\03-01-03-02-01-01-05.wav,03-01-03-02-01-01-05.wav,happy,03,strong,Kids are talking by the door,01,5,male,speech,audio-only
Actor_05\03-01-03-02-01-02-05.wav,03-01-03-02-01-02-05.wav,happy,03,strong,Kids are talking by the door,02,5,male,speech,audio-only
Actor_05\03-01-03-02-02-01-05.wav,03-01-03-02-02-01-05.wav,happy,03,strong,Dogs are sitting by the door,01,5,male,speech,audio-only
Actor_05\03-01-03-02-02-02-05.wav,03-01-03-02-02-02-05.wav,happy,03,strong,Dogs are sitting by the door,02,5,male,speech,audio-only
Actor_05\03-01-04-01-01-01-05.wav,03-01-04-01-01-01-05.wav,sad,04,normal,Kids are talking by the door,01,5,male,speech,audio-only
Actor_05\03-01-04-01-01-02-05.wav,03-01-04-01-01-02-05.wav,sad,04,normal,Kids are talking by the door,02,5,male,speech,audio-only
Actor_05\03-01-04-01-02-01-05.wav,03-01-04-01-02-01-05.wav,sad,04,normal,Dogs are sitting by the door,01,5,male,speech,audio-only
Actor_05\03-01-04-01-02-02-05.wav,03-01-04-01-02-02-05.wav,sad,04,normal,Dogs are sitting by the door,02,5,male,speech,audio-only
Actor_05\03-01-04-02-01-01-05.wav,03-01-04-02-01-01-05.wav,sad,04,strong,Kids are talking by the door,01,5,male,speech,audio-only
Actor_05\03-01-04-02-01-02-05.wav,03-01-04-02-01-02-05.wav,sad,04,strong,Kids are talking by the door,02,5,male,speech,audio-only
Actor_05\03-01-04-02-02-01-05.wav,03-01-04-02-02-01-05.wav,sad,04,strong,Dogs are sitting by the door,01,5,male,speech,audio-only
Actor_05\03-01-04-02-02-02-05.wav,03-01-04-02-02-02-05.wav,sad,04,strong,Dogs are sitting by the door,02,5,male,speech,audio-only
Actor_05\03-01-05-01-01-01-05.wav,03-01-05-01-01-01-05.wav,angry,05,normal,Kids are talking by the door,01,5,male,speech,audio-only
Actor_05\03-01-05-01-01-02-05.wav,03-01-05-01-01-02-05.wav,angry,05,normal,Kids are talking by the door,02,5,male,speech,audio-only
Actor_05\03-01-05-01-02-01-05.wav,03-01-05-01-02-01-05.wav,angry,05,normal,Dogs are sitting by the door,01,5,male,speech,audio-only
Actor_05\03-01-05-01-02-02-05.wav,03-01-05-01-02-02-05.wav,angry,05,normal,Dogs are sitting by the door,02,5,male,speech,audio-only
Actor_05\03-01-05-02-01-01-05.wav,03-01-05-02-01-01-05.wav,angry,05,strong,Kids are talking by the door,01,5,male,speech,audio-only
Actor_05\03-01-05-02-01-02-05.wav,03-01-05-02-01-02-05.wav,angry,05,strong,Kids are talking by the door,02,5,male,speech,audio-only
Actor_05\03-01-05-02-02-01-05.wav,03-01-05-02-02-01-05.wav,angry,05,strong,Dogs are sitting by the door,01,5,male,speech,audio-only
Actor_05\03-01-05-02-02-02-05.wav,03-01-05-02-02-02-05.wav,angry,05,strong,Dogs are sitting by the door,02,5,male,speech,audio-only
Actor_05\03-01-06-01-01-01-05.wav,03-01-06-01-01-01-05.wav,fearful,06,normal,Kids are talking by the door,01,5,male,speech,audio-only
Actor_05\03-01-06-01-01-02-05.wav,03-01-06-01-01-02-05.wav,fearful,06,normal,Kids are talking by the door,02,5,male,speech,audio-only
Actor_05\03-01-06-01-02-01-05.wav,03-01-06-01-02-01-05.wav,fearful,06,normal,Dogs are sitting by the door,01,5,male,speech,audio-only
Actor_05\03-01-06-01-02-02-05.wav,03-01-06-01-02-02-05.wav,fearful,06,normal,Dogs are sitting by the door,02,5,male,speech,audio-only
Actor_05\03-01-06-02-01-01-05.wav,03-01-06-02-01-01-05.wav,fearful,06,strong,Kids are talking by the door,01,5,male,speech,audio-only
Actor_05\03-01-06-02-01-02-05.wav,03-01-06-02-01-02-05.wav,fearful,06,strong,Kids are talking by the door,02,5,male,speech,audio-only
Actor_05\03-01-06-02-02-01-05.wav,03-01-06-02-02-01-05.wav,fearful,06,strong,Dogs are sitting by the door,01,5,male,speech,audio-only
Actor_05\03-01-06-02-02-02-05.wav,03-01-06-02-02-02-05.wav,fearful,06,strong,Dogs are sitting by the door,02,5,male,speech,audio-only
Actor_05\03-01-07-01-01-01-05.wav,03-01-07-01-01-01-05.wav,disgust,07,normal,Kids are talking by the door,01,5,male,speech,audio-only
Actor_05\03-01-07-01-01-02-05.wav,03-01-07-01-01-02-05.wav,disgust,07,normal,Kids are talking by the door,02,5,male,speech,audio-only
Actor_05\03-01-07-01-02-01-05.wav,03-01-07-01-02-01-05.wav,disgust,07,normal,Dogs are sitting by the door,01,5,male,speech,audio-only
Actor_05\03-01-07-01-02-02-05.wav,03-01-07-01-02-02-05.wav,disgust,07,normal,Dogs are sitting by the door,02,5,male,speech,audio-only
Actor_05\03-01-07-02-01-01-05.wav,03-01-07-02-01-01-05.wav,disgust,07,strong,Kids are talking by the door,01,5,male,speech,audio-only
Actor_05\03-01-07-02-01-02-05.wav,03-01-07-02-01-02-05.wav,disgust,07,strong,Kids are talking by the door,02,5,male,speech,audio-only
Actor_05\03-01-07-02-02-01-05.wav,03-01-07-02-02-01-05.wav,disgust,07,strong,Dogs are sitting by the door,01,5,male,speech,audio-only
Actor_05\03-01-07-02-02-02-05.wav,03-01-07-02-02-02-05.wav,disgust,07,strong,Dogs are sitting by the door,02,5,male,speech,audio-only
Actor_05\03-01-08-01-01-01-05.wav,03-01-08-01-01-01-05.wav,surprised,08,normal,Kids are talking by the door,01,5,male,speech,audio-only
Actor_05\03-01-08-01-01-02-05.wav,03-01-08-01-01-02-05.wav,surprised,08,normal,Kids are talking by the door,02,5,male,speech,audio-only
Actor_05\03-01-08-01-02-01-05.wav,03-01-08-01-02-01-05.wav,surprised,08,normal,Dogs are sitting by the door,01,5,male,speech,audio-only
Actor_05\03-01-08-01-02-02-05.wav,03-01-08-01-02-02-05.wav,surprised,08,normal,Dogs are sitting by the door,02,5,male,speech,audio-only
Actor_05\03-01-08-02-01-01-05.wav,03-01-08-02-01-01-05.wav,surprised,08,strong,Kids are talking by the door,01,5,male,speech,audio-only
Actor_05\03-01-08-02-01-02-05.wav,03-01-08-02-01-02-05.wav,surprised,08,strong,Kids are talking by the door,02,5,male,speech,audio-only
Actor_05\03-01-08-02-02-01-05.wav,03-01-08-02-02-01-05.wav,surprised,08,strong,Dogs are sitting by the door,01,5,male,speech,audio-only
Actor_05\03-01-08-02-02-02-05.wav,03-01-08-02-02-02-05.wav,surprised,08,strong,Dogs are sitting by the door,02,5,male,speech,audio-only
Actor_06\03-01-01-01-01-01-06.wav,03-01-01-01-01-01-06.wav,neutral,01,normal,Kids are talking by the door,01,6,female,speech,audio-only
Actor_06\03-01-01-01-01-02-06.wav,03-01-01-01-01-02-06.wav,neutral,01,normal,Kids are talking by the door,02,6,female,speech,audio-only
Actor_06\03-01-01-01-02-01-06.wav,03-01-01-01-02-01-06.wav,neutral,01,normal,Dogs are sitting by the door,01,6,female,speech,audio-only
Actor_06\03-01-01-01-02-02-06.wav,03-01-01-01-02-02-06.wav,neutral,01,normal,Dogs are sitting by the door,02,6,female,speech,audio-only
Actor_06\03-01-02-01-01-01-06.wav,03-01-02-01-01-01-06.wav,calm,02,normal,Kids are talking by the door,01,6,female,speech,audio-only
Actor_06\03-01-02-01-01-02-06.wav,03-01-02-01-01-02-06.wav,calm,02,normal,Kids are talking by the door,02,6,female,speech,audio-only
Actor_06\03-01-02-01-02-01-06.wav,03-01-02-01-02-01-06.wav,calm,02,normal,Dogs are sitting by the door,01,6,female,speech,audio-only
Actor_06\03-01-02-01-02-02-06.wav,03-01-02-01-02-02-06.wav,calm,02,normal,Dogs are sitting by the door,02,6,female,speech,audio-only
Actor_06\03-01-02-02-01-01-06.wav,03-01-02-02-01-01-06.wav,calm,02,strong,Kids are talking by the door,01,6,female,speech,audio-only
Actor_06\03-01-02-02-01-02-06.wav,03-01-02-02-01-02-06.wav,calm,02,strong,Kids are talking by the door,02,6,female,speech,audio-only
Actor_06\03-01-02-02-02-01-06.wav,03-01-02-02-02-01-06.wav,calm,02,strong,Dogs are sitting by the door,01,6,female,speech,audio-only
Actor_06\03-01-02-02-02-02-06.wav,03-01-02-02-02-02-06.wav,calm,02,strong,Dogs are sitting by the door,02,6,female,speech,audio-only
Actor_06\03-01-03-01-01-01-06.wav,03-01-03-01-01-01-06.wav,happy,03,normal,Kids are talking by the door,01,6,female,speech,audio-only
Actor_06\03-01-03-01-01-02-06.wav,03-01-03-01-01-02-06.wav,happy,03,normal,Kids are talking by the door,02,6,female,speech,audio-only
Actor_06\03-01-03-01-02-01-06.wav,03-01-03-01-02-01-06.wav,happy,03,normal,Dogs are sitting by the door,01,6,female,speech,audio-only
Actor_06\03-01-03-01-02-02-06.wav,03-01-03-01-02-02-06.wav,happy,03,normal,Dogs are sitting by the door,02,6,female,speech,audio-only
Actor_06\03-01-03-02-01-01-06.wav,03-01-03-02-01-01-06.wav,happy,03,strong,Kids are talking by the door,01,6,female,speech,audio-only
Actor_06\03-01-03-02-01-02-06.wav,03-01-03-02-01-02-06.wav,happy,03,strong,Kids are talking by the door,02,6,female,speech,audio-only
Actor_06\03-01-03-02-02-01-06.wav,03-01-03-02-02-01-06.wav,happy,03,strong,Dogs are sitting by the door,01,6,female,speech,audio-only
Actor_06\03-01-03-02-02-02-06.wav,03-01-03-02-02-02-06.wav,happy,03,strong,Dogs are sitting by the door,02,6,female,speech,audio-only
Actor_06\03-01-04-01-01-01-06.wav,03-01-04-01-01-01-06.wav,sad,04,normal,Kids are talking by the door,01,6,female,speech,audio-only
Actor_06\03-01-04-01-01-02-06.wav,03-01-04-01-01-02-06.wav,sad,04,normal,Kids are talking by the door,02,6,female,speech,audio-only
Actor_06\03-01-04-01-02-01-06.wav,03-01-04-01-02-01-06.wav,sad,04,normal,Dogs are sitting by the door,01,6,female,speech,audio-only
Actor_06\03-01-04-01-02-02-06.wav,03-01-04-01-02-02-06.wav,sad,04,normal,Dogs are sitting by the door,02,6,female,speech,audio-only
Actor_06\03-01-04-02-01-01-06.wav,03-01-04-02-01-01-06.wav,sad,04,strong,Kids are talking by the door,01,6,female,speech,audio-only
Actor_06\03-01-04-02-01-02-06.wav,03-01-04-02-01-02-06.wav,sad,04,strong,Kids are talking by the door,02,6,female,speech,audio-only
Actor_06\03-01-04-02-02-01-06.wav,03-01-04-02-02-01-06.wav,sad,04,strong,Dogs are sitting by the door,01,6,female,speech,audio-only
Actor_06\03-01-04-02-02-02-06.wav,03-01-04-02-02-02-06.wav,sad,04,strong,Dogs are sitting by the door,02,6,female,speech,audio-only
Actor_06\03-01-05-01-01-01-06.wav,03-01-05-01-01-01-06.wav,angry,05,normal,Kids are talking by the door,01,6,female,speech,audio-only
Actor_06\03-01-05-01-01-02-06.wav,03-01-05-01-01-02-06.wav,angry,05,normal,Kids are talking by the door,02,6,female,speech,audio-only
Actor_06\03-01-05-01-02-01-06.wav,03-01-05-01-02-01-06.wav,angry,05,normal,Dogs are sitting by the door,01,6,female,speech,audio-only
Actor_06\03-01-05-01-02-02-06.wav,03-01-05-01-02-02-06.wav,angry,05,normal,Dogs are sitting by the door,02,6,female,speech,audio-only
Actor_06\03-01-05-02-01-01-06.wav,03-01-05-02-01-01-06.wav,angry,05,strong,Kids are talking by the door,01,6,female,speech,audio-only
Actor_06\03-01-05-02-01-02-06.wav,03-01-05-02-01-02-06.wav,angry,05,strong,Kids are talking by the door,02,6,female,speech,audio-only
Actor_06\03-01-05-02-02-01-06.wav,03-01-05-02-02-01-06.wav,angry,05,strong,Dogs are sitting by the door,01,6,female,speech,audio-only
Actor_06\03-01-05-02-02-02-06.wav,03-01-05-02-02-02-06.wav,angry,05,strong,Dogs are sitting by the door,02,6,female,speech,audio-only
Actor_06\03-01-06-01-01-01-06.wav,03-01-06-01-01-01-06.wav,fearful,06,normal,Kids are talking by the door,01,6,female,speech,audio-only
Actor_06\03-01-06-01-01-02-06.wav,03-01-06-01-01-02-06.wav,fearful,06,normal,Kids are talking by the door,02,6,female,speech,audio-only
Actor_06\03-01-06-01-02-01-06.wav,03-01-06-01-02-01-06.wav,fearful,06,normal,Dogs are sitting by the door,01,6,female,speech,audio-only
Actor_06\03-01-06-01-02-02-06.wav,03-01-06-01-02-02-06.wav,fearful,06,normal,Dogs are sitting by the door,02,6,female,speech,audio-only
Actor_06\03-01-06-02-01-01-06.wav,03-01-06-02-01-01-06.wav,fearful,06,strong,Kids are talking by the door,01,6,female,speech,audio-only
Actor_06\03-01-06-02-01-02-06.wav,03-01-06-02-01-02-06.wav,fearful,06,strong,Kids are talking by the door,02,6,female,speech,audio-only
Actor_06\03-01-06-02-02-01-06.wav,03-01-06-02-02-01-06.wav,fearful,06,strong,Dogs are sitting by the door,01,6,female,speech,audio-only
Actor_06\03-01-06-02-02-02-06.wav,03-01-06-02-02-02-06.wav,fearful,06,strong,Dogs are sitting by the door,02,6,female,speech,audio-only
Actor_06\03-01-07-01-01-01-06.wav,03-01-07-01-01-01-06.wav,disgust,07,normal,Kids are talking by the door,01,6,female,speech,audio-only
Actor_06\03-01-07-01-01-02-06.wav,03-01-07-01-01-02-06.wav,disgust,07,normal,Kids are talking by the door,02,6,female,speech,audio-only
Actor_06\03-01-07-01-02-01-06.wav,03-01-07-01-02-01-06.wav,disgust,07,normal,Dogs are sitting by the door,01,6,female,speech,audio-only
Actor_06\03-01-07-01-02-02-06.wav,03-01-07-01-02-02-06.wav,disgust,07,normal,Dogs are sitting by the door,02,6,female,speech,audio-only
Actor_06\03-01-07-02-01-01-06.wav,03-01-07-02-01-01-06.wav,disgust,07,strong,Kids are talking by the door,01,6,female,speech,audio-only
Actor_06\03-01-07-02-01-02-06.wav,03-01-07-02-01-02-06.wav,disgust,07,strong,Kids are talking by the door,02,6,female,speech,audio-only
Actor_06\03-01-07-02-02-01-06.wav,03-01-07-02-02-01-06.wav,disgust,07,strong,Dogs are sitting by the door,01,6,female,speech,audio-only
Actor_06\03-01-07-02-02-02-06.wav,03-01-07-02-02-02-06.wav,disgust,07,strong,Dogs are sitting by the door,02,6,female,speech,audio-only
Actor_06\03-01-08-01-01-01-06.wav,03-01-08-01-01-01-06.wav,surprised,08,normal,Kids are talking by the door,01,6,female,speech,audio-only
Actor_06\03-01-08-01-01-02-06.wav,03-01-08-01-01-02-06.wav,surprised,08,normal,Kids are talking by the door,02,6,female,speech,audio-only
Actor_06\03-01-08-01-02-01-06.wav,03-01-08-01-02-01-06.wav,surprised,08,normal,Dogs are sitting by the door,01,6,female,speech,audio-only
Actor_06\03-01-08-01-02-02-06.wav,03-01-08-01-02-02-06.wav,surprised,08,normal,Dogs are sitting by the door,02,6,female,speech,audio-only
Actor_06\03-01-08-02-01-01-06.wav,03-01-08-02-01-01-06.wav,surprised,08,strong,Kids are talking by the door,01,6,female,speech,audio-only
Actor_06\03-01-08-02-01-02-06.wav,03-01-08-02-01-02-06.wav,surprised,08,strong,Kids are talking by the door,02,6,female,speech,audio-only
Actor_06\03-01-08-02-02-01-06.wav,03-01-08-02-02-01-06.wav,surprised,08,strong,Dogs are sitting by the door,01,6,female,speech,audio-only
Actor_06\03-01-08-02-02-02-06.wav,03-01-08-02-02-02-06.wav,surprised,08,strong,Dogs are sitting by the door,02,6,female,speech,audio-only
Actor_07\03-01-01-01-01-01-07.wav,03-01-01-01-01-01-07.wav,neutral,01,normal,Kids are talking by the door,01,7,male,speech,audio-only
Actor_07\03-01-01-01-01-02-07.wav,03-01-01-01-01-02-07.wav,neutral,01,normal,Kids are talking by the door,02,7,male,speech,audio-only
Actor_07\03-01-01-01-02-01-07.wav,03-01-01-01-02-01-07.wav,neutral,01,normal,Dogs are sitting by the door,01,7,male,speech,audio-only
Actor_07\03-01-01-01-02-02-07.wav,03-01-01-01-02-02-07.wav,neutral,01,normal,Dogs are sitting by the door,02,7,male,speech,audio-only
Actor_07\03-01-02-01-01-01-07.wav,03-01-02-01-01-01-07.wav,calm,02,normal,Kids are talking by the door,01,7,male,speech,audio-only
Actor_07\03-01-02-01-01-02-07.wav,03-01-02-01-01-02-07.wav,calm,02,normal,Kids are talking by the door,02,7,male,speech,audio-only
Actor_07\03-01-02-01-02-01-07.wav,03-01-02-01-02-01-07.wav,calm,02,normal,Dogs are sitting by the door,01,7,male,speech,audio-only
Actor_07\03-01-02-01-02-02-07.wav,03-01-02-01-02-02-07.wav,calm,02,normal,Dogs are sitting by the door,02,7,male,speech,audio-only
Actor_07\03-01-02-02-01-01-07.wav,03-01-02-02-01-01-07.wav,calm,02,strong,Kids are talking by the door,01,7,male,speech,audio-only
Actor_07\03-01-02-02-01-02-07.wav,03-01-02-02-01-02-07.wav,calm,02,strong,Kids are talking by the door,02,7,male,speech,audio-only
Actor_07\03-01-02-02-02-01-07.wav,03-01-02-02-02-01-07.wav,calm,02,strong,Dogs are sitting by the door,01,7,male,speech,audio-only
Actor_07\03-01-02-02-02-02-07.wav,03-01-02-02-02-02-07.wav,calm,02,strong,Dogs are sitting by the door,02,7,male,speech,audio-only
Actor_07\03-01-03-01-01-01-07.wav,03-01-03-01-01-01-07.wav,happy,03,normal,Kids are talking by the door,01,7,male,speech,audio-only
Actor_07\03-01-03-01-01-02-07.wav,03-01-03-01-01-02-07.wav,happy,03,normal,Kids are talking by the door,02,7,male,speech,audio-only
Actor_07\03-01-03-01-02-01-07.wav,03-01-03-01-02-01-07.wav,happy,03,normal,Dogs are sitting by the door,01,7,male,speech,audio-only
Actor_07\03-01-03-01-02-02-07.wav,03-01-03-01-02-02-07.wav,happy,03,normal,Dogs are sitting by the door,02,7,male,speech,audio-only
Actor_07\03-01-03-02-01-01-07.wav,03-01-03-02-01-01-07.wav,happy,03,strong,Kids are talking by the door,01,7,male,speech,audio-only
Actor_07\03-01-03-02-01-02-07.wav,03-01-03-02-01-02-07.wav,happy,03,strong,Kids are talking by the door,02,7,male,speech,audio-only
Actor_07\03-01-03-02-02-01-07.wav,03-01-03-02-02-01-07.wav,happy,03,strong,Dogs are sitting by the door,01,7,male,speech,audio-only
Actor_07\03-01-03-02-02-02-07.wav,03-01-03-02-02-02-07.wav,happy,03,strong,Dogs are sitting by the door,02,7,male,speech,audio-only
Actor_07\03-01-04-01-01-01-07.wav,03-01-04-01-01-01-07.wav,sad,04,normal,Kids are talking by the door,01,7,male,speech,audio-only
Actor_07\03-01-04-01-01-02-07.wav,03-01-04-01-01-02-07.wav,sad,04,normal,Kids are talking by the door,02,7,male,speech,audio-only
Actor_07\03-01-04-01-02-01-07.wav,03-01-04-01-02-01-07.wav,sad,04,normal,Dogs are sitting by the door,01,7,male,speech,audio-only
Actor_07\03-01-04-01-02-02-07.wav,03-01-04-01-02-02-07.wav,sad,04,normal,Dogs are sitting by the door,02,7,male,speech,audio-only
Actor_07\03-01-04-02-01-01-07.wav,03-01-04-02-01-01-07.wav,sad,04,strong,Kids are talking by the door,01,7,male,speech,audio-only
Actor_07\03-01-04-02-01-02-07.wav,03-01-04-02-01-02-07.wav,sad,04,strong,Kids are talking by the door,02,7,male,speech,audio-only
Actor_07\03-01-04-02-02-01-07.wav,03-01-04-02-02-01-07.wav,sad,04,strong,Dogs are sitting by the door,01,7,male,speech,audio-only
Actor_07\03-01-04-02-02-02-07.wav,03-01-04-02-02-02-07.wav,sad,04,strong,Dogs are sitting by the door,02,7,male,speech,audio-only
Actor_07\03-01-05-01-01-01-07.wav,03-01-05-01-01-01-07.wav,angry,05,normal,Kids are talking by the door,01,7,male,speech,audio-only
Actor_07\03-01-05-01-01-02-07.wav,03-01-05-01-01-02-07.wav,angry,05,normal,Kids are talking by the door,02,7,male,speech,audio-only
Actor_07\03-01-05-01-02-01-07.wav,03-01-05-01-02-01-07.wav,angry,05,normal,Dogs are sitting by the door,01,7,male,speech,audio-only
Actor_07\03-01-05-01-02-02-07.wav,03-01-05-01-02-02-07.wav,angry,05,normal,Dogs are sitting by the door,02,7,male,speech,audio-only
Actor_07\03-01-05-02-01-01-07.wav,03-01-05-02-01-01-07.wav,angry,05,strong,Kids are talking by the door,01,7,male,speech,audio-only
Actor_07\03-01-05-02-01-02-07.wav,03-01-05-02-01-02-07.wav,angry,05,strong,Kids are talking by the door,02,7,male,speech,audio-only
Actor_07\03-01-05-02-02-01-07.wav,03-01-05-02-02-01-07.wav,angry,05,strong,Dogs are sitting by the door,01,7,male,speech,audio-only
Actor_07\03-01-05-02-02-02-07.wav,03-01-05-02-02-02-07.wav,angry,05,strong,Dogs are sitting by the door,02,7,male,speech,audio-only
Actor_07\03-01-06-01-01-01-07.wav,03-01-06-01-01-01-07.wav,fearful,06,normal,Kids are talking by the door,01,7,male,speech,audio-only
Actor_07\03-01-06-01-01-02-07.wav,03-01-06-01-01-02-07.wav,fearful,06,normal,Kids are talking by the door,02,7,male,speech,audio-only
Actor_07\03-01-06-01-02-01-07.wav,03-01-06-01-02-01-07.wav,fearful,06,normal,Dogs are sitting by the door,01,7,male,speech,audio-only
Actor_07\03-01-06-01-02-02-07.wav,03-01-06-01-02-02-07.wav,fearful,06,normal,Dogs are sitting by the door,02,7,male,speech,audio-only
Actor_07\03-01-06-02-01-01-07.wav,03-01-06-02-01-01-07.wav,fearful,06,strong,Kids are talking by the door,01,7,male,speech,audio-only
Actor_07\03-01-06-02-01-02-07.wav,03-01-06-02-01-02-07.wav,fearful,06,strong,Kids are talking by the door,02,7,male,speech,audio-only
Actor_07\03-01-06-02-02-01-07.wav,03-01-06-02-02-01-07.wav,fearful,06,strong,Dogs are sitting by the door,01,7,male,speech,audio-only
Actor_07\03-01-06-02-02-02-07.wav,03-01-06-02-02-02-07.wav,fearful,06,strong,Dogs are sitting by the door,02,7,male,speech,audio-only
Actor_07\03-01-07-01-01-01-07.wav,03-01-07-01-01-01-07.wav,disgust,07,normal,Kids are talking by the door,01,7,male,speech,audio-only
Actor_07\03-01-07-01-01-02-07.wav,03-01-07-01-01-02-07.wav,disgust,07,normal,Kids are talking by the door,02,7,male,speech,audio-only
Actor_07\03-01-07-01-02-01-07.wav,03-01-07-01-02-01-07.wav,disgust,07,normal,Dogs are sitting by the door,01,7,male,speech,audio-only
Actor_07\03-01-07-01-02-02-07.wav,03-01-07-01-02-02-07.wav,disgust,07,normal,Dogs are sitting by the door,02,7,male,speech,audio-only
Actor_07\03-01-07-02-01-01-07.wav,03-01-07-02-01-01-07.wav,disgust,07,strong,Kids are talking by the door,01,7,male,speech,audio-only
Actor_07\03-01-07-02-01-02-07.wav,03-01-07-02-01-02-07.wav,disgust,07,strong,Kids are talking by the door,02,7,male,speech,audio-only
Actor_07\03-01-07-02-02-01-07.wav,03-01-07-02-02-01-07.wav,disgust,07,strong,Dogs are sitting by the door,01,7,male,speech,audio-only
Actor_07\03-01-07-02-02-02-07.wav,03-01-07-02-02-02-07.wav,disgust,07,strong,Dogs are sitting by the door,02,7,male,speech,audio-only
Actor_07\03-01-08-01-01-01-07.wav,03-01-08-01-01-01-07.wav,surprised,08,normal,Kids are talking by the door,01,7,male,speech,audio-only
Actor_07\03-01-08-01-01-02-07.wav,03-01-08-01-01-02-07.wav,surprised,08,normal,Kids are talking by the door,02,7,male,speech,audio-only
Actor_07\03-01-08-01-02-01-07.wav,03-01-08-01-02-01-07.wav,surprised,08,normal,Dogs are sitting by the door,01,7,male,speech,audio-only
Actor_07\03-01-08-01-02-02-07.wav,03-01-08-01-02-02-07.wav,surprised,08,normal,Dogs are sitting by the door,02,7,male,speech,audio-only
Actor_07\03-01-08-02-01-01-07.wav,03-01-08-02-01-01-07.wav,surprised,08,strong,Kids are talking by the door,01,7,male,speech,audio-only
Actor_07\03-01-08-02-01-02-07.wav,03-01-08-02-01-02-07.wav,surprised,08,strong,Kids are talking by the door,02,7,male,speech,audio-only
Actor_07\03-01-08-02-02-01-07.wav,03-01-08-02-02-01-07.wav,surprised,08,strong,Dogs are sitting by the door,01,7,male,speech,audio-only
Actor_07\03-01-08-02-02-02-07.wav,03-01-08-02-02-02-07.wav,surprised,08,strong,Dogs are sitting by the door,02,7,male,speech,audio-only
Actor_08\03-01-01-01-01-01-08.wav,03-01-01-01-01-01-08.wav,neutral,01,normal,Kids are talking by the door,01,8,female,speech,audio-only
Actor_08\03-01-01-01-01-02-08.wav,03-01-01-01-01-02-08.wav,neutral,01,normal,Kids are talking by the door,02,8,female,speech,audio-only
Actor_08\03-01-01-01-02-01-08.wav,03-01-01-01-02-01-08.wav,neutral,01,normal,Dogs are sitting by the door,01,8,female,speech,audio-only
Actor_08\03-01-01-01-02-02-08.wav,03-01-01-01-02-02-08.wav,neutral,01,normal,Dogs are sitting by the door,02,8,female,speech,audio-only
Actor_08\03-01-02-01-01-01-08.wav,03-01-02-01-01-01-08.wav,calm,02,normal,Kids are talking by the door,01,8,female,speech,audio-only
Actor_08\03-01-02-01-01-02-08.wav,03-01-02-01-01-02-08.wav,calm,02,normal,Kids are talking by the door,02,8,female,speech,audio-only
Actor_08\03-01-02-01-02-01-08.wav,03-01-02-01-02-01-08.wav,calm,02,normal,Dogs are sitting by the door,01,8,female,speech,audio-only
Actor_08\03-01-02-01-02-02-08.wav,03-01-02-01-02-02-08.wav,calm,02,normal,Dogs are sitting by the door,02,8,female,speech,audio-only
Actor_08\03-01-02-02-01-01-08.wav,03-01-02-02-01-01-08.wav,calm,02,strong,Kids are talking by the door,01,8,female,speech,audio-only
Actor_08\03-01-02-02-01-02-08.wav,03-01-02-02-01-02-08.wav,calm,02,strong,Kids are talking by the door,02,8,female,speech,audio-only
Actor_08\03-01-02-02-02-01-08.wav,03-01-02-02-02-01-08.wav,calm,02,strong,Dogs are sitting by the door,01,8,female,speech,audio-only
Actor_08\03-01-02-02-02-02-08.wav,03-01-02-02-02-02-08.wav,calm,02,strong,Dogs are sitting by the door,02,8,female,speech,audio-only
Actor_08\03-01-03-01-01-01-08.wav,03-01-03-01-01-01-08.wav,happy,03,normal,Kids are talking by the door,01,8,female,speech,audio-only
Actor_08\03-01-03-01-01-02-08.wav,03-01-03-01-01-02-08.wav,happy,03,normal,Kids are talking by the door,02,8,female,speech,audio-only
Actor_08\03-01-03-01-02-01-08.wav,03-01-03-01-02-01-08.wav,happy,03,normal,Dogs are sitting by the door,01,8,female,speech,audio-only
Actor_08\03-01-03-01-02-02-08.wav,03-01-03-01-02-02-08.wav,happy,03,normal,Dogs are sitting by the door,02,8,female,speech,audio-only
Actor_08\03-01-03-02-01-01-08.wav,03-01-03-02-01-01-08.wav,happy,03,strong,Kids are talking by the door,01,8,female,speech,audio-only
Actor_08\03-01-03-02-01-02-08.wav,03-01-03-02-01-02-08.wav,happy,03,strong,Kids are talking by the door,02,8,female,speech,audio-only
Actor_08\03-01-03-02-02-01-08.wav,03-01-03-02-02-01-08.wav,happy,03,strong,Dogs are sitting by the door,01,8,female,speech,audio-only
Actor_08\03-01-03-02-02-02-08.wav,03-01-03-02-02-02-08.wav,happy,03,strong,Dogs are sitting by the door,02,8,female,speech,audio-only
Actor_08\03-01-04-01-01-01-08.wav,03-01-04-01-01-01-08.wav,sad,04,normal,Kids are talking by the door,01,8,female,speech,audio-only
Actor_08\03-01-04-01-01-02-08.wav,03-01-04-01-01-02-08.wav,sad,04,normal,Kids are talking by the door,02,8,female,speech,audio-only
Actor_08\03-01-04-01-02-01-08.wav,03-01-04-01-02-01-08.wav,sad,04,normal,Dogs are sitting by the door,01,8,female,speech,audio-only
Actor_08\03-01-04-01-02-02-08.wav,03-01-04-01-02-02-08.wav,sad,04,normal,Dogs are sitting by the door,02,8,female,speech,audio-only
Actor_08\03-01-04-02-01-01-08.wav,03-01-04-02-01-01-08.wav,sad,04,strong,Kids are talking by the door,01,8,female,speech,audio-only
Actor_08\03-01-04-02-01-02-08.wav,03-01-04-02-01-02-08.wav,sad,04,strong,Kids are talking by the door,02,8,female,speech,audio-only
Actor_08\03-01-04-02-02-01-08.wav,03-01-04-02-02-01-08.wav,sad,04,strong,Dogs are sitting by the door,01,8,female,speech,audio-only
Actor_08\03-01-04-02-02-02-08.wav,03-01-04-02-02-02-08.wav,sad,04,strong,Dogs are sitting by the door,02,8,female,speech,audio-only
Actor_08\03-01-05-01-01-01-08.wav,03-01-05-01-01-01-08.wav,angry,05,normal,Kids are talking by the door,01,8,female,speech,audio-only
Actor_08\03-01-05-01-01-02-08.wav,03-01-05-01-01-02-08.wav,angry,05,normal,Kids are talking by the door,02,8,female,speech,audio-only
Actor_08\03-01-05-01-02-01-08.wav,03-01-05-01-02-01-08.wav,angry,05,normal,Dogs are sitting by the door,01,8,female,speech,audio-only
Actor_08\03-01-05-01-02-02-08.wav,03-01-05-01-02-02-08.wav,angry,05,normal,Dogs are sitting by the door,02,8,female,speech,audio-only
Actor_08\03-01-05-02-01-01-08.wav,03-01-05-02-01-01-08.wav,angry,05,strong,Kids are talking by the door,01,8,female,speech,audio-only
Actor_08\03-01-05-02-01-02-08.wav,03-01-05-02-01-02-08.wav,angry,05,strong,Kids are talking by the door,02,8,female,speech,audio-only
Actor_08\03-01-05-02-02-01-08.wav,03-01-05-02-02-01-08.wav,angry,05,strong,Dogs are sitting by the door,01,8,female,speech,audio-only
Actor_08\03-01-05-02-02-02-08.wav,03-01-05-02-02-02-08.wav,angry,05,strong,Dogs are sitting by the door,02,8,female,speech,audio-only
Actor_08\03-01-06-01-01-01-08.wav,03-01-06-01-01-01-08.wav,fearful,06,normal,Kids are talking by the door,01,8,female,speech,audio-only
Actor_08\03-01-06-01-01-02-08.wav,03-01-06-01-01-02-08.wav,fearful,06,normal,Kids are talking by the door,02,8,female,speech,audio-only
Actor_08\03-01-06-01-02-01-08.wav,03-01-06-01-02-01-08.wav,fearful,06,normal,Dogs are sitting by the door,01,8,female,speech,audio-only
Actor_08\03-01-06-01-02-02-08.wav,03-01-06-01-02-02-08.wav,fearful,06,normal,Dogs are sitting by the door,02,8,female,speech,audio-only
Actor_08\03-01-06-02-01-01-08.wav,03-01-06-02-01-01-08.wav,fearful,06,strong,Kids are talking by the door,01,8,female,speech,audio-only
Actor_08\03-01-06-02-01-02-08.wav,03-01-06-02-01-02-08.wav,fearful,06,strong,Kids are talking by the door,02,8,female,speech,audio-only
Actor_08\03-01-06-02-02-01-08.wav,03-01-06-02-02-01-08.wav,fearful,06,strong,Dogs are sitting by the door,01,8,female,speech,audio-only
Actor_08\03-01-06-02-02-02-08.wav,03-01-06-02-02-02-08.wav,fearful,06,strong,Dogs are sitting by the door,02,8,female,speech,audio-only
Actor_08\03-01-07-01-01-01-08.wav,03-01-07-01-01-01-08.wav,disgust,07,normal,Kids are talking by the door,01,8,female,speech,audio-only
Actor_08\03-01-07-01-01-02-08.wav,03-01-07-01-01-02-08.wav,disgust,07,normal,Kids are talking by the door,02,8,female,speech,audio-only
Actor_08\03-01-07-01-02-01-08.wav,03-01-07-01-02-01-08.wav,disgust,07,normal,Dogs are sitting by the door,01,8,female,speech,audio-only
Actor_08\03-01-07-01-02-02-08.wav,03-01-07-01-02-02-08.wav,disgust,07,normal,Dogs are sitting by the door,02,8,female,speech,audio-only
Actor_08\03-01-07-02-01-01-08.wav,03-01-07-02-01-01-08.wav,disgust,07,strong,Kids are talking by the door,01,8,female,speech,audio-only
Actor_08\03-01-07-02-01-02-08.wav,03-01-07-02-01-02-08.wav,disgust,07,strong,Kids are talking by the door,02,8,female,speech,audio-only
Actor_08\03-01-07-02-02-01-08.wav,03-01-07-02-02-01-08.wav,disgust,07,strong,Dogs are sitting by the door,01,8,female,speech,audio-only
Actor_08\03-01-07-02-02-02-08.wav,03-01-07-02-02-02-08.wav,disgust,07,strong,Dogs are sitting by the door,02,8,female,speech,audio-only
Actor_08\03-01-08-01-01-01-08.wav,03-01-08-01-01-01-08.wav,surprised,08,normal,Kids are talking by the door,01,8,female,speech,audio-only
Actor_08\03-01-08-01-01-02-08.wav,03-01-08-01-01-02-08.wav,surprised,08,normal,Kids are talking by the door,02,8,female,speech,audio-only
Actor_08\03-01-08-01-02-01-08.wav,03-01-08-01-02-01-08.wav,surprised,08,normal,Dogs are sitting by the door,01,8,female,speech,audio-only
Actor_08\03-01-08-01-02-02-08.wav,03-01-08-01-02-02-08.wav,surprised,08,normal,Dogs are sitting by the door,02,8,female,speech,audio-only
Actor_08\03-01-08-02-01-01-08.wav,03-01-08-02-01-01-08.wav,surprised,08,strong,Kids are talking by the door,01,8,female,speech,audio-only
Actor_08\03-01-08-02-01-02-08.wav,03-01-08-02-01-02-08.wav,surprised,08,strong,Kids are talking by the door,02,8,female,speech,audio-only
Actor_08\03-01-08-02-02-01-08.wav,03-01-08-02-02-01-08.wav,surprised,08,strong,Dogs are sitting by the door,01,8,female,speech,audio-only
Actor_08\03-01-08-02-02-02-08.wav,03-01-08-02-02-02-08.wav,surprised,08,strong,Dogs are sitting by the door,02,8,female,speech,audio-only
Actor_09\03-01-01-01-01-01-09.wav,03-01-01-01-01-01-09.wav,neutral,01,normal,Kids are talking by the door,01,9,male,speech,audio-only
Actor_09\03-01-01-01-01-02-09.wav,03-01-01-01-01-02-09.wav,neutral,01,normal,Kids are talking by the door,02,9,male,speech,audio-only
Actor_09\03-01-01-01-02-01-09.wav,03-01-01-01-02-01-09.wav,neutral,01,normal,Dogs are sitting by the door,01,9,male,speech,audio-only
Actor_09\03-01-01-01-02-02-09.wav,03-01-01-01-02-02-09.wav,neutral,01,normal,Dogs are sitting by the door,02,9,male,speech,audio-only
Actor_09\03-01-02-01-01-01-09.wav,03-01-02-01-01-01-09.wav,calm,02,normal,Kids are talking by the door,01,9,male,speech,audio-only
Actor_09\03-01-02-01-01-02-09.wav,03-01-02-01-01-02-09.wav,calm,02,normal,Kids are talking by the door,02,9,male,speech,audio-only
Actor_09\03-01-02-01-02-01-09.wav,03-01-02-01-02-01-09.wav,calm,02,normal,Dogs are sitting by the door,01,9,male,speech,audio-only
Actor_09\03-01-02-01-02-02-09.wav,03-01-02-01-02-02-09.wav,calm,02,normal,Dogs are sitting by the door,02,9,male,speech,audio-only
Actor_09\03-01-02-02-01-01-09.wav,03-01-02-02-01-01-09.wav,calm,02,strong,Kids are talking by the door,01,9,male,speech,audio-only
Actor_09\03-01-02-02-01-02-09.wav,03-01-02-02-01-02-09.wav,calm,02,strong,Kids are talking by the door,02,9,male,speech,audio-only
Actor_09\03-01-02-02-02-01-09.wav,03-01-02-02-02-01-09.wav,calm,02,strong,Dogs are sitting by the door,01,9,male,speech,audio-only
Actor_09\03-01-02-02-02-02-09.wav,03-01-02-02-02-02-09.wav,calm,02,strong,Dogs are sitting by the door,02,9,male,speech,audio-only
Actor_09\03-01-03-01-01-01-09.wav,03-01-03-01-01-01-09.wav,happy,03,normal,Kids are talking by the door,01,9,male,speech,audio-only
Actor_09\03-01-03-01-01-02-09.wav,03-01-03-01-01-02-09.wav,happy,03,normal,Kids are talking by the door,02,9,male,speech,audio-only
Actor_09\03-01-03-01-02-01-09.wav,03-01-03-01-02-01-09.wav,happy,03,normal,Dogs are sitting by the door,01,9,male,speech,audio-only
Actor_09\03-01-03-01-02-02-09.wav,03-01-03-01-02-02-09.wav,happy,03,normal,Dogs are sitting by the door,02,9,male,speech,audio-only
Actor_09\03-01-03-02-01-01-09.wav,03-01-03-02-01-01-09.wav,happy,03,strong,Kids are talking by the door,01,9,male,speech,audio-only
Actor_09\03-01-03-02-01-02-09.wav,03-01-03-02-01-02-09.wav,happy,03,strong,Kids are talking by the door,02,9,male,speech,audio-only
Actor_09\03-01-03-02-02-01-09.wav,03-01-03-02-02-01-09.wav,happy,03,strong,Dogs are sitting by the door,01,9,male,speech,audio-only
Actor_09\03-01-03-02-02-02-09.wav,03-01-03-02-02-02-09.wav,happy,03,strong,Dogs are sitting by the door,02,9,male,speech,audio-only
Actor_09\03-01-04-01-01-01-09.wav,03-01-04-01-01-01-09.wav,sad,04,normal,Kids are talking by the door,01,9,male,speech,audio-only
Actor_09\03-01-04-01-01-02-09.wav,03-01-04-01-01-02-09.wav,sad,04,normal,Kids are talking by the door,02,9,male,speech,audio-only
Actor_09\03-01-04-01-02-01-09.wav,03-01-04-01-02-01-09.wav,sad,04,normal,Dogs are sitting by the door,01,9,male,speech,audio-only
Actor_09\03-01-04-01-02-02-09.wav,03-01-04-01-02-02-09.wav,sad,04,normal,Dogs are sitting by the door,02,9,male,speech,audio-only
Actor_09\03-01-04-02-01-01-09.wav,03-01-04-02-01-01-09.wav,sad,04,strong,Kids are talking by the door,01,9,male,speech,audio-only
Actor_09\03-01-04-02-01-02-09.wav,03-01-04-02-01-02-09.wav,sad,04,strong,Kids are talking by the door,02,9,male,speech,audio-only
Actor_09\03-01-04-02-02-01-09.wav,03-01-04-02-02-01-09.wav,sad,04,strong,Dogs are sitting by the door,01,9,male,speech,audio-only
Actor_09\03-01-04-02-02-02-09.wav,03-01-04-02-02-02-09.wav,sad,04,strong,Dogs are sitting by the door,02,9,male,speech,audio-only
Actor_09\03-01-05-01-01-01-09.wav,03-01-05-01-01-01-09.wav,angry,05,normal,Kids are talking by the door,01,9,male,speech,audio-only
Actor_09\03-01-05-01-01-02-09.wav,03-01-05-01-01-02-09.wav,angry,05,normal,Kids are talking by the door,02,9,male,speech,audio-only
Actor_09\03-01-05-01-02-01-09.wav,03-01-05-01-02-01-09.wav,angry,05,normal,Dogs are sitting by the door,01,9,male,speech,audio-only
Actor_09\03-01-05-01-02-02-09.wav,03-01-05-01-02-02-09.wav,angry,05,normal,Dogs are sitting by the door,02,9,male,speech,audio-only
Actor_09\03-01-05-02-01-01-09.wav,03-01-05-02-01-01-09.wav,angry,05,strong,Kids are talking by the door,01,9,male,speech,audio-only
Actor_09\03-01-05-02-01-02-09.wav,03-01-05-02-01-02-09.wav,angry,05,strong,Kids are talking by the door,02,9,male,speech,audio-only
Actor_09\03-01-05-02-02-01-09.wav,03-01-05-02-02-01-09.wav,angry,05,strong,Dogs are sitting by the door,01,9,male,speech,audio-only
Actor_09\03-01-05-02-02-02-09.wav,03-01-05-02-02-02-09.wav,angry,05,strong,Dogs are sitting by the door,02,9,male,speech,audio-only
Actor_09\03-01-06-01-01-01-09.wav,03-01-06-01-01-01-09.wav,fearful,06,normal,Kids are talking by the door,01,9,male,speech,audio-only
Actor_09\03-01-06-01-01-02-09.wav,03-01-06-01-01-02-09.wav,fearful,06,normal,Kids are talking by the door,02,9,male,speech,audio-only
Actor_09\03-01-06-01-02-01-09.wav,03-01-06-01-02-01-09.wav,fearful,06,normal,Dogs are sitting by the door,01,9,male,speech,audio-only
Actor_09\03-01-06-01-02-02-09.wav,03-01-06-01-02-02-09.wav,fearful,06,normal,Dogs are sitting by the door,02,9,male,speech,audio-only
Actor_09\03-01-06-02-01-01-09.wav,03-01-06-02-01-01-09.wav,fearful,06,strong,Kids are talking by the door,01,9,male,speech,audio-only
Actor_09\03-01-06-02-01-02-09.wav,03-01-06-02-01-02-09.wav,fearful,06,strong,Kids are talking by the door,02,9,male,speech,audio-only
Actor_09\03-01-06-02-02-01-09.wav,03-01-06-02-02-01-09.wav,fearful,06,strong,Dogs are sitting by the door,01,9,male,speech,audio-only
Actor_09\03-01-06-02-02-02-09.wav,03-01-06-02-02-02-09.wav,fearful,06,strong,Dogs are sitting by the door,02,9,male,speech,audio-only
Actor_09\03-01-07-01-01-01-09.wav,03-01-07-01-01-01-09.wav,disgust,07,normal,Kids are talking by the door,01,9,male,speech,audio-only
Actor_09\03-01-07-01-01-02-09.wav,03-01-07-01-01-02-09.wav,disgust,07,normal,Kids are talking by the door,02,9,male,speech,audio-only
Actor_09\03-01-07-01-02-01-09.wav,03-01-07-01-02-01-09.wav,disgust,07,normal,Dogs are sitting by the door,01,9,male,speech,audio-only
Actor_09\03-01-07-01-02-02-09.wav,03-01-07-01-02-02-09.wav,disgust,07,normal,Dogs are sitting by the door,02,9,male,speech,audio-only
Actor_09\03-01-07-02-01-01-09.wav,03-01-07-02-01-01-09.wav,disgust,07,strong,Kids are talking by the door,01,9,male,speech,audio-only
Actor_09\03-01-07-02-01-02-09.wav,03-01-07-02-01-02-09.wav,disgust,07,strong,Kids are talking by the door,02,9,male,speech,audio-only
Actor_09\03-01-07-02-02-01-09.wav,03-01-07-02-02-01-09.wav,disgust,07,strong,Dogs are sitting by the door,01,9,male,speech,audio-only
Actor_09\03-01-07-02-02-02-09.wav,03-01-07-02-02-02-09.wav,disgust,07,strong,Dogs are sitting by the door,02,9,male,speech,audio-only
Actor_09\03-01-08-01-01-01-09.wav,03-01-08-01-01-01-09.wav,surprised,08,normal,Kids are talking by the door,01,9,male,speech,audio-only
Actor_09\03-01-08-01-01-02-09.wav,03-01-08-01-01-02-09.wav,surprised,08,normal,Kids are talking by the door,02,9,male,speech,audio-only
Actor_09\03-01-08-01-02-01-09.wav,03-01-08-01-02-01-09.wav,surprised,08,normal,Dogs are sitting by the door,01,9,male,speech,audio-only
Actor_09\03-01-08-01-02-02-09.wav,03-01-08-01-02-02-09.wav,surprised,08,normal,Dogs are sitting by the door,02,9,male,speech,audio-only
Actor_09\03-01-08-02-01-01-09.wav,03-01-08-02-01-01-09.wav,surprised,08,strong,Kids are talking by the door,01,9,male,speech,audio-only
Actor_09\03-01-08-02-01-02-09.wav,03-01-08-02-01-02-09.wav,surprised,08,strong,Kids are talking by the door,02,9,male,speech,audio-only
Actor_09\03-01-08-02-02-01-09.wav,03-01-08-02-02-01-09.wav,surprised,08,strong,Dogs are sitting by the door,01,9,male,speech,audio-only
Actor_09\03-01-08-02-02-02-09.wav,03-01-08-02-02-02-09.wav,surprised,08,strong,Dogs are sitting by the door,02,9,male,speech,audio-only
Actor_10\03-01-01-01-01-01-10.wav,03-01-01-01-01-01-10.wav,neutral,01,normal,Kids are talking by the door,01,10,female,speech,audio-only
Actor_10\03-01-01-01-01-02-10.wav,03-01-01-01-01-02-10.wav,neutral,01,normal,Kids are talking by the door,02,10,female,speech,audio-only
Actor_10\03-01-01-01-02-01-10.wav,03-01-01-01-02-01-10.wav,neutral,01,normal,Dogs are sitting by the door,01,10,female,speech,audio-only
Actor_10\03-01-01-01-02-02-10.wav,03-01-01-01-02-02-10.wav,neutral,01,normal,Dogs are sitting by the door,02,10,female,speech,audio-only
Actor_10\03-01-02-01-01-01-10.wav,03-01-02-01-01-01-10.wav,calm,02,normal,Kids are talking by the door,01,10,female,speech,audio-only
Actor_10\03-01-02-01-01-02-10.wav,03-01-02-01-01-02-10.wav,calm,02,normal,Kids are talking by the door,02,10,female,speech,audio-only
Actor_10\03-01-02-01-02-01-10.wav,03-01-02-01-02-01-10.wav,calm,02,normal,Dogs are sitting by the door,01,10,female,speech,audio-only
Actor_10\03-01-02-01-02-02-10.wav,03-01-02-01-02-02-10.wav,calm,02,normal,Dogs are sitting by the door,02,10,female,speech,audio-only
Actor_10\03-01-02-02-01-01-10.wav,03-01-02-02-01-01-10.wav,calm,02,strong,Kids are talking by the door,01,10,female,speech,audio-only
Actor_10\03-01-02-02-01-02-10.wav,03-01-02-02-01-02-10.wav,calm,02,strong,Kids are talking by the door,02,10,female,speech,audio-only
Actor_10\03-01-02-02-02-01-10.wav,03-01-02-02-02-01-10.wav,calm,02,strong,Dogs are sitting by the door,01,10,female,speech,audio-only
Actor_10\03-01-02-02-02-02-10.wav,03-01-02-02-02-02-10.wav,calm,02,strong,Dogs are sitting by the door,02,10,female,speech,audio-only
Actor_10\03-01-03-01-01-01-10.wav,03-01-03-01-01-01-10.wav,happy,03,normal,Kids are talking by the door,01,10,female,speech,audio-only
Actor_10\03-01-03-01-01-02-10.wav,03-01-03-01-01-02-10.wav,happy,03,normal,Kids are talking by the door,02,10,female,speech,audio-only
Actor_10\03-01-03-01-02-01-10.wav,03-01-03-01-02-01-10.wav,happy,03,normal,Dogs are sitting by the door,01,10,female,speech,audio-only
Actor_10\03-01-03-01-02-02-10.wav,03-01-03-01-02-02-10.wav,happy,03,normal,Dogs are sitting by the door,02,10,female,speech,audio-only
Actor_10\03-01-03-02-01-01-10.wav,03-01-03-02-01-01-10.wav,happy,03,strong,Kids are talking by the door,01,10,female,speech,audio-only
Actor_10\03-01-03-02-01-02-10.wav,03-01-03-02-01-02-10.wav,happy,03,strong,Kids are talking by the door,02,10,female,speech,audio-only
Actor_10\03-01-03-02-02-01-10.wav,03-01-03-02-02-01-10.wav,happy,03,strong,Dogs are sitting by the door,01,10,female,speech,audio-only
Actor_10\03-01-03-02-02-02-10.wav,03-01-03-02-02-02-10.wav,happy,03,strong,Dogs are sitting by the door,02,10,female,speech,audio-only
Actor_10\03-01-04-01-01-01-10.wav,03-01-04-01-01-01-10.wav,sad,04,normal,Kids are talking by the door,01,10,female,speech,audio-only
Actor_10\03-01-04-01-01-02-10.wav,03-01-04-01-01-02-10.wav,sad,04,normal,Kids are talking by the door,02,10,female,speech,audio-only
Actor_10\03-01-04-01-02-01-10.wav,03-01-04-01-02-01-10.wav,sad,04,normal,Dogs are sitting by the door,01,10,female,speech,audio-only
Actor_10\03-01-04-01-02-02-10.wav,03-01-04-01-02-02-10.wav,sad,04,normal,Dogs are sitting by the door,02,10,female,speech,audio-only
Actor_10\03-01-04-02-01-01-10.wav,03-01-04-02-01-01-10.wav,sad,04,strong,Kids are talking by the door,01,10,female,speech,audio-only
Actor_10\03-01-04-02-01-02-10.wav,03-01-04-02-01-02-10.wav,sad,04,strong,Kids are talking by the door,02,10,female,speech,audio-only
Actor_10\03-01-04-02-02-01-10.wav,03-01-04-02-02-01-10.wav,sad,04,strong,Dogs are sitting by the door,01,10,female,speech,audio-only
Actor_10\03-01-04-02-02-02-10.wav,03-01-04-02-02-02-10.wav,sad,04,strong,Dogs are sitting by the door,02,10,female,speech,audio-only
Actor_10\03-01-05-01-01-01-10.wav,03-01-05-01-01-01-10.wav,angry,05,normal,Kids are talking by the door,01,10,female,speech,audio-only
Actor_10\03-01-05-01-01-02-10.wav,03-01-05-01-01-02-10.wav,angry,05,normal,Kids are talking by the door,02,10,female,speech,audio-only
Actor_10\03-01-05-01-02-01-10.wav,03-01-05-01-02-01-10.wav,angry,05,normal,Dogs are sitting by the door,01,10,female,speech,audio-only
Actor_10\03-01-05-01-02-02-10.wav,03-01-05-01-02-02-10.wav,angry,05,normal,Dogs are sitting by the door,02,10,female,speech,audio-only
Actor_10\03-01-05-02-01-01-10.wav,03-01-05-02-01-01-10.wav,angry,05,strong,Kids are talking by the door,01,10,female,speech,audio-only
Actor_10\03-01-05-02-01-02-10.wav,03-01-05-02-01-02-10.wav,angry,05,strong,Kids are talking by the door,02,10,female,speech,audio-only
Actor_10\03-01-05-02-02-01-10.wav,03-01-05-02-02-01-10.wav,angry,05,strong,Dogs are sitting by the door,01,10,female,speech,audio-only
Actor_10\03-01-05-02-02-02-10.wav,03-01-05-02-02-02-10.wav,angry,05,strong,Dogs are sitting by the door,02,10,female,speech,audio-only
Actor_10\03-01-06-01-01-01-10.wav,03-01-06-01-01-01-10.wav,fearful,06,normal,Kids are talking by the door,01,10,female,speech,audio-only
Actor_10\03-01-06-01-01-02-10.wav,03-01-06-01-01-02-10.wav,fearful,06,normal,Kids are talking by the door,02,10,female,speech,audio-only
Actor_10\03-01-06-01-02-01-10.wav,03-01-06-01-02-01-10.wav,fearful,06,normal,Dogs are sitting by the door,01,10,female,speech,audio-only
Actor_10\03-01-06-01-02-02-10.wav,03-01-06-01-02-02-10.wav,fearful,06,normal,Dogs are sitting by the door,02,10,female,speech,audio-only
Actor_10\03-01-06-02-01-01-10.wav,03-01-06-02-01-01-10.wav,fearful,06,strong,Kids are talking by the door,01,10,female,speech,audio-only
Actor_10\03-01-06-02-01-02-10.wav,03-01-06-02-01-02-10.wav,fearful,06,strong,Kids are talking by the door,02,10,female,speech,audio-only
Actor_10\03-01-06-02-02-01-10.wav,03-01-06-02-02-01-10.wav,fearful,06,strong,Dogs are sitting by the door,01,10,female,speech,audio-only
Actor_10\03-01-06-02-02-02-10.wav,03-01-06-02-02-02-10.wav,fearful,06,strong,Dogs are sitting by the door,02,10,female,speech,audio-only
Actor_10\03-01-07-01-01-01-10.wav,03-01-07-01-01-01-10.wav,disgust,07,normal,Kids are talking by the door,01,10,female,speech,audio-only
Actor_10\03-01-07-01-01-02-10.wav,03-01-07-01-01-02-10.wav,disgust,07,normal,Kids are talking by the door,02,10,female,speech,audio-only
Actor_10\03-01-07-01-02-01-10.wav,03-01-07-01-02-01-10.wav,disgust,07,normal,Dogs are sitting by the door,01,10,female,speech,audio-only
Actor_10\03-01-07-01-02-02-10.wav,03-01-07-01-02-02-10.wav,disgust,07,normal,Dogs are sitting by the door,02,10,female,speech,audio-only
Actor_10\03-01-07-02-01-01-10.wav,03-01-07-02-01-01-10.wav,disgust,07,strong,Kids are talking by the door,01,10,female,speech,audio-only
Actor_10\03-01-07-02-01-02-10.wav,03-01-07-02-01-02-10.wav,disgust,07,strong,Kids are talking by the door,02,10,female,speech,audio-only
Actor_10\03-01-07-02-02-01-10.wav,03-01-07-02-02-01-10.wav,disgust,07,strong,Dogs are sitting by the door,01,10,female,speech,audio-only
Actor_10\03-01-07-02-02-02-10.wav,03-01-07-02-02-02-10.wav,disgust,07,strong,Dogs are sitting by the door,02,10,female,speech,audio-only
Actor_10\03-01-08-01-01-01-10.wav,03-01-08-01-01-01-10.wav,surprised,08,normal,Kids are talking by the door,01,10,female,speech,audio-only
Actor_10\03-01-08-01-01-02-10.wav,03-01-08-01-01-02-10.wav,surprised,08,normal,Kids are talking by the door,02,10,female,speech,audio-only
Actor_10\03-01-08-01-02-01-10.wav,03-01-08-01-02-01-10.wav,surprised,08,normal,Dogs are sitting by the door,01,10,female,speech,audio-only
Actor_10\03-01-08-01-02-02-10.wav,03-01-08-01-02-02-10.wav,surprised,08,normal,Dogs are sitting by the door,02,10,female,speech,audio-only
Actor_10\03-01-08-02-01-01-10.wav,03-01-08-02-01-01-10.wav,surprised,08,strong,Kids are talking by the door,01,10,female,speech,audio-only
Actor_10\03-01-08-02-01-02-10.wav,03-01-08-02-01-02-10.wav,surprised,08,strong,Kids are talking by the door,02,10,female,speech,audio-only
Actor_10\03-01-08-02-02-01-10.wav,03-01-08-02-02-01-10.wav,surprised,08,strong,Dogs are sitting by the door,01,10,female,speech,audio-only
Actor_10\03-01-08-02-02-02-10.wav,03-01-08-02-02-02-10.wav,surprised,08,strong,Dogs are sitting by the door,02,10,female,speech,audio-only
Actor_11\03-01-01-01-01-01-11.wav,03-01-01-01-01-01-11.wav,neutral,01,normal,Kids are talking by the door,01,11,male,speech,audio-only
Actor_11\03-01-01-01-01-02-11.wav,03-01-01-01-01-02-11.wav,neutral,01,normal,Kids are talking by the door,02,11,male,speech,audio-only
Actor_11\03-01-01-01-02-01-11.wav,03-01-01-01-02-01-11.wav,neutral,01,normal,Dogs are sitting by the door,01,11,male,speech,audio-only
Actor_11\03-01-01-01-02-02-11.wav,03-01-01-01-02-02-11.wav,neutral,01,normal,Dogs are sitting by the door,02,11,male,speech,audio-only
Actor_11\03-01-02-01-01-01-11.wav,03-01-02-01-01-01-11.wav,calm,02,normal,Kids are talking by the door,01,11,male,speech,audio-only
Actor_11\03-01-02-01-01-02-11.wav,03-01-02-01-01-02-11.wav,calm,02,normal,Kids are talking by the door,02,11,male,speech,audio-only
Actor_11\03-01-02-01-02-01-11.wav,03-01-02-01-02-01-11.wav,calm,02,normal,Dogs are sitting by the door,01,11,male,speech,audio-only
Actor_11\03-01-02-01-02-02-11.wav,03-01-02-01-02-02-11.wav,calm,02,normal,Dogs are sitting by the door,02,11,male,speech,audio-only
Actor_11\03-01-02-02-01-01-11.wav,03-01-02-02-01-01-11.wav,calm,02,strong,Kids are talking by the door,01,11,male,speech,audio-only
Actor_11\03-01-02-02-01-02-11.wav,03-01-02-02-01-02-11.wav,calm,02,strong,Kids are talking by the door,02,11,male,speech,audio-only
Actor_11\03-01-02-02-02-01-11.wav,03-01-02-02-02-01-11.wav,calm,02,strong,Dogs are sitting by the door,01,11,male,speech,audio-only
Actor_11\03-01-02-02-02-02-11.wav,03-01-02-02-02-02-11.wav,calm,02,strong,Dogs are sitting by the door,02,11,male,speech,audio-only
Actor_11\03-01-03-01-01-01-11.wav,03-01-03-01-01-01-11.wav,happy,03,normal,Kids are talking by the door,01,11,male,speech,audio-only
Actor_11\03-01-03-01-01-02-11.wav,03-01-03-01-01-02-11.wav,happy,03,normal,Kids are talking by the door,02,11,male,speech,audio-only
Actor_11\03-01-03-01-02-01-11.wav,03-01-03-01-02-01-11.wav,happy,03,normal,Dogs are sitting by the door,01,11,male,speech,audio-only
Actor_11\03-01-03-01-02-02-11.wav,03-01-03-01-02-02-11.wav,happy,03,normal,Dogs are sitting by the door,02,11,male,speech,audio-only
Actor_11\03-01-03-02-01-01-11.wav,03-01-03-02-01-01-11.wav,happy,03,strong,Kids are talking by the door,01,11,male,speech,audio-only
Actor_11\03-01-03-02-01-02-11.wav,03-01-03-02-01-02-11.wav,happy,03,strong,Kids are talking by the door,02,11,male,speech,audio-only
Actor_11\03-01-03-02-02-01-11.wav,03-01-03-02-02-01-11.wav,happy,03,strong,Dogs are sitting by the door,01,11,male,speech,audio-only
Actor_11\03-01-03-02-02-02-11.wav,03-01-03-02-02-02-11.wav,happy,03,strong,Dogs are sitting by the door,02,11,male,speech,audio-only
Actor_11\03-01-04-01-01-01-11.wav,03-01-04-01-01-01-11.wav,sad,04,normal,Kids are talking by the door,01,11,male,speech,audio-only
Actor_11\03-01-04-01-01-02-11.wav,03-01-04-01-01-02-11.wav,sad,04,normal,Kids are talking by the door,02,11,male,speech,audio-only
Actor_11\03-01-04-01-02-01-11.wav,03-01-04-01-02-01-11.wav,sad,04,normal,Dogs are sitting by the door,01,11,male,speech,audio-only
Actor_11\03-01-04-01-02-02-11.wav,03-01-04-01-02-02-11.wav,sad,04,normal,Dogs are sitting by the door,02,11,male,speech,audio-only
Actor_11\03-01-04-02-01-01-11.wav,03-01-04-02-01-01-11.wav,sad,04,strong,Kids are talking by the door,01,11,male,speech,audio-only
Actor_11\03-01-04-02-01-02-11.wav,03-01-04-02-01-02-11.wav,sad,04,strong,Kids are talking by the door,02,11,male,speech,audio-only
Actor_11\03-01-04-02-02-01-11.wav,03-01-04-02-02-01-11.wav,sad,04,strong,Dogs are sitting by the door,01,11,male,speech,audio-only
Actor_11\03-01-04-02-02-02-11.wav,03-01-04-02-02-02-11.wav,sad,04,strong,Dogs are sitting by the door,02,11,male,speech,audio-only
Actor_11\03-01-05-01-01-01-11.wav,03-01-05-01-01-01-11.wav,angry,05,normal,Kids are talking by the door,01,11,male,speech,audio-only
Actor_11\03-01-05-01-01-02-11.wav,03-01-05-01-01-02-11.wav,angry,05,normal,Kids are talking by the door,02,11,male,speech,audio-only
Actor_11\03-01-05-01-02-01-11.wav,03-01-05-01-02-01-11.wav,angry,05,normal,Dogs are sitting by the door,01,11,male,speech,audio-only
Actor_11\03-01-05-01-02-02-11.wav,03-01-05-01-02-02-11.wav,angry,05,normal,Dogs are sitting by the door,02,11,male,speech,audio-only
Actor_11\03-01-05-02-01-01-11.wav,03-01-05-02-01-01-11.wav,angry,05,strong,Kids are talking by the door,01,11,male,speech,audio-only
Actor_11\03-01-05-02-01-02-11.wav,03-01-05-02-01-02-11.wav,angry,05,strong,Kids are talking by the door,02,11,male,speech,audio-only
Actor_11\03-01-05-02-02-01-11.wav,03-01-05-02-02-01-11.wav,angry,05,strong,Dogs are sitting by the door,01,11,male,speech,audio-only
Actor_11\03-01-05-02-02-02-11.wav,03-01-05-02-02-02-11.wav,angry,05,strong,Dogs are sitting by the door,02,11,male,speech,audio-only
Actor_11\03-01-06-01-01-01-11.wav,03-01-06-01-01-01-11.wav,fearful,06,normal,Kids are talking by the door,01,11,male,speech,audio-only
Actor_11\03-01-06-01-01-02-11.wav,03-01-06-01-01-02-11.wav,fearful,06,normal,Kids are talking by the door,02,11,male,speech,audio-only
Actor_11\03-01-06-01-02-01-11.wav,03-01-06-01-02-01-11.wav,fearful,06,normal,Dogs are sitting by the door,01,11,male,speech,audio-only
Actor_11\03-01-06-01-02-02-11.wav,03-01-06-01-02-02-11.wav,fearful,06,normal,Dogs are sitting by the door,02,11,male,speech,audio-only
Actor_11\03-01-06-02-01-01-11.wav,03-01-06-02-01-01-11.wav,fearful,06,strong,Kids are talking by the door,01,11,male,speech,audio-only
Actor_11\03-01-06-02-01-02-11.wav,03-01-06-02-01-02-11.wav,fearful,06,strong,Kids are talking by the door,02,11,male,speech,audio-only
Actor_11\03-01-06-02-02-01-11.wav,03-01-06-02-02-01-11.wav,fearful,06,strong,Dogs are sitting by the door,01,11,male,speech,audio-only
Actor_11\03-01-06-02-02-02-11.wav,03-01-06-02-02-02-11.wav,fearful,06,strong,Dogs are sitting by the door,02,11,male,speech,audio-only
Actor_11\03-01-07-01-01-01-11.wav,03-01-07-01-01-01-11.wav,disgust,07,normal,Kids are talking by the door,01,11,male,speech,audio-only
Actor_11\03-01-07-01-01-02-11.wav,03-01-07-01-01-02-11.wav,disgust,07,normal,Kids are talking by the door,02,11,male,speech,audio-only
Actor_11\03-01-07-01-02-01-11.wav,03-01-07-01-02-01-11.wav,disgust,07,normal,Dogs are sitting by the door,01,11,male,speech,audio-only
Actor_11\03-01-07-01-02-02-11.wav,03-01-07-01-02-02-11.wav,disgust,07,normal,Dogs are sitting by the door,02,11,male,speech,audio-only
Actor_11\03-01-07-02-01-01-11.wav,03-01-07-02-01-01-11.wav,disgust,07,strong,Kids are talking by the door,01,11,male,speech,audio-only
Actor_11\03-01-07-02-01-02-11.wav,03-01-07-02-01-02-11.wav,disgust,07,strong,Kids are talking by the door,02,11,male,speech,audio-only
Actor_11\03-01-07-02-02-01-11.wav,03-01-07-02-02-01-11.wav,disgust,07,strong,Dogs are sitting by the door,01,11,male,speech,audio-only
Actor_11\03-01-07-02-02-02-11.wav,03-01-07-02-02-02-11.wav,disgust,07,strong,Dogs are sitting by the door,02,11,male,speech,audio-only
Actor_11\03-01-08-01-01-01-11.wav,03-01-08-01-01-01-11.wav,surprised,08,normal,Kids are talking by the door,01,11,male,speech,audio-only
Actor_11\03-01-08-01-01-02-11.wav,03-01-08-01-01-02-11.wav,surprised,08,normal,Kids are talking by the door,02,11,male,speech,audio-only
Actor_11\03-01-08-01-02-01-11.wav,03-01-08-01-02-01-11.wav,surprised,08,normal,Dogs are sitting by the door,01,11,male,speech,audio-only
Actor_11\03-01-08-01-02-02-11.wav,03-01-08-01-02-02-11.wav,surprised,08,normal,Dogs are sitting by the door,02,11,male,speech,audio-only
Actor_11\03-01-08-02-01-01-11.wav,03-01-08-02-01-01-11.wav,surprised,08,strong,Kids are talking by the door,01,11,male,speech,audio-only
Actor_11\03-01-08-02-01-02-11.wav,03-01-08-02-01-02-11.wav,surprised,08,strong,Kids are talking by the door,02,11,male,speech,audio-only
Actor_11\03-01-08-02-02-01-11.wav,03-01-08-02-02-01-11.wav,surprised,08,strong,Dogs are sitting by the door,01,11,male,speech,audio-only
Actor_11\03-01-08-02-02-02-11.wav,03-01-08-02-02-02-11.wav,surprised,08,strong,Dogs are sitting by the door,02,11,male,speech,audio-only
Actor_12\03-01-01-01-01-01-12.wav,03-01-01-01-01-01-12.wav,neutral,01,normal,Kids are talking by the door,01,12,female,speech,audio-only
Actor_12\03-01-01-01-01-02-12.wav,03-01-01-01-01-02-12.wav,neutral,01,normal,Kids are talking by the door,02,12,female,speech,audio-only
Actor_12\03-01-01-01-02-01-12.wav,03-01-01-01-02-01-12.wav,neutral,01,normal,Dogs are sitting by the door,01,12,female,speech,audio-only
Actor_12\03-01-01-01-02-02-12.wav,03-01-01-01-02-02-12.wav,neutral,01,normal,Dogs are sitting by the door,02,12,female,speech,audio-only
Actor_12\03-01-02-01-01-01-12.wav,03-01-02-01-01-01-12.wav,calm,02,normal,Kids are talking by the door,01,12,female,speech,audio-only
Actor_12\03-01-02-01-01-02-12.wav,03-01-02-01-01-02-12.wav,calm,02,normal,Kids are talking by the door,02,12,female,speech,audio-only
Actor_12\03-01-02-01-02-01-12.wav,03-01-02-01-02-01-12.wav,calm,02,normal,Dogs are sitting by the door,01,12,female,speech,audio-only
Actor_12\03-01-02-01-02-02-12.wav,03-01-02-01-02-02-12.wav,calm,02,normal,Dogs are sitting by the door,02,12,female,speech,audio-only
Actor_12\03-01-02-02-01-01-12.wav,03-01-02-02-01-01-12.wav,calm,02,strong,Kids are talking by the door,01,12,female,speech,audio-only
Actor_12\03-01-02-02-01-02-12.wav,03-01-02-02-01-02-12.wav,calm,02,strong,Kids are talking by the door,02,12,female,speech,audio-only
Actor_12\03-01-02-02-02-01-12.wav,03-01-02-02-02-01-12.wav,calm,02,strong,Dogs are sitting by the door,01,12,female,speech,audio-only
Actor_12\03-01-02-02-02-02-12.wav,03-01-02-02-02-02-12.wav,calm,02,strong,Dogs are sitting by the door,02,12,female,speech,audio-only
Actor_12\03-01-03-01-01-01-12.wav,03-01-03-01-01-01-12.wav,happy,03,normal,Kids are talking by the door,01,12,female,speech,audio-only
Actor_12\03-01-03-01-01-02-12.wav,03-01-03-01-01-02-12.wav,happy,03,normal,Kids are talking by the door,02,12,female,speech,audio-only
Actor_12\03-01-03-01-02-01-12.wav,03-01-03-01-02-01-12.wav,happy,03,normal,Dogs are sitting by the door,01,12,female,speech,audio-only
Actor_12\03-01-03-01-02-02-12.wav,03-01-03-01-02-02-12.wav,happy,03,normal,Dogs are sitting by the door,02,12,female,speech,audio-only
Actor_12\03-01-03-02-01-01-12.wav,03-01-03-02-01-01-12.wav,happy,03,strong,Kids are talking by the door,01,12,female,speech,audio-only
Actor_12\03-01-03-02-01-02-12.wav,03-01-03-02-01-02-12.wav,happy,03,strong,Kids are talking by the door,02,12,female,speech,audio-only
Actor_12\03-01-03-02-02-01-12.wav,03-01-03-02-02-01-12.wav,happy,03,strong,Dogs are sitting by the door,01,12,female,speech,audio-only
Actor_12\03-01-03-02-02-02-12.wav,03-01-03-02-02-02-12.wav,happy,03,strong,Dogs are sitting by the door,02,12,female,speech,audio-only
Actor_12\03-01-04-01-01-01-12.wav,03-01-04-01-01-01-12.wav,sad,04,normal,Kids are talking by the door,01,12,female,speech,audio-only
Actor_12\03-01-04-01-01-02-12.wav,03-01-04-01-01-02-12.wav,sad,04,normal,Kids are talking by the door,02,12,female,speech,audio-only
Actor_12\03-01-04-01-02-01-12.wav,03-01-04-01-02-01-12.wav,sad,04,normal,Dogs are sitting by the door,01,12,female,speech,audio-only
Actor_12\03-01-04-01-02-02-12.wav,03-01-04-01-02-02-12.wav,sad,04,normal,Dogs are sitting by the door,02,12,female,speech,audio-only
Actor_12\03-01-04-02-01-01-12.wav,03-01-04-02-01-01-12.wav,sad,04,strong,Kids are talking by the door,01,12,female,speech,audio-only
Actor_12\03-01-04-02-01-02-12.wav,03-01-04-02-01-02-12.wav,sad,04,strong,Kids are talking by the door,02,12,female,speech,audio-only
Actor_12\03-01-04-02-02-01-12.wav,03-01-04-02-02-01-12.wav,sad,04,strong,Dogs are sitting by the door,01,12,female,speech,audio-only
Actor_12\03-01-04-02-02-02-12.wav,03-01-04-02-02-02-12.wav,sad,04,strong,Dogs are sitting by the door,02,12,female,speech,audio-only
Actor_12\03-01-05-01-01-01-12.wav,03-01-05-01-01-01-12.wav,angry,05,normal,Kids are talking by the door,01,12,female,speech,audio-only
Actor_12\03-01-05-01-01-02-12.wav,03-01-05-01-01-02-12.wav,angry,05,normal,Kids are talking by the door,02,12,female,speech,audio-only
Actor_12\03-01-05-01-02-01-12.wav,03-01-05-01-02-01-12.wav,angry,05,normal,Dogs are sitting by the door,01,12,female,speech,audio-only
Actor_12\03-01-05-01-02-02-12.wav,03-01-05-01-02-02-12.wav,angry,05,normal,Dogs are sitting by the door,02,12,female,speech,audio-only
Actor_12\03-01-05-02-01-01-12.wav,03-01-05-02-01-01-12.wav,angry,05,strong,Kids are talking by the door,01,12,female,speech,audio-only
Actor_12\03-01-05-02-01-02-12.wav,03-01-05-02-01-02-12.wav,angry,05,strong,Kids are talking by the door,02,12,female,speech,audio-only
Actor_12\03-01-05-02-02-01-12.wav,03-01-05-02-02-01-12.wav,angry,05,strong,Dogs are sitting by the door,01,12,female,speech,audio-only
Actor_12\03-01-05-02-02-02-12.wav,03-01-05-02-02-02-12.wav,angry,05,strong,Dogs are sitting by the door,02,12,female,speech,audio-only
Actor_12\03-01-06-01-01-01-12.wav,03-01-06-01-01-01-12.wav,fearful,06,normal,Kids are talking by the door,01,12,female,speech,audio-only
Actor_12\03-01-06-01-01-02-12.wav,03-01-06-01-01-02-12.wav,fearful,06,normal,Kids are talking by the door,02,12,female,speech,audio-only
Actor_12\03-01-06-01-02-01-12.wav,03-01-06-01-02-01-12.wav,fearful,06,normal,Dogs are sitting by the door,01,12,female,speech,audio-only
Actor_12\03-01-06-01-02-02-12.wav,03-01-06-01-02-02-12.wav,fearful,06,normal,Dogs are sitting by the door,02,12,female,speech,audio-only
Actor_12\03-01-06-02-01-01-12.wav,03-01-06-02-01-01-12.wav,fearful,06,strong,Kids are talking by the door,01,12,female,speech,audio-only
Actor_12\03-01-06-02-01-02-12.wav,03-01-06-02-01-02-12.wav,fearful,06,strong,Kids are talking by the door,02,12,female,speech,audio-only
Actor_12\03-01-06-02-02-01-12.wav,03-01-06-02-02-01-12.wav,fearful,06,strong,Dogs are sitting by the door,01,12,female,speech,audio-only
Actor_12\03-01-06-02-02-02-12.wav,03-01-06-02-02-02-12.wav,fearful,06,strong,Dogs are sitting by the door,02,12,female,speech,audio-only
Actor_12\03-01-07-01-01-01-12.wav,03-01-07-01-01-01-12.wav,disgust,07,normal,Kids are talking by the door,01,12,female,speech,audio-only
Actor_12\03-01-07-01-01-02-12.wav,03-01-07-01-01-02-12.wav,disgust,07,normal,Kids are talking by the door,02,12,female,speech,audio-only
Actor_12\03-01-07-01-02-01-12.wav,03-01-07-01-02-01-12.wav,disgust,07,normal,Dogs are sitting by the door,01,12,female,speech,audio-only
Actor_12\03-01-07-01-02-02-12.wav,03-01-07-01-02-02-12.wav,disgust,07,normal,Dogs are sitting by the door,02,12,female,speech,audio-only
Actor_12\03-01-07-02-01-01-12.wav,03-01-07-02-01-01-12.wav,disgust,07,strong,Kids are talking by the door,01,12,female,speech,audio-only
Actor_12\03-01-07-02-01-02-12.wav,03-01-07-02-01-02-12.wav,disgust,07,strong,Kids are talking by the door,02,12,female,speech,audio-only
Actor_12\03-01-07-02-02-01-12.wav,03-01-07-02-02-01-12.wav,disgust,07,strong,Dogs are sitting by the door,01,12,female,speech,audio-only
Actor_12\03-01-07-02-02-02-12.wav,03-01-07-02-02-02-12.wav,disgust,07,strong,Dogs are sitting by the door,02,12,female,speech,audio-only
Actor_12\03-01-08-01-01-01-12.wav,03-01-08-01-01-01-12.wav,surprised,08,normal,Kids are talking by the door,01,12,female,speech,audio-only
Actor_12\03-01-08-01-01-02-12.wav,03-01-08-01-01-02-12.wav,surprised,08,normal,Kids are talking by the door,02,12,female,speech,audio-only
Actor_12\03-01-08-01-02-01-12.wav,03-01-08-01-02-01-12.wav,surprised,08,normal,Dogs are sitting by the door,01,12,female,speech,audio-only
Actor_12\03-01-08-01-02-02-12.wav,03-01-08-01-02-02-12.wav,surprised,08,normal,Dogs are sitting by the door,02,12,female,speech,audio-only
Actor_12\03-01-08-02-01-01-12.wav,03-01-08-02-01-01-12.wav,surprised,08,strong,Kids are talking by the door,01,12,female,speech,audio-only
Actor_12\03-01-08-02-01-02-12.wav,03-01-08-02-01-02-12.wav,surprised,08,strong,Kids are talking by the door,02,12,female,speech,audio-only
Actor_12\03-01-08-02-02-01-12.wav,03-01-08-02-02-01-12.wav,surprised,08,strong,Dogs are sitting by the door,01,12,female,speech,audio-only
Actor_12\03-01-08-02-02-02-12.wav,03-01-08-02-02-02-12.wav,surprised,08,strong,Dogs are sitting by the door,02,12,female,speech,audio-only
Actor_13\03-01-01-01-01-01-13.wav,03-01-01-01-01-01-13.wav,neutral,01,normal,Kids are talking by the door,01,13,male,speech,audio-only
Actor_13\03-01-01-01-01-02-13.wav,03-01-01-01-01-02-13.wav,neutral,01,normal,Kids are talking by the door,02,13,male,speech,audio-only
Actor_13\03-01-01-01-02-01-13.wav,03-01-01-01-02-01-13.wav,neutral,01,normal,Dogs are sitting by the door,01,13,male,speech,audio-only
Actor_13\03-01-01-01-02-02-13.wav,03-01-01-01-02-02-13.wav,neutral,01,normal,Dogs are sitting by the door,02,13,male,speech,audio-only
Actor_13\03-01-02-01-01-01-13.wav,03-01-02-01-01-01-13.wav,calm,02,normal,Kids are talking by the door,01,13,male,speech,audio-only
Actor_13\03-01-02-01-01-02-13.wav,03-01-02-01-01-02-13.wav,calm,02,normal,Kids are talking by the door,02,13,male,speech,audio-only
Actor_13\03-01-02-01-02-01-13.wav,03-01-02-01-02-01-13.wav,calm,02,normal,Dogs are sitting by the door,01,13,male,speech,audio-only
Actor_13\03-01-02-01-02-02-13.wav,03-01-02-01-02-02-13.wav,calm,02,normal,Dogs are sitting by the door,02,13,male,speech,audio-only
Actor_13\03-01-02-02-01-01-13.wav,03-01-02-02-01-01-13.wav,calm,02,strong,Kids are talking by the door,01,13,male,speech,audio-only
Actor_13\03-01-02-02-01-02-13.wav,03-01-02-02-01-02-13.wav,calm,02,strong,Kids are talking by the door,02,13,male,speech,audio-only
Actor_13\03-01-02-02-02-01-13.wav,03-01-02-02-02-01-13.wav,calm,02,strong,Dogs are sitting by the door,01,13,male,speech,audio-only
Actor_13\03-01-02-02-02-02-13.wav,03-01-02-02-02-02-13.wav,calm,02,strong,Dogs are sitting by the door,02,13,male,speech,audio-only
Actor_13\03-01-03-01-01-01-13.wav,03-01-03-01-01-01-13.wav,happy,03,normal,Kids are talking by the door,01,13,male,speech,audio-only
Actor_13\03-01-03-01-01-02-13.wav,03-01-03-01-01-02-13.wav,happy,03,normal,Kids are talking by the door,02,13,male,speech,audio-only
Actor_13\03-01-03-01-02-01-13.wav,03-01-03-01-02-01-13.wav,happy,03,normal,Dogs are sitting by the door,01,13,male,speech,audio-only
Actor_13\03-01-03-01-02-02-13.wav,03-01-03-01-02-02-13.wav,happy,03,normal,Dogs are sitting by the door,02,13,male,speech,audio-only
Actor_13\03-01-03-02-01-01-13.wav,03-01-03-02-01-01-13.wav,happy,03,strong,Kids are talking by the door,01,13,male,speech,audio-only
Actor_13\03-01-03-02-01-02-13.wav,03-01-03-02-01-02-13.wav,happy,03,strong,Kids are talking by the door,02,13,male,speech,audio-only
Actor_13\03-01-03-02-02-01-13.wav,03-01-03-02-02-01-13.wav,happy,03,strong,Dogs are sitting by the door,01,13,male,speech,audio-only
Actor_13\03-01-03-02-02-02-13.wav,03-01-03-02-02-02-13.wav,happy,03,strong,Dogs are sitting by the door,02,13,male,speech,audio-only
Actor_13\03-01-04-01-01-01-13.wav,03-01-04-01-01-01-13.wav,sad,04,normal,Kids are talking by the door,01,13,male,speech,audio-only
Actor_13\03-01-04-01-01-02-13.wav,03-01-04-01-01-02-13.wav,sad,04,normal,Kids are talking by the door,02,13,male,speech,audio-only
Actor_13\03-01-04-01-02-01-13.wav,03-01-04-01-02-01-13.wav,sad,04,normal,Dogs are sitting by the door,01,13,male,speech,audio-only
Actor_13\03-01-04-01-02-02-13.wav,03-01-04-01-02-02-13.wav,sad,04,normal,Dogs are sitting by the door,02,13,male,speech,audio-only
Actor_13\03-01-04-02-01-01-13.wav,03-01-04-02-01-01-13.wav,sad,04,strong,Kids are talking by the door,01,13,male,speech,audio-only
Actor_13\03-01-04-02-01-02-13.wav,03-01-04-02-01-02-13.wav,sad,04,strong,Kids are talking by the door,02,13,male,speech,audio-only
Actor_13\03-01-04-02-02-01-13.wav,03-01-04-02-02-01-13.wav,sad,04,strong,Dogs are sitting by the door,01,13,male,speech,audio-only
Actor_13\03-01-04-02-02-02-13.wav,03-01-04-02-02-02-13.wav,sad,04,strong,Dogs are sitting by the door,02,13,male,speech,audio-only
Actor_13\03-01-05-01-01-01-13.wav,03-01-05-01-01-01-13.wav,angry,05,normal,Kids are talking by the door,01,13,male,speech,audio-only
Actor_13\03-01-05-01-01-02-13.wav,03-01-05-01-01-02-13.wav,angry,05,normal,Kids are talking by the door,02,13,male,speech,audio-only
Actor_13\03-01-05-01-02-01-13.wav,03-01-05-01-02-01-13.wav,angry,05,normal,Dogs are sitting by the door,01,13,male,speech,audio-only
Actor_13\03-01-05-01-02-02-13.wav,03-01-05-01-02-02-13.wav,angry,05,normal,Dogs are sitting by the door,02,13,male,speech,audio-only
Actor_13\03-01-05-02-01-01-13.wav,03-01-05-02-01-01-13.wav,angry,05,strong,Kids are talking by the door,01,13,male,speech,audio-only
Actor_13\03-01-05-02-01-02-13.wav,03-01-05-02-01-02-13.wav,angry,05,strong,Kids are talking by the door,02,13,male,speech,audio-only
Actor_13\03-01-05-02-02-01-13.wav,03-01-05-02-02-01-13.wav,angry,05,strong,Dogs are sitting by the door,01,13,male,speech,audio-only
Actor_13\03-01-05-02-02-02-13.wav,03-01-05-02-02-02-13.wav,angry,05,strong,Dogs are sitting by the door,02,13,male,speech,audio-only
Actor_13\03-01-06-01-01-01-13.wav,03-01-06-01-01-01-13.wav,fearful,06,normal,Kids are talking by the door,01,13,male,speech,audio-only
Actor_13\03-01-06-01-01-02-13.wav,03-01-06-01-01-02-13.wav,fearful,06,normal,Kids are talking by the door,02,13,male,speech,audio-only
Actor_13\03-01-06-01-02-01-13.wav,03-01-06-01-02-01-13.wav,fearful,06,normal,Dogs are sitting by the door,01,13,male,speech,audio-only
Actor_13\03-01-06-01-02-02-13.wav,03-01-06-01-02-02-13.wav,fearful,06,normal,Dogs are sitting by the door,02,13,male,speech,audio-only
Actor_13\03-01-06-02-01-01-13.wav,03-01-06-02-01-01-13.wav,fearful,06,strong,Kids are talking by the door,01,13,male,speech,audio-only
Actor_13\03-01-06-02-01-02-13.wav,03-01-06-02-01-02-13.wav,fearful,06,strong,Kids are talking by the door,02,13,male,speech,audio-only
Actor_13\03-01-06-02-02-01-13.wav,03-01-06-02-02-01-13.wav,fearful,06,strong,Dogs are sitting by the door,01,13,male,speech,audio-only
Actor_13\03-01-06-02-02-02-13.wav,03-01-06-02-02-02-13.wav,fearful,06,strong,Dogs are sitting by the door,02,13,male,speech,audio-only
Actor_13\03-01-07-01-01-01-13.wav,03-01-07-01-01-01-13.wav,disgust,07,normal,Kids are talking by the door,01,13,male,speech,audio-only
Actor_13\03-01-07-01-01-02-13.wav,03-01-07-01-01-02-13.wav,disgust,07,normal,Kids are talking by the door,02,13,male,speech,audio-only
Actor_13\03-01-07-01-02-01-13.wav,03-01-07-01-02-01-13.wav,disgust,07,normal,Dogs are sitting by the door,01,13,male,speech,audio-only
Actor_13\03-01-07-01-02-02-13.wav,03-01-07-01-02-02-13.wav,disgust,07,normal,Dogs are sitting by the door,02,13,male,speech,audio-only
Actor_13\03-01-07-02-01-01-13.wav,03-01-07-02-01-01-13.wav,disgust,07,strong,Kids are talking by the door,01,13,male,speech,audio-only
Actor_13\03-01-07-02-01-02-13.wav,03-01-07-02-01-02-13.wav,disgust,07,strong,Kids are talking by the door,02,13,male,speech,audio-only
Actor_13\03-01-07-02-02-01-13.wav,03-01-07-02-02-01-13.wav,disgust,07,strong,Dogs are sitting by the door,01,13,male,speech,audio-only
Actor_13\03-01-07-02-02-02-13.wav,03-01-07-02-02-02-13.wav,disgust,07,strong,Dogs are sitting by the door,02,13,male,speech,audio-only
Actor_13\03-01-08-01-01-01-13.wav,03-01-08-01-01-01-13.wav,surprised,08,normal,Kids are talking by the door,01,13,male,speech,audio-only
Actor_13\03-01-08-01-01-02-13.wav,03-01-08-01-01-02-13.wav,surprised,08,normal,Kids are talking by the door,02,13,male,speech,audio-only
Actor_13\03-01-08-01-02-01-13.wav,03-01-08-01-02-01-13.wav,surprised,08,normal,Dogs are sitting by the door,01,13,male,speech,audio-only
Actor_13\03-01-08-01-02-02-13.wav,03-01-08-01-02-02-13.wav,surprised,08,normal,Dogs are sitting by the door,02,13,male,speech,audio-only
Actor_13\03-01-08-02-01-01-13.wav,03-01-08-02-01-01-13.wav,surprised,08,strong,Kids are talking by the door,01,13,male,speech,audio-only
Actor_13\03-01-08-02-01-02-13.wav,03-01-08-02-01-02-13.wav,surprised,08,strong,Kids are talking by the door,02,13,male,speech,audio-only
Actor_13\03-01-08-02-02-01-13.wav,03-01-08-02-02-01-13.wav,surprised,08,strong,Dogs are sitting by the door,01,13,male,speech,audio-only
Actor_13\03-01-08-02-02-02-13.wav,03-01-08-02-02-02-13.wav,surprised,08,strong,Dogs are sitting by the door,02,13,male,speech,audio-only
Actor_14\03-01-01-01-01-01-14.wav,03-01-01-01-01-01-14.wav,neutral,01,normal,Kids are talking by the door,01,14,female,speech,audio-only
Actor_14\03-01-01-01-01-02-14.wav,03-01-01-01-01-02-14.wav,neutral,01,normal,Kids are talking by the door,02,14,female,speech,audio-only
Actor_14\03-01-01-01-02-01-14.wav,03-01-01-01-02-01-14.wav,neutral,01,normal,Dogs are sitting by the door,01,14,female,speech,audio-only
Actor_14\03-01-01-01-02-02-14.wav,03-01-01-01-02-02-14.wav,neutral,01,normal,Dogs are sitting by the door,02,14,female,speech,audio-only
Actor_14\03-01-02-01-01-01-14.wav,03-01-02-01-01-01-14.wav,calm,02,normal,Kids are talking by the door,01,14,female,speech,audio-only
Actor_14\03-01-02-01-01-02-14.wav,03-01-02-01-01-02-14.wav,calm,02,normal,Kids are talking by the door,02,14,female,speech,audio-only
Actor_14\03-01-02-01-02-01-14.wav,03-01-02-01-02-01-14.wav,calm,02,normal,Dogs are sitting by the door,01,14,female,speech,audio-only
Actor_14\03-01-02-01-02-02-14.wav,03-01-02-01-02-02-14.wav,calm,02,normal,Dogs are sitting by the door,02,14,female,speech,audio-only
Actor_14\03-01-02-02-01-01-14.wav,03-01-02-02-01-01-14.wav,calm,02,strong,Kids are talking by the door,01,14,female,speech,audio-only
Actor_14\03-01-02-02-01-02-14.wav,03-01-02-02-01-02-14.wav,calm,02,strong,Kids are talking by the door,02,14,female,speech,audio-only
Actor_14\03-01-02-02-02-01-14.wav,03-01-02-02-02-01-14.wav,calm,02,strong,Dogs are sitting by the door,01,14,female,speech,audio-only
Actor_14\03-01-02-02-02-02-14.wav,03-01-02-02-02-02-14.wav,calm,02,strong,Dogs are sitting by the door,02,14,female,speech,audio-only
Actor_14\03-01-03-01-01-01-14.wav,03-01-03-01-01-01-14.wav,happy,03,normal,Kids are talking by the door,01,14,female,speech,audio-only
Actor_14\03-01-03-01-01-02-14.wav,03-01-03-01-01-02-14.wav,happy,03,normal,Kids are talking by the door,02,14,female,speech,audio-only
Actor_14\03-01-03-01-02-01-14.wav,03-01-03-01-02-01-14.wav,happy,03,normal,Dogs are sitting by the door,01,14,female,speech,audio-only
Actor_14\03-01-03-01-02-02-14.wav,03-01-03-01-02-02-14.wav,happy,03,normal,Dogs are sitting by the door,02,14,female,speech,audio-only
Actor_14\03-01-03-02-01-01-14.wav,03-01-03-02-01-01-14.wav,happy,03,strong,Kids are talking by the door,01,14,female,speech,audio-only
Actor_14\03-01-03-02-01-02-14.wav,03-01-03-02-01-02-14.wav,happy,03,strong,Kids are talking by the door,02,14,female,speech,audio-only
Actor_14\03-01-03-02-02-01-14.wav,03-01-03-02-02-01-14.wav,happy,03,strong,Dogs are sitting by the door,01,14,female,speech,audio-only
Actor_14\03-01-03-02-02-02-14.wav,03-01-03-02-02-02-14.wav,happy,03,strong,Dogs are sitting by the door,02,14,female,speech,audio-only
Actor_14\03-01-04-01-01-01-14.wav,03-01-04-01-01-01-14.wav,sad,04,normal,Kids are talking by the door,01,14,female,speech,audio-only
Actor_14\03-01-04-01-01-02-14.wav,03-01-04-01-01-02-14.wav,sad,04,normal,Kids are talking by the door,02,14,female,speech,audio-only
Actor_14\03-01-04-01-02-01-14.wav,03-01-04-01-02-01-14.wav,sad,04,normal,Dogs are sitting by the door,01,14,female,speech,audio-only
Actor_14\03-01-04-01-02-02-14.wav,03-01-04-01-02-02-14.wav,sad,04,normal,Dogs are sitting by the door,02,14,female,speech,audio-only
Actor_14\03-01-04-02-01-01-14.wav,03-01-04-02-01-01-14.wav,sad,04,strong,Kids are talking by the door,01,14,female,speech,audio-only
Actor_14\03-01-04-02-01-02-14.wav,03-01-04-02-01-02-14.wav,sad,04,strong,Kids are talking by the door,02,14,female,speech,audio-only
Actor_14\03-01-04-02-02-01-14.wav,03-01-04-02-02-01-14.wav,sad,04,strong,Dogs are sitting by the door,01,14,female,speech,audio-only
Actor_14\03-01-04-02-02-02-14.wav,03-01-04-02-02-02-14.wav,sad,04,strong,Dogs are sitting by the door,02,14,female,speech,audio-only
Actor_14\03-01-05-01-01-01-14.wav,03-01-05-01-01-01-14.wav,angry,05,normal,Kids are talking by the door,01,14,female,speech,audio-only
Actor_14\03-01-05-01-01-02-14.wav,03-01-05-01-01-02-14.wav,angry,05,normal,Kids are talking by the door,02,14,female,speech,audio-only
Actor_14\03-01-05-01-02-01-14.wav,03-01-05-01-02-01-14.wav,angry,05,normal,Dogs are sitting by the door,01,14,female,speech,audio-only
Actor_14\03-01-05-01-02-02-14.wav,03-01-05-01-02-02-14.wav,angry,05,normal,Dogs are sitting by the door,02,14,female,speech,audio-only
Actor_14\03-01-05-02-01-01-14.wav,03-01-05-02-01-01-14.wav,angry,05,strong,Kids are talking by the door,01,14,female,speech,audio-only
Actor_14\03-01-05-02-01-02-14.wav,03-01-05-02-01-02-14.wav,angry,05,strong,Kids are talking by the door,02,14,female,speech,audio-only
Actor_14\03-01-05-02-02-01-14.wav,03-01-05-02-02-01-14.wav,angry,05,strong,Dogs are sitting by the door,01,14,female,speech,audio-only
Actor_14\03-01-05-02-02-02-14.wav,03-01-05-02-02-02-14.wav,angry,05,strong,Dogs are sitting by the door,02,14,female,speech,audio-only
Actor_14\03-01-06-01-01-01-14.wav,03-01-06-01-01-01-14.wav,fearful,06,normal,Kids are talking by the door,01,14,female,speech,audio-only
Actor_14\03-01-06-01-01-02-14.wav,03-01-06-01-01-02-14.wav,fearful,06,normal,Kids are talking by the door,02,14,female,speech,audio-only
Actor_14\03-01-06-01-02-01-14.wav,03-01-06-01-02-01-14.wav,fearful,06,normal,Dogs are sitting by the door,01,14,female,speech,audio-only
Actor_14\03-01-06-01-02-02-14.wav,03-01-06-01-02-02-14.wav,fearful,06,normal,Dogs are sitting by the door,02,14,female,speech,audio-only
Actor_14\03-01-06-02-01-01-14.wav,03-01-06-02-01-01-14.wav,fearful,06,strong,Kids are talking by the door,01,14,female,speech,audio-only
Actor_14\03-01-06-02-01-02-14.wav,03-01-06-02-01-02-14.wav,fearful,06,strong,Kids are talking by the door,02,14,female,speech,audio-only
Actor_14\03-01-06-02-02-01-14.wav,03-01-06-02-02-01-14.wav,fearful,06,strong,Dogs are sitting by the door,01,14,female,speech,audio-only
Actor_14\03-01-06-02-02-02-14.wav,03-01-06-02-02-02-14.wav,fearful,06,strong,Dogs are sitting by the door,02,14,female,speech,audio-only
Actor_14\03-01-07-01-01-01-14.wav,03-01-07-01-01-01-14.wav,disgust,07,normal,Kids are talking by the door,01,14,female,speech,audio-only
Actor_14\03-01-07-01-01-02-14.wav,03-01-07-01-01-02-14.wav,disgust,07,normal,Kids are talking by the door,02,14,female,speech,audio-only
Actor_14\03-01-07-01-02-01-14.wav,03-01-07-01-02-01-14.wav,disgust,07,normal,Dogs are sitting by the door,01,14,female,speech,audio-only
Actor_14\03-01-07-01-02-02-14.wav,03-01-07-01-02-02-14.wav,disgust,07,normal,Dogs are sitting by the door,02,14,female,speech,audio-only
Actor_14\03-01-07-02-01-01-14.wav,03-01-07-02-01-01-14.wav,disgust,07,strong,Kids are talking by the door,01,14,female,speech,audio-only
Actor_14\03-01-07-02-01-02-14.wav,03-01-07-02-01-02-14.wav,disgust,07,strong,Kids are talking by the door,02,14,female,speech,audio-only
Actor_14\03-01-07-02-02-01-14.wav,03-01-07-02-02-01-14.wav,disgust,07,strong,Dogs are sitting by the door,01,14,female,speech,audio-only
Actor_14\03-01-07-02-02-02-14.wav,03-01-07-02-02-02-14.wav,disgust,07,strong,Dogs are sitting by the door,02,14,female,speech,audio-only
Actor_14\03-01-08-01-01-01-14.wav,03-01-08-01-01-01-14.wav,surprised,08,normal,Kids are talking by the door,01,14,female,speech,audio-only
Actor_14\03-01-08-01-01-02-14.wav,03-01-08-01-01-02-14.wav,surprised,08,normal,Kids are talking by the door,02,14,female,speech,audio-only
Actor_14\03-01-08-01-02-01-14.wav,03-01-08-01-02-01-14.wav,surprised,08,normal,Dogs are sitting by the door,01,14,female,speech,audio-only
Actor_14\03-01-08-01-02-02-14.wav,03-01-08-01-02-02-14.wav,surprised,08,normal,Dogs are sitting by the door,02,14,female,speech,audio-only
Actor_14\03-01-08-02-01-01-14.wav,03-01-08-02-01-01-14.wav,surprised,08,strong,Kids are talking by the door,01,14,female,speech,audio-only
Actor_14\03-01-08-02-01-02-14.wav,03-01-08-02-01-02-14.wav,surprised,08,strong,Kids are talking by the door,02,14,female,speech,audio-only
Actor_14\03-01-08-02-02-01-14.wav,03-01-08-02-02-01-14.wav,surprised,08,strong,Dogs are sitting by the door,01,14,female,speech,audio-only
Actor_14\03-01-08-02-02-02-14.wav,03-01-08-02-02-02-14.wav,surprised,08,strong,Dogs are sitting by the door,02,14,female,speech,audio-only
Actor_15\03-01-01-01-01-01-15.wav,03-01-01-01-01-01-15.wav,neutral,01,normal,Kids are talking by the door,01,15,male,speech,audio-only
Actor_15\03-01-01-01-01-02-15.wav,03-01-01-01-01-02-15.wav,neutral,01,normal,Kids are talking by the door,02,15,male,speech,audio-only
Actor_15\03-01-01-01-02-01-15.wav,03-01-01-01-02-01-15.wav,neutral,01,normal,Dogs are sitting by the door,01,15,male,speech,audio-only
Actor_15\03-01-01-01-02-02-15.wav,03-01-01-01-02-02-15.wav,neutral,01,normal,Dogs are sitting by the door,02,15,male,speech,audio-only
Actor_15\03-01-02-01-01-01-15.wav,03-01-02-01-01-01-15.wav,calm,02,normal,Kids are talking by the door,01,15,male,speech,audio-only
Actor_15\03-01-02-01-01-02-15.wav,03-01-02-01-01-02-15.wav,calm,02,normal,Kids are talking by the door,02,15,male,speech,audio-only
Actor_15\03-01-02-01-02-01-15.wav,03-01-02-01-02-01-15.wav,calm,02,normal,Dogs are sitting by the door,01,15,male,speech,audio-only
Actor_15\03-01-02-01-02-02-15.wav,03-01-02-01-02-02-15.wav,calm,02,normal,Dogs are sitting by the door,02,15,male,speech,audio-only
Actor_15\03-01-02-02-01-01-15.wav,03-01-02-02-01-01-15.wav,calm,02,strong,Kids are talking by the door,01,15,male,speech,audio-only
Actor_15\03-01-02-02-01-02-15.wav,03-01-02-02-01-02-15.wav,calm,02,strong,Kids are talking by the door,02,15,male,speech,audio-only
Actor_15\03-01-02-02-02-01-15.wav,03-01-02-02-02-01-15.wav,calm,02,strong,Dogs are sitting by the door,01,15,male,speech,audio-only
Actor_15\03-01-02-02-02-02-15.wav,03-01-02-02-02-02-15.wav,calm,02,strong,Dogs are sitting by the door,02,15,male,speech,audio-only
Actor_15\03-01-03-01-01-01-15.wav,03-01-03-01-01-01-15.wav,happy,03,normal,Kids are talking by the door,01,15,male,speech,audio-only
Actor_15\03-01-03-01-01-02-15.wav,03-01-03-01-01-02-15.wav,happy,03,normal,Kids are talking by the door,02,15,male,speech,audio-only
Actor_15\03-01-03-01-02-01-15.wav,03-01-03-01-02-01-15.wav,happy,03,normal,Dogs are sitting by the door,01,15,male,speech,audio-only
Actor_15\03-01-03-01-02-02-15.wav,03-01-03-01-02-02-15.wav,happy,03,normal,Dogs are sitting by the door,02,15,male,speech,audio-only
Actor_15\03-01-03-02-01-01-15.wav,03-01-03-02-01-01-15.wav,happy,03,strong,Kids are talking by the door,01,15,male,speech,audio-only
Actor_15\03-01-03-02-01-02-15.wav,03-01-03-02-01-02-15.wav,happy,03,strong,Kids are talking by the door,02,15,male,speech,audio-only
Actor_15\03-01-03-02-02-01-15.wav,03-01-03-02-02-01-15.wav,happy,03,strong,Dogs are sitting by the door,01,15,male,speech,audio-only
Actor_15\03-01-03-02-02-02-15.wav,03-01-03-02-02-02-15.wav,happy,03,strong,Dogs are sitting by the door,02,15,male,speech,audio-only
Actor_15\03-01-04-01-01-01-15.wav,03-01-04-01-01-01-15.wav,sad,04,normal,Kids are talking by the door,01,15,male,speech,audio-only
Actor_15\03-01-04-01-01-02-15.wav,03-01-04-01-01-02-15.wav,sad,04,normal,Kids are talking by the door,02,15,male,speech,audio-only
Actor_15\03-01-04-01-02-01-15.wav,03-01-04-01-02-01-15.wav,sad,04,normal,Dogs are sitting by the door,01,15,male,speech,audio-only
Actor_15\03-01-04-01-02-02-15.wav,03-01-04-01-02-02-15.wav,sad,04,normal,Dogs are sitting by the door,02,15,male,speech,audio-only
Actor_15\03-01-04-02-01-01-15.wav,03-01-04-02-01-01-15.wav,sad,04,strong,Kids are talking by the door,01,15,male,speech,audio-only
Actor_15\03-01-04-02-01-02-15.wav,03-01-04-02-01-02-15.wav,sad,04,strong,Kids are talking by the door,02,15,male,speech,audio-only
Actor_15\03-01-04-02-02-01-15.wav,03-01-04-02-02-01-15.wav,sad,04,strong,Dogs are sitting by the door,01,15,male,speech,audio-only
Actor_15\03-01-04-02-02-02-15.wav,03-01-04-02-02-02-15.wav,sad,04,strong,Dogs are sitting by the door,02,15,male,speech,audio-only
Actor_15\03-01-05-01-01-01-15.wav,03-01-05-01-01-01-15.wav,angry,05,normal,Kids are talking by the door,01,15,male,speech,audio-only
Actor_15\03-01-05-01-01-02-15.wav,03-01-05-01-01-02-15.wav,angry,05,normal,Kids are talking by the door,02,15,male,speech,audio-only
Actor_15\03-01-05-01-02-01-15.wav,03-01-05-01-02-01-15.wav,angry,05,normal,Dogs are sitting by the door,01,15,male,speech,audio-only
Actor_15\03-01-05-01-02-02-15.wav,03-01-05-01-02-02-15.wav,angry,05,normal,Dogs are sitting by the door,02,15,male,speech,audio-only
Actor_15\03-01-05-02-01-01-15.wav,03-01-05-02-01-01-15.wav,angry,05,strong,Kids are talking by the door,01,15,male,speech,audio-only
Actor_15\03-01-05-02-01-02-15.wav,03-01-05-02-01-02-15.wav,angry,05,strong,Kids are talking by the door,02,15,male,speech,audio-only
Actor_15\03-01-05-02-02-01-15.wav,03-01-05-02-02-01-15.wav,angry,05,strong,Dogs are sitting by the door,01,15,male,speech,audio-only
Actor_15\03-01-05-02-02-02-15.wav,03-01-05-02-02-02-15.wav,angry,05,strong,Dogs are sitting by the door,02,15,male,speech,audio-only
Actor_15\03-01-06-01-01-01-15.wav,03-01-06-01-01-01-15.wav,fearful,06,normal,Kids are talking by the door,01,15,male,speech,audio-only
Actor_15\03-01-06-01-01-02-15.wav,03-01-06-01-01-02-15.wav,fearful,06,normal,Kids are talking by the door,02,15,male,speech,audio-only
Actor_15\03-01-06-01-02-01-15.wav,03-01-06-01-02-01-15.wav,fearful,06,normal,Dogs are sitting by the door,01,15,male,speech,audio-only
Actor_15\03-01-06-01-02-02-15.wav,03-01-06-01-02-02-15.wav,fearful,06,normal,Dogs are sitting by the door,02,15,male,speech,audio-only
Actor_15\03-01-06-02-01-01-15.wav,03-01-06-02-01-01-15.wav,fearful,06,strong,Kids are talking by the door,01,15,male,speech,audio-only
Actor_15\03-01-06-02-01-02-15.wav,03-01-06-02-01-02-15.wav,fearful,06,strong,Kids are talking by the door,02,15,male,speech,audio-only
Actor_15\03-01-06-02-02-01-15.wav,03-01-06-02-02-01-15.wav,fearful,06,strong,Dogs are sitting by the door,01,15,male,speech,audio-only
Actor_15\03-01-06-02-02-02-15.wav,03-01-06-02-02-02-15.wav,fearful,06,strong,Dogs are sitting by the door,02,15,male,speech,audio-only
Actor_15\03-01-07-01-01-01-15.wav,03-01-07-01-01-01-15.wav,disgust,07,normal,Kids are talking by the door,01,15,male,speech,audio-only
Actor_15\03-01-07-01-01-02-15.wav,03-01-07-01-01-02-15.wav,disgust,07,normal,Kids are talking by the door,02,15,male,speech,audio-only
Actor_15\03-01-07-01-02-01-15.wav,03-01-07-01-02-01-15.wav,disgust,07,normal,Dogs are sitting by the door,01,15,male,speech,audio-only
Actor_15\03-01-07-01-02-02-15.wav,03-01-07-01-02-02-15.wav,disgust,07,normal,Dogs are sitting by the door,02,15,male,speech,audio-only
Actor_15\03-01-07-02-01-01-15.wav,03-01-07-02-01-01-15.wav,disgust,07,strong,Kids are talking by the door,01,15,male,speech,audio-only
Actor_15\03-01-07-02-01-02-15.wav,03-01-07-02-01-02-15.wav,disgust,07,strong,Kids are talking by the door,02,15,male,speech,audio-only
Actor_15\03-01-07-02-02-01-15.wav,03-01-07-02-02-01-15.wav,disgust,07,strong,Dogs are sitting by the door,01,15,male,speech,audio-only
Actor_15\03-01-07-02-02-02-15.wav,03-01-07-02-02-02-15.wav,disgust,07,strong,Dogs are sitting by the door,02,15,male,speech,audio-only
Actor_15\03-01-08-01-01-01-15.wav,03-01-08-01-01-01-15.wav,surprised,08,normal,Kids are talking by the door,01,15,male,speech,audio-only
Actor_15\03-01-08-01-01-02-15.wav,03-01-08-01-01-02-15.wav,surprised,08,normal,Kids are talking by the door,02,15,male,speech,audio-only
Actor_15\03-01-08-01-02-01-15.wav,03-01-08-01-02-01-15.wav,surprised,08,normal,Dogs are sitting by the door,01,15,male,speech,audio-only
Actor_15\03-01-08-01-02-02-15.wav,03-01-08-01-02-02-15.wav,surprised,08,normal,Dogs are sitting by the door,02,15,male,speech,audio-only
Actor_15\03-01-08-02-01-01-15.wav,03-01-08-02-01-01-15.wav,surprised,08,strong,Kids are talking by the door,01,15,male,speech,audio-only
Actor_15\03-01-08-02-01-02-15.wav,03-01-08-02-01-02-15.wav,surprised,08,strong,Kids are talking by the door,02,15,male,speech,audio-only
Actor_15\03-01-08-02-02-01-15.wav,03-01-08-02-02-01-15.wav,surprised,08,strong,Dogs are sitting by the door,01,15,male,speech,audio-only
Actor_15\03-01-08-02-02-02-15.wav,03-01-08-02-02-02-15.wav,surprised,08,strong,Dogs are sitting by the door,02,15,male,speech,audio-only
Actor_16\03-01-01-01-01-01-16.wav,03-01-01-01-01-01-16.wav,neutral,01,normal,Kids are talking by the door,01,16,female,speech,audio-only
Actor_16\03-01-01-01-01-02-16.wav,03-01-01-01-01-02-16.wav,neutral,01,normal,Kids are talking by the door,02,16,female,speech,audio-only
Actor_16\03-01-01-01-02-01-16.wav,03-01-01-01-02-01-16.wav,neutral,01,normal,Dogs are sitting by the door,01,16,female,speech,audio-only
Actor_16\03-01-01-01-02-02-16.wav,03-01-01-01-02-02-16.wav,neutral,01,normal,Dogs are sitting by the door,02,16,female,speech,audio-only
Actor_16\03-01-02-01-01-01-16.wav,03-01-02-01-01-01-16.wav,calm,02,normal,Kids are talking by the door,01,16,female,speech,audio-only
Actor_16\03-01-02-01-01-02-16.wav,03-01-02-01-01-02-16.wav,calm,02,normal,Kids are talking by the door,02,16,female,speech,audio-only
Actor_16\03-01-02-01-02-01-16.wav,03-01-02-01-02-01-16.wav,calm,02,normal,Dogs are sitting by the door,01,16,female,speech,audio-only
Actor_16\03-01-02-01-02-02-16.wav,03-01-02-01-02-02-16.wav,calm,02,normal,Dogs are sitting by the door,02,16,female,speech,audio-only
Actor_16\03-01-02-02-01-01-16.wav,03-01-02-02-01-01-16.wav,calm,02,strong,Kids are talking by the door,01,16,female,speech,audio-only
Actor_16\03-01-02-02-01-02-16.wav,03-01-02-02-01-02-16.wav,calm,02,strong,Kids are talking by the door,02,16,female,speech,audio-only
Actor_16\03-01-02-02-02-01-16.wav,03-01-02-02-02-01-16.wav,calm,02,strong,Dogs are sitting by the door,01,16,female,speech,audio-only
Actor_16\03-01-02-02-02-02-16.wav,03-01-02-02-02-02-16.wav,calm,02,strong,Dogs are sitting by the door,02,16,female,speech,audio-only
Actor_16\03-01-03-01-01-01-16.wav,03-01-03-01-01-01-16.wav,happy,03,normal,Kids are talking by the door,01,16,female,speech,audio-only
Actor_16\03-01-03-01-01-02-16.wav,03-01-03-01-01-02-16.wav,happy,03,normal,Kids are talking by the door,02,16,female,speech,audio-only
Actor_16\03-01-03-01-02-01-16.wav,03-01-03-01-02-01-16.wav,happy,03,normal,Dogs are sitting by the door,01,16,female,speech,audio-only
Actor_16\03-01-03-01-02-02-16.wav,03-01-03-01-02-02-16.wav,happy,03,normal,Dogs are sitting by the door,02,16,female,speech,audio-only
Actor_16\03-01-03-02-01-01-16.wav,03-01-03-02-01-01-16.wav,happy,03,strong,Kids are talking by the door,01,16,female,speech,audio-only
Actor_16\03-01-03-02-01-02-16.wav,03-01-03-02-01-02-16.wav,happy,03,strong,Kids are talking by the door,02,16,female,speech,audio-only
Actor_16\03-01-03-02-02-01-16.wav,03-01-03-02-02-01-16.wav,happy,03,strong,Dogs are sitting by the door,01,16,female,speech,audio-only
Actor_16\03-01-03-02-02-02-16.wav,03-01-03-02-02-02-16.wav,happy,03,strong,Dogs are sitting by the door,02,16,female,speech,audio-only
Actor_16\03-01-04-01-01-01-16.wav,03-01-04-01-01-01-16.wav,sad,04,normal,Kids are talking by the door,01,16,female,speech,audio-only
Actor_16\03-01-04-01-01-02-16.wav,03-01-04-01-01-02-16.wav,sad,04,normal,Kids are talking by the door,02,16,female,speech,audio-only
Actor_16\03-01-04-01-02-01-16.wav,03-01-04-01-02-01-16.wav,sad,04,normal,Dogs are sitting by the door,01,16,female,speech,audio-only
Actor_16\03-01-04-01-02-02-16.wav,03-01-04-01-02-02-16.wav,sad,04,normal,Dogs are sitting by the door,02,16,female,speech,audio-only
Actor_16\03-01-04-02-01-01-16.wav,03-01-04-02-01-01-16.wav,sad,04,strong,Kids are talking by the door,01,16,female,speech,audio-only
Actor_16\03-01-04-02-01-02-16.wav,03-01-04-02-01-02-16.wav,sad,04,strong,Kids are talking by the door,02,16,female,speech,audio-only
Actor_16\03-01-04-02-02-01-16.wav,03-01-04-02-02-01-16.wav,sad,04,strong,Dogs are sitting by the door,01,16,female,speech,audio-only
Actor_16\03-01-04-02-02-02-16.wav,03-01-04-02-02-02-16.wav,sad,04,strong,Dogs are sitting by the door,02,16,female,speech,audio-only
Actor_16\03-01-05-01-01-01-16.wav,03-01-05-01-01-01-16.wav,angry,05,normal,Kids are talking by the door,01,16,female,speech,audio-only
Actor_16\03-01-05-01-01-02-16.wav,03-01-05-01-01-02-16.wav,angry,05,normal,Kids are talking by the door,02,16,female,speech,audio-only
Actor_16\03-01-05-01-02-01-16.wav,03-01-05-01-02-01-16.wav,angry,05,normal,Dogs are sitting by the door,01,16,female,speech,audio-only
Actor_16\03-01-05-01-02-02-16.wav,03-01-05-01-02-02-16.wav,angry,05,normal,Dogs are sitting by the door,02,16,female,speech,audio-only
Actor_16\03-01-05-02-01-01-16.wav,03-01-05-02-01-01-16.wav,angry,05,strong,Kids are talking by the door,01,16,female,speech,audio-only
Actor_16\03-01-05-02-01-02-16.wav,03-01-05-02-01-02-16.wav,angry,05,strong,Kids are talking by the door,02,16,female,speech,audio-only
Actor_16\03-01-05-02-02-01-16.wav,03-01-05-02-02-01-16.wav,angry,05,strong,Dogs are sitting by the door,01,16,female,speech,audio-only
Actor_16\03-01-05-02-02-02-16.wav,03-01-05-02-02-02-16.wav,angry,05,strong,Dogs are sitting by the door,02,16,female,speech,audio-only
Actor_16\03-01-06-01-01-01-16.wav,03-01-06-01-01-01-16.wav,fearful,06,normal,Kids are talking by the door,01,16,female,speech,audio-only
Actor_16\03-01-06-01-01-02-16.wav,03-01-06-01-01-02-16.wav,fearful,06,normal,Kids are talking by the door,02,16,female,speech,audio-only
Actor_16\03-01-06-01-02-01-16.wav,03-01-06-01-02-01-16.wav,fearful,06,normal,Dogs are sitting by the door,01,16,female,speech,audio-only
Actor_16\03-01-06-01-02-02-16.wav,03-01-06-01-02-02-16.wav,fearful,06,normal,Dogs are sitting by the door,02,16,female,speech,audio-only
Actor_16\03-01-06-02-01-01-16.wav,03-01-06-02-01-01-16.wav,fearful,06,strong,Kids are talking by the door,01,16,female,speech,audio-only
Actor_16\03-01-06-02-01-02-16.wav,03-01-06-02-01-02-16.wav,fearful,06,strong,Kids are talking by the door,02,16,female,speech,audio-only
Actor_16\03-01-06-02-02-01-16.wav,03-01-06-02-02-01-16.wav,fearful,06,strong,Dogs are sitting by the door,01,16,female,speech,audio-only
Actor_16\03-01-06-02-02-02-16.wav,03-01-06-02-02-02-16.wav,fearful,06,strong,Dogs are sitting by the door,02,16,female,speech,audio-only
Actor_16\03-01-07-01-01-01-16.wav,03-01-07-01-01-01-16.wav,disgust,07,normal,Kids are talking by the door,01,16,female,speech,audio-only
Actor_16\03-01-07-01-01-02-16.wav,03-01-07-01-01-02-16.wav,disgust,07,normal,Kids are talking by the door,02,16,female,speech,audio-only
Actor_16\03-01-07-01-02-01-16.wav,03-01-07-01-02-01-16.wav,disgust,07,normal,Dogs are sitting by the door,01,16,female,speech,audio-only
Actor_16\03-01-07-01-02-02-16.wav,03-01-07-01-02-02-16.wav,disgust,07,normal,Dogs are sitting by the door,02,16,female,speech,audio-only
Actor_16\03-01-07-02-01-01-16.wav,03-01-07-02-01-01-16.wav,disgust,07,strong,Kids are talking by the door,01,16,female,speech,audio-only
Actor_16\03-01-07-02-01-02-16.wav,03-01-07-02-01-02-16.wav,disgust,07,strong,Kids are talking by the door,02,16,female,speech,audio-only
Actor_16\03-01-07-02-02-01-16.wav,03-01-07-02-02-01-16.wav,disgust,07,strong,Dogs are sitting by the door,01,16,female,speech,audio-only
Actor_16\03-01-07-02-02-02-16.wav,03-01-07-02-02-02-16.wav,disgust,07,strong,Dogs are sitting by the door,02,16,female,speech,audio-only
Actor_16\03-01-08-01-01-01-16.wav,03-01-08-01-01-01-16.wav,surprised,08,normal,Kids are talking by the door,01,16,female,speech,audio-only
Actor_16\03-01-08-01-01-02-16.wav,03-01-08-01-01-02-16.wav,surprised,08,normal,Kids are talking by the door,02,16,female,speech,audio-only
Actor_16\03-01-08-01-02-01-16.wav,03-01-08-01-02-01-16.wav,surprised,08,normal,Dogs are sitting by the door,01,16,female,speech,audio-only
Actor_16\03-01-08-01-02-02-16.wav,03-01-08-01-02-02-16.wav,surprised,08,normal,Dogs are sitting by the door,02,16,female,speech,audio-only
Actor_16\03-01-08-02-01-01-16.wav,03-01-08-02-01-01-16.wav,surprised,08,strong,Kids are talking by the door,01,16,female,speech,audio-only
Actor_16\03-01-08-02-01-02-16.wav,03-01-08-02-01-02-16.wav,surprised,08,strong,Kids are talking by the door,02,16,female,speech,audio-only
Actor_16\03-01-08-02-02-01-16.wav,03-01-08-02-02-01-16.wav,surprised,08,strong,Dogs are sitting by the door,01,16,female,speech,audio-only
Actor_16\03-01-08-02-02-02-16.wav,03-01-08-02-02-02-16.wav,surprised,08,strong,Dogs are sitting by the door,02,16,female,speech,audio-only
Actor_17\03-01-01-01-01-01-17.wav,03-01-01-01-01-01-17.wav,neutral,01,normal,Kids are talking by the door,01,17,male,speech,audio-only
Actor_17\03-01-01-01-01-02-17.wav,03-01-01-01-01-02-17.wav,neutral,01,normal,Kids are talking by the door,02,17,male,speech,audio-only
Actor_17\03-01-01-01-02-01-17.wav,03-01-01-01-02-01-17.wav,neutral,01,normal,Dogs are sitting by the door,01,17,male,speech,audio-only
Actor_17\03-01-01-01-02-02-17.wav,03-01-01-01-02-02-17.wav,neutral,01,normal,Dogs are sitting by the door,02,17,male,speech,audio-only
Actor_17\03-01-02-01-01-01-17.wav,03-01-02-01-01-01-17.wav,calm,02,normal,Kids are talking by the door,01,17,male,speech,audio-only
Actor_17\03-01-02-01-01-02-17.wav,03-01-02-01-01-02-17.wav,calm,02,normal,Kids are talking by the door,02,17,male,speech,audio-only
Actor_17\03-01-02-01-02-01-17.wav,03-01-02-01-02-01-17.wav,calm,02,normal,Dogs are sitting by the door,01,17,male,speech,audio-only
Actor_17\03-01-02-01-02-02-17.wav,03-01-02-01-02-02-17.wav,calm,02,normal,Dogs are sitting by the door,02,17,male,speech,audio-only
Actor_17\03-01-02-02-01-01-17.wav,03-01-02-02-01-01-17.wav,calm,02,strong,Kids are talking by the door,01,17,male,speech,audio-only
Actor_17\03-01-02-02-01-02-17.wav,03-01-02-02-01-02-17.wav,calm,02,strong,Kids are talking by the door,02,17,male,speech,audio-only
Actor_17\03-01-02-02-02-01-17.wav,03-01-02-02-02-01-17.wav,calm,02,strong,Dogs are sitting by the door,01,17,male,speech,audio-only
Actor_17\03-01-02-02-02-02-17.wav,03-01-02-02-02-02-17.wav,calm,02,strong,Dogs are sitting by the door,02,17,male,speech,audio-only
Actor_17\03-01-03-01-01-01-17.wav,03-01-03-01-01-01-17.wav,happy,03,normal,Kids are talking by the door,01,17,male,speech,audio-only
Actor_17\03-01-03-01-01-02-17.wav,03-01-03-01-01-02-17.wav,happy,03,normal,Kids are talking by the door,02,17,male,speech,audio-only
Actor_17\03-01-03-01-02-01-17.wav,03-01-03-01-02-01-17.wav,happy,03,normal,Dogs are sitting by the door,01,17,male,speech,audio-only
Actor_17\03-01-03-01-02-02-17.wav,03-01-03-01-02-02-17.wav,happy,03,normal,Dogs are sitting by the door,02,17,male,speech,audio-only
Actor_17\03-01-03-02-01-01-17.wav,03-01-03-02-01-01-17.wav,happy,03,strong,Kids are talking by the door,01,17,male,speech,audio-only
Actor_17\03-01-03-02-01-02-17.wav,03-01-03-02-01-02-17.wav,happy,03,strong,Kids are talking by the door,02,17,male,speech,audio-only
Actor_17\03-01-03-02-02-01-17.wav,03-01-03-02-02-01-17.wav,happy,03,strong,Dogs are sitting by the door,01,17,male,speech,audio-only
Actor_17\03-01-03-02-02-02-17.wav,03-01-03-02-02-02-17.wav,happy,03,strong,Dogs are sitting by the door,02,17,male,speech,audio-only
Actor_17\03-01-04-01-01-01-17.wav,03-01-04-01-01-01-17.wav,sad,04,normal,Kids are talking by the door,01,17,male,speech,audio-only
Actor_17\03-01-04-01-01-02-17.wav,03-01-04-01-01-02-17.wav,sad,04,normal,Kids are talking by the door,02,17,male,speech,audio-only
Actor_17\03-01-04-01-02-01-17.wav,03-01-04-01-02-01-17.wav,sad,04,normal,Dogs are sitting by the door,01,17,male,speech,audio-only
Actor_17\03-01-04-01-02-02-17.wav,03-01-04-01-02-02-17.wav,sad,04,normal,Dogs are sitting by the door,02,17,male,speech,audio-only
Actor_17\03-01-04-02-01-01-17.wav,03-01-04-02-01-01-17.wav,sad,04,strong,Kids are talking by the door,01,17,male,speech,audio-only
Actor_17\03-01-04-02-01-02-17.wav,03-01-04-02-01-02-17.wav,sad,04,strong,Kids are talking by the door,02,17,male,speech,audio-only
Actor_17\03-01-04-02-02-01-17.wav,03-01-04-02-02-01-17.wav,sad,04,strong,Dogs are sitting by the door,01,17,male,speech,audio-only
Actor_17\03-01-04-02-02-02-17.wav,03-01-04-02-02-02-17.wav,sad,04,strong,Dogs are sitting by the door,02,17,male,speech,audio-only
Actor_17\03-01-05-01-01-01-17.wav,03-01-05-01-01-01-17.wav,angry,05,normal,Kids are talking by the door,01,17,male,speech,audio-only
Actor_17\03-01-05-01-01-02-17.wav,03-01-05-01-01-02-17.wav,angry,05,normal,Kids are talking by the door,02,17,male,speech,audio-only
Actor_17\03-01-05-01-02-01-17.wav,03-01-05-01-02-01-17.wav,angry,05,normal,Dogs are sitting by the door,01,17,male,speech,audio-only
Actor_17\03-01-05-01-02-02-17.wav,03-01-05-01-02-02-17.wav,angry,05,normal,Dogs are sitting by the door,02,17,male,speech,audio-only
Actor_17\03-01-05-02-01-01-17.wav,03-01-05-02-01-01-17.wav,angry,05,strong,Kids are talking by the door,01,17,male,speech,audio-only
Actor_17\03-01-05-02-01-02-17.wav,03-01-05-02-01-02-17.wav,angry,05,strong,Kids are talking by the door,02,17,male,speech,audio-only
Actor_17\03-01-05-02-02-01-17.wav,03-01-05-02-02-01-17.wav,angry,05,strong,Dogs are sitting by the door,01,17,male,speech,audio-only
Actor_17\03-01-05-02-02-02-17.wav,03-01-05-02-02-02-17.wav,angry,05,strong,Dogs are sitting by the door,02,17,male,speech,audio-only
Actor_17\03-01-06-01-01-01-17.wav,03-01-06-01-01-01-17.wav,fearful,06,normal,Kids are talking by the door,01,17,male,speech,audio-only
Actor_17\03-01-06-01-01-02-17.wav,03-01-06-01-01-02-17.wav,fearful,06,normal,Kids are talking by the door,02,17,male,speech,audio-only
Actor_17\03-01-06-01-02-01-17.wav,03-01-06-01-02-01-17.wav,fearful,06,normal,Dogs are sitting by the door,01,17,male,speech,audio-only
Actor_17\03-01-06-01-02-02-17.wav,03-01-06-01-02-02-17.wav,fearful,06,normal,Dogs are sitting by the door,02,17,male,speech,audio-only
Actor_17\03-01-06-02-01-01-17.wav,03-01-06-02-01-01-17.wav,fearful,06,strong,Kids are talking by the door,01,17,male,speech,audio-only
Actor_17\03-01-06-02-01-02-17.wav,03-01-06-02-01-02-17.wav,fearful,06,strong,Kids are talking by the door,02,17,male,speech,audio-only
Actor_17\03-01-06-02-02-01-17.wav,03-01-06-02-02-01-17.wav,fearful,06,strong,Dogs are sitting by the door,01,17,male,speech,audio-only
Actor_17\03-01-06-02-02-02-17.wav,03-01-06-02-02-02-17.wav,fearful,06,strong,Dogs are sitting by the door,02,17,male,speech,audio-only
Actor_17\03-01-07-01-01-01-17.wav,03-01-07-01-01-01-17.wav,disgust,07,normal,Kids are talking by the door,01,17,male,speech,audio-only
Actor_17\03-01-07-01-01-02-17.wav,03-01-07-01-01-02-17.wav,disgust,07,normal,Kids are talking by the door,02,17,male,speech,audio-only
Actor_17\03-01-07-01-02-01-17.wav,03-01-07-01-02-01-17.wav,disgust,07,normal,Dogs are sitting by the door,01,17,male,speech,audio-only
Actor_17\03-01-07-01-02-02-17.wav,03-01-07-01-02-02-17.wav,disgust,07,normal,Dogs are sitting by the door,02,17,male,speech,audio-only
Actor_17\03-01-07-02-01-01-17.wav,03-01-07-02-01-01-17.wav,disgust,07,strong,Kids are talking by the door,01,17,male,speech,audio-only
Actor_17\03-01-07-02-01-02-17.wav,03-01-07-02-01-02-17.wav,disgust,07,strong,Kids are talking by the door,02,17,male,speech,audio-only
Actor_17\03-01-07-02-02-01-17.wav,03-01-07-02-02-01-17.wav,disgust,07,strong,Dogs are sitting by the door,01,17,male,speech,audio-only
Actor_17\03-01-07-02-02-02-17.wav,03-01-07-02-02-02-17.wav,disgust,07,strong,Dogs are sitting by the door,02,17,male,speech,audio-only
Actor_17\03-01-08-01-01-01-17.wav,03-01-08-01-01-01-17.wav,surprised,08,normal,Kids are talking by the door,01,17,male,speech,audio-only
Actor_17\03-01-08-01-01-02-17.wav,03-01-08-01-01-02-17.wav,surprised,08,normal,Kids are talking by the door,02,17,male,speech,audio-only
Actor_17\03-01-08-01-02-01-17.wav,03-01-08-01-02-01-17.wav,surprised,08,normal,Dogs are sitting by the door,01,17,male,speech,audio-only
Actor_17\03-01-08-01-02-02-17.wav,03-01-08-01-02-02-17.wav,surprised,08,normal,Dogs are sitting by the door,02,17,male,speech,audio-only
Actor_17\03-01-08-02-01-01-17.wav,03-01-08-02-01-01-17.wav,surprised,08,strong,Kids are talking by the door,01,17,male,speech,audio-only
Actor_17\03-01-08-02-01-02-17.wav,03-01-08-02-01-02-17.wav,surprised,08,strong,Kids are talking by the door,02,17,male,speech,audio-only
Actor_17\03-01-08-02-02-01-17.wav,03-01-08-02-02-01-17.wav,surprised,08,strong,Dogs are sitting by the door,01,17,male,speech,audio-only
Actor_17\03-01-08-02-02-02-17.wav,03-01-08-02-02-02-17.wav,surprised,08,strong,Dogs are sitting by the door,02,17,male,speech,audio-only
Actor_18\03-01-01-01-01-01-18.wav,03-01-01-01-01-01-18.wav,neutral,01,normal,Kids are talking by the door,01,18,female,speech,audio-only
Actor_18\03-01-01-01-01-02-18.wav,03-01-01-01-01-02-18.wav,neutral,01,normal,Kids are talking by the door,02,18,female,speech,audio-only
Actor_18\03-01-01-01-02-01-18.wav,03-01-01-01-02-01-18.wav,neutral,01,normal,Dogs are sitting by the door,01,18,female,speech,audio-only
Actor_18\03-01-01-01-02-02-18.wav,03-01-01-01-02-02-18.wav,neutral,01,normal,Dogs are sitting by the door,02,18,female,speech,audio-only
Actor_18\03-01-02-01-01-01-18.wav,03-01-02-01-01-01-18.wav,calm,02,normal,Kids are talking by the door,01,18,female,speech,audio-only
Actor_18\03-01-02-01-01-02-18.wav,03-01-02-01-01-02-18.wav,calm,02,normal,Kids are talking by the door,02,18,female,speech,audio-only
Actor_18\03-01-02-01-02-01-18.wav,03-01-02-01-02-01-18.wav,calm,02,normal,Dogs are sitting by the door,01,18,female,speech,audio-only
Actor_18\03-01-02-01-02-02-18.wav,03-01-02-01-02-02-18.wav,calm,02,normal,Dogs are sitting by the door,02,18,female,speech,audio-only
Actor_18\03-01-02-02-01-01-18.wav,03-01-02-02-01-01-18.wav,calm,02,strong,Kids are talking by the door,01,18,female,speech,audio-only
Actor_18\03-01-02-02-01-02-18.wav,03-01-02-02-01-02-18.wav,calm,02,strong,Kids are talking by the door,02,18,female,speech,audio-only
Actor_18\03-01-02-02-02-01-18.wav,03-01-02-02-02-01-18.wav,calm,02,strong,Dogs are sitting by the door,01,18,female,speech,audio-only
Actor_18\03-01-02-02-02-02-18.wav,03-01-02-02-02-02-18.wav,calm,02,strong,Dogs are sitting by the door,02,18,female,speech,audio-only
Actor_18\03-01-03-01-01-01-18.wav,03-01-03-01-01-01-18.wav,happy,03,normal,Kids are talking by the door,01,18,female,speech,audio-only
Actor_18\03-01-03-01-01-02-18.wav,03-01-03-01-01-02-18.wav,happy,03,normal,Kids are talking by the door,02,18,female,speech,audio-only
Actor_18\03-01-03-01-02-01-18.wav,03-01-03-01-02-01-18.wav,happy,03,normal,Dogs are sitting by the door,01,18,female,speech,audio-only
Actor_18\03-01-03-01-02-02-18.wav,03-01-03-01-02-02-18.wav,happy,03,normal,Dogs are sitting by the door,02,18,female,speech,audio-only
Actor_18\03-01-03-02-01-01-18.wav,03-01-03-02-01-01-18.wav,happy,03,strong,Kids are talking by the door,01,18,female,speech,audio-only
Actor_18\03-01-03-02-01-02-18.wav,03-01-03-02-01-02-18.wav,happy,03,strong,Kids are talking by the door,02,18,female,speech,audio-only
Actor_18\03-01-03-02-02-01-18.wav,03-01-03-02-02-01-18.wav,happy,03,strong,Dogs are sitting by the door,01,18,female,speech,audio-only
Actor_18\03-01-03-02-02-02-18.wav,03-01-03-02-02-02-18.wav,happy,03,strong,Dogs are sitting by the door,02,18,female,speech,audio-only
Actor_18\03-01-04-01-01-01-18.wav,03-01-04-01-01-01-18.wav,sad,04,normal,Kids are talking by the door,01,18,female,speech,audio-only
Actor_18\03-01-04-01-01-02-18.wav,03-01-04-01-01-02-18.wav,sad,04,normal,Kids are talking by the door,02,18,female,speech,audio-only
Actor_18\03-01-04-01-02-01-18.wav,03-01-04-01-02-01-18.wav,sad,04,normal,Dogs are sitting by the door,01,18,female,speech,audio-only
Actor_18\03-01-04-01-02-02-18.wav,03-01-04-01-02-02-18.wav,sad,04,normal,Dogs are sitting by the door,02,18,female,speech,audio-only
Actor_18\03-01-04-02-01-01-18.wav,03-01-04-02-01-01-18.wav,sad,04,strong,Kids are talking by the door,01,18,female,speech,audio-only
Actor_18\03-01-04-02-01-02-18.wav,03-01-04-02-01-02-18.wav,sad,04,strong,Kids are talking by the door,02,18,female,speech,audio-only
Actor_18\03-01-04-02-02-01-18.wav,03-01-04-02-02-01-18.wav,sad,04,strong,Dogs are sitting by the door,01,18,female,speech,audio-only
Actor_18\03-01-04-02-02-02-18.wav,03-01-04-02-02-02-18.wav,sad,04,strong,Dogs are sitting by the door,02,18,female,speech,audio-only
Actor_18\03-01-05-01-01-01-18.wav,03-01-05-01-01-01-18.wav,angry,05,normal,Kids are talking by the door,01,18,female,speech,audio-only
Actor_18\03-01-05-01-01-02-18.wav,03-01-05-01-01-02-18.wav,angry,05,normal,Kids are talking by the door,02,18,female,speech,audio-only
Actor_18\03-01-05-01-02-01-18.wav,03-01-05-01-02-01-18.wav,angry,05,normal,Dogs are sitting by the door,01,18,female,speech,audio-only
Actor_18\03-01-05-01-02-02-18.wav,03-01-05-01-02-02-18.wav,angry,05,normal,Dogs are sitting by the door,02,18,female,speech,audio-only
Actor_18\03-01-05-02-01-01-18.wav,03-01-05-02-01-01-18.wav,angry,05,strong,Kids are talking by the door,01,18,female,speech,audio-only
Actor_18\03-01-05-02-01-02-18.wav,03-01-05-02-01-02-18.wav,angry,05,strong,Kids are talking by the door,02,18,female,speech,audio-only
Actor_18\03-01-05-02-02-01-18.wav,03-01-05-02-02-01-18.wav,angry,05,strong,Dogs are sitting by the door,01,18,female,speech,audio-only
Actor_18\03-01-05-02-02-02-18.wav,03-01-05-02-02-02-18.wav,angry,05,strong,Dogs are sitting by the door,02,18,female,speech,audio-only
Actor_18\03-01-06-01-01-01-18.wav,03-01-06-01-01-01-18.wav,fearful,06,normal,Kids are talking by the door,01,18,female,speech,audio-only
Actor_18\03-01-06-01-01-02-18.wav,03-01-06-01-01-02-18.wav,fearful,06,normal,Kids are talking by the door,02,18,female,speech,audio-only
Actor_18\03-01-06-01-02-01-18.wav,03-01-06-01-02-01-18.wav,fearful,06,normal,Dogs are sitting by the door,01,18,female,speech,audio-only
Actor_18\03-01-06-01-02-02-18.wav,03-01-06-01-02-02-18.wav,fearful,06,normal,Dogs are sitting by the door,02,18,female,speech,audio-only
Actor_18\03-01-06-02-01-01-18.wav,03-01-06-02-01-01-18.wav,fearful,06,strong,Kids are talking by the door,01,18,female,speech,audio-only
Actor_18\03-01-06-02-01-02-18.wav,03-01-06-02-01-02-18.wav,fearful,06,strong,Kids are talking by the door,02,18,female,speech,audio-only
Actor_18\03-01-06-02-02-01-18.wav,03-01-06-02-02-01-18.wav,fearful,06,strong,Dogs are sitting by the door,01,18,female,speech,audio-only
Actor_18\03-01-06-02-02-02-18.wav,03-01-06-02-02-02-18.wav,fearful,06,strong,Dogs are sitting by the door,02,18,female,speech,audio-only
Actor_18\03-01-07-01-01-01-18.wav,03-01-07-01-01-01-18.wav,disgust,07,normal,Kids are talking by the door,01,18,female,speech,audio-only
Actor_18\03-01-07-01-01-02-18.wav,03-01-07-01-01-02-18.wav,disgust,07,normal,Kids are talking by the door,02,18,female,speech,audio-only
Actor_18\03-01-07-01-02-01-18.wav,03-01-07-01-02-01-18.wav,disgust,07,normal,Dogs are sitting by the door,01,18,female,speech,audio-only
Actor_18\03-01-07-01-02-02-18.wav,03-01-07-01-02-02-18.wav,disgust,07,normal,Dogs are sitting by the door,02,18,female,speech,audio-only
Actor_18\03-01-07-02-01-01-18.wav,03-01-07-02-01-01-18.wav,disgust,07,strong,Kids are talking by the door,01,18,female,speech,audio-only
Actor_18\03-01-07-02-01-02-18.wav,03-01-07-02-01-02-18.wav,disgust,07,strong,Kids are talking by the door,02,18,female,speech,audio-only
Actor_18\03-01-07-02-02-01-18.wav,03-01-07-02-02-01-18.wav,disgust,07,strong,Dogs are sitting by the door,01,18,female,speech,audio-only
Actor_18\03-01-07-02-02-02-18.wav,03-01-07-02-02-02-18.wav,disgust,07,strong,Dogs are sitting by the door,02,18,female,speech,audio-only
Actor_18\03-01-08-01-01-01-18.wav,03-01-08-01-01-01-18.wav,surprised,08,normal,Kids are talking by the door,01,18,female,speech,audio-only
Actor_18\03-01-08-01-01-02-18.wav,03-01-08-01-01-02-18.wav,surprised,08,normal,Kids are talking by the door,02,18,female,speech,audio-only
Actor_18\03-01-08-01-02-01-18.wav,03-01-08-01-02-01-18.wav,surprised,08,normal,Dogs are sitting by the door,01,18,female,speech,audio-only
Actor_18\03-01-08-01-02-02-18.wav,03-01-08-01-02-02-18.wav,surprised,08,normal,Dogs are sitting by the door,02,18,female,speech,audio-only
Actor_18\03-01-08-02-01-01-18.wav,03-01-08-02-01-01-18.wav,surprised,08,strong,Kids are talking by the door,01,18,female,speech,audio-only
Actor_18\03-01-08-02-01-02-18.wav,03-01-08-02-01-02-18.wav,surprised,08,strong,Kids are talking by the door,02,18,female,speech,audio-only
Actor_18\03-01-08-02-02-01-18.wav,03-01-08-02-02-01-18.wav,surprised,08,strong,Dogs are sitting by the door,01,18,female,speech,audio-only
Actor_18\03-01-08-02-02-02-18.wav,03-01-08-02-02-02-18.wav,surprised,08,strong,Dogs are sitting by the door,02,18,female,speech,audio-only
Actor_19\03-01-01-01-01-01-19.wav,03-01-01-01-01-01-19.wav,neutral,01,normal,Kids are talking by the door,01,19,male,speech,audio-only
Actor_19\03-01-01-01-01-02-19.wav,03-01-01-01-01-02-19.wav,neutral,01,normal,Kids are talking by the door,02,19,male,speech,audio-only
Actor_19\03-01-01-01-02-01-19.wav,03-01-01-01-02-01-19.wav,neutral,01,normal,Dogs are sitting by the door,01,19,male,speech,audio-only
Actor_19\03-01-01-01-02-02-19.wav,03-01-01-01-02-02-19.wav,neutral,01,normal,Dogs are sitting by the door,02,19,male,speech,audio-only
Actor_19\03-01-02-01-01-01-19.wav,03-01-02-01-01-01-19.wav,calm,02,normal,Kids are talking by the door,01,19,male,speech,audio-only
Actor_19\03-01-02-01-01-02-19.wav,03-01-02-01-01-02-19.wav,calm,02,normal,Kids are talking by the door,02,19,male,speech,audio-only
Actor_19\03-01-02-01-02-01-19.wav,03-01-02-01-02-01-19.wav,calm,02,normal,Dogs are sitting by the door,01,19,male,speech,audio-only
Actor_19\03-01-02-01-02-02-19.wav,03-01-02-01-02-02-19.wav,calm,02,normal,Dogs are sitting by the door,02,19,male,speech,audio-only
Actor_19\03-01-02-02-01-01-19.wav,03-01-02-02-01-01-19.wav,calm,02,strong,Kids are talking by the door,01,19,male,speech,audio-only
Actor_19\03-01-02-02-01-02-19.wav,03-01-02-02-01-02-19.wav,calm,02,strong,Kids are talking by the door,02,19,male,speech,audio-only
Actor_19\03-01-02-02-02-01-19.wav,03-01-02-02-02-01-19.wav,calm,02,strong,Dogs are sitting by the door,01,19,male,speech,audio-only
Actor_19\03-01-02-02-02-02-19.wav,03-01-02-02-02-02-19.wav,calm,02,strong,Dogs are sitting by the door,02,19,male,speech,audio-only
Actor_19\03-01-03-01-01-01-19.wav,03-01-03-01-01-01-19.wav,happy,03,normal,Kids are talking by the door,01,19,male,speech,audio-only
Actor_19\03-01-03-01-01-02-19.wav,03-01-03-01-01-02-19.wav,happy,03,normal,Kids are talking by the door,02,19,male,speech,audio-only
Actor_19\03-01-03-01-02-01-19.wav,03-01-03-01-02-01-19.wav,happy,03,normal,Dogs are sitting by the door,01,19,male,speech,audio-only
Actor_19\03-01-03-01-02-02-19.wav,03-01-03-01-02-02-19.wav,happy,03,normal,Dogs are sitting by the door,02,19,male,speech,audio-only
Actor_19\03-01-03-02-01-01-19.wav,03-01-03-02-01-01-19.wav,happy,03,strong,Kids are talking by the door,01,19,male,speech,audio-only
Actor_19\03-01-03-02-01-02-19.wav,03-01-03-02-01-02-19.wav,happy,03,strong,Kids are talking by the door,02,19,male,speech,audio-only
Actor_19\03-01-03-02-02-01-19.wav,03-01-03-02-02-01-19.wav,happy,03,strong,Dogs are sitting by the door,01,19,male,speech,audio-only
Actor_19\03-01-03-02-02-02-19.wav,03-01-03-02-02-02-19.wav,happy,03,strong,Dogs are sitting by the door,02,19,male,speech,audio-only
Actor_19\03-01-04-01-01-01-19.wav,03-01-04-01-01-01-19.wav,sad,04,normal,Kids are talking by the door,01,19,male,speech,audio-only
Actor_19\03-01-04-01-01-02-19.wav,03-01-04-01-01-02-19.wav,sad,04,normal,Kids are talking by the door,02,19,male,speech,audio-only
Actor_19\03-01-04-01-02-01-19.wav,03-01-04-01-02-01-19.wav,sad,04,normal,Dogs are sitting by the door,01,19,male,speech,audio-only
Actor_19\03-01-04-01-02-02-19.wav,03-01-04-01-02-02-19.wav,sad,04,normal,Dogs are sitting by the door,02,19,male,speech,audio-only
Actor_19\03-01-04-02-01-01-19.wav,03-01-04-02-01-01-19.wav,sad,04,strong,Kids are talking by the door,01,19,male,speech,audio-only
Actor_19\03-01-04-02-01-02-19.wav,03-01-04-02-01-02-19.wav,sad,04,strong,Kids are talking by the door,02,19,male,speech,audio-only
Actor_19\03-01-04-02-02-01-19.wav,03-01-04-02-02-01-19.wav,sad,04,strong,Dogs are sitting by the door,01,19,male,speech,audio-only
Actor_19\03-01-04-02-02-02-19.wav,03-01-04-02-02-02-19.wav,sad,04,strong,Dogs are sitting by the door,02,19,male,speech,audio-only
Actor_19\03-01-05-01-01-01-19.wav,03-01-05-01-01-01-19.wav,angry,05,normal,Kids are talking by the door,01,19,male,speech,audio-only
Actor_19\03-01-05-01-01-02-19.wav,03-01-05-01-01-02-19.wav,angry,05,normal,Kids are talking by the door,02,19,male,speech,audio-only
Actor_19\03-01-05-01-02-01-19.wav,03-01-05-01-02-01-19.wav,angry,05,normal,Dogs are sitting by the door,01,19,male,speech,audio-only
Actor_19\03-01-05-01-02-02-19.wav,03-01-05-01-02-02-19.wav,angry,05,normal,Dogs are sitting by the door,02,19,male,speech,audio-only
Actor_19\03-01-05-02-01-01-19.wav,03-01-05-02-01-01-19.wav,angry,05,strong,Kids are talking by the door,01,19,male,speech,audio-only
Actor_19\03-01-05-02-01-02-19.wav,03-01-05-02-01-02-19.wav,angry,05,strong,Kids are talking by the door,02,19,male,speech,audio-only
Actor_19\03-01-05-02-02-01-19.wav,03-01-05-02-02-01-19.wav,angry,05,strong,Dogs are sitting by the door,01,19,male,speech,audio-only
Actor_19\03-01-05-02-02-02-19.wav,03-01-05-02-02-02-19.wav,angry,05,strong,Dogs are sitting by the door,02,19,male,speech,audio-only
Actor_19\03-01-06-01-01-01-19.wav,03-01-06-01-01-01-19.wav,fearful,06,normal,Kids are talking by the door,01,19,male,speech,audio-only
Actor_19\03-01-06-01-01-02-19.wav,03-01-06-01-01-02-19.wav,fearful,06,normal,Kids are talking by the door,02,19,male,speech,audio-only
Actor_19\03-01-06-01-02-01-19.wav,03-01-06-01-02-01-19.wav,fearful,06,normal,Dogs are sitting by the door,01,19,male,speech,audio-only
Actor_19\03-01-06-01-02-02-19.wav,03-01-06-01-02-02-19.wav,fearful,06,normal,Dogs are sitting by the door,02,19,male,speech,audio-only
Actor_19\03-01-06-02-01-01-19.wav,03-01-06-02-01-01-19.wav,fearful,06,strong,Kids are talking by the door,01,19,male,speech,audio-only
Actor_19\03-01-06-02-01-02-19.wav,03-01-06-02-01-02-19.wav,fearful,06,strong,Kids are talking by the door,02,19,male,speech,audio-only
Actor_19\03-01-06-02-02-01-19.wav,03-01-06-02-02-01-19.wav,fearful,06,strong,Dogs are sitting by the door,01,19,male,speech,audio-only
Actor_19\03-01-06-02-02-02-19.wav,03-01-06-02-02-02-19.wav,fearful,06,strong,Dogs are sitting by the door,02,19,male,speech,audio-only
Actor_19\03-01-07-01-01-01-19.wav,03-01-07-01-01-01-19.wav,disgust,07,normal,Kids are talking by the door,01,19,male,speech,audio-only
Actor_19\03-01-07-01-01-02-19.wav,03-01-07-01-01-02-19.wav,disgust,07,normal,Kids are talking by the door,02,19,male,speech,audio-only
Actor_19\03-01-07-01-02-01-19.wav,03-01-07-01-02-01-19.wav,disgust,07,normal,Dogs are sitting by the door,01,19,male,speech,audio-only
Actor_19\03-01-07-01-02-02-19.wav,03-01-07-01-02-02-19.wav,disgust,07,normal,Dogs are sitting by the door,02,19,male,speech,audio-only
Actor_19\03-01-07-02-01-01-19.wav,03-01-07-02-01-01-19.wav,disgust,07,strong,Kids are talking by the door,01,19,male,speech,audio-only
Actor_19\03-01-07-02-01-02-19.wav,03-01-07-02-01-02-19.wav,disgust,07,strong,Kids are talking by the door,02,19,male,speech,audio-only
Actor_19\03-01-07-02-02-01-19.wav,03-01-07-02-02-01-19.wav,disgust,07,strong,Dogs are sitting by the door,01,19,male,speech,audio-only
Actor_19\03-01-07-02-02-02-19.wav,03-01-07-02-02-02-19.wav,disgust,07,strong,Dogs are sitting by the door,02,19,male,speech,audio-only
Actor_19\03-01-08-01-01-01-19.wav,03-01-08-01-01-01-19.wav,surprised,08,normal,Kids are talking by the door,01,19,male,speech,audio-only
Actor_19\03-01-08-01-01-02-19.wav,03-01-08-01-01-02-19.wav,surprised,08,normal,Kids are talking by the door,02,19,male,speech,audio-only
Actor_19\03-01-08-01-02-01-19.wav,03-01-08-01-02-01-19.wav,surprised,08,normal,Dogs are sitting by the door,01,19,male,speech,audio-only
Actor_19\03-01-08-01-02-02-19.wav,03-01-08-01-02-02-19.wav,surprised,08,normal,Dogs are sitting by the door,02,19,male,speech,audio-only
Actor_19\03-01-08-02-01-01-19.wav,03-01-08-02-01-01-19.wav,surprised,08,strong,Kids are talking by the door,01,19,male,speech,audio-only
Actor_19\03-01-08-02-01-02-19.wav,03-01-08-02-01-02-19.wav,surprised,08,strong,Kids are talking by the door,02,19,male,speech,audio-only
Actor_19\03-01-08-02-02-01-19.wav,03-01-08-02-02-01-19.wav,surprised,08,strong,Dogs are sitting by the door,01,19,male,speech,audio-only
Actor_19\03-01-08-02-02-02-19.wav,03-01-08-02-02-02-19.wav,surprised,08,strong,Dogs are sitting by the door,02,19,male,speech,audio-only
Actor_20\03-01-01-01-01-01-20.wav,03-01-01-01-01-01-20.wav,neutral,01,normal,Kids are talking by the door,01,20,female,speech,audio-only
Actor_20\03-01-01-01-01-02-20.wav,03-01-01-01-01-02-20.wav,neutral,01,normal,Kids are talking by the door,02,20,female,speech,audio-only
Actor_20\03-01-01-01-02-01-20.wav,03-01-01-01-02-01-20.wav,neutral,01,normal,Dogs are sitting by the door,01,20,female,speech,audio-only
Actor_20\03-01-01-01-02-02-20.wav,03-01-01-01-02-02-20.wav,neutral,01,normal,Dogs are sitting by the door,02,20,female,speech,audio-only
Actor_20\03-01-02-01-01-01-20.wav,03-01-02-01-01-01-20.wav,calm,02,normal,Kids are talking by the door,01,20,female,speech,audio-only
Actor_20\03-01-02-01-01-02-20.wav,03-01-02-01-01-02-20.wav,calm,02,normal,Kids are talking by the door,02,20,female,speech,audio-only
Actor_20\03-01-02-01-02-01-20.wav,03-01-02-01-02-01-20.wav,calm,02,normal,Dogs are sitting by the door,01,20,female,speech,audio-only
Actor_20\03-01-02-01-02-02-20.wav,03-01-02-01-02-02-20.wav,calm,02,normal,Dogs are sitting by the door,02,20,female,speech,audio-only
Actor_20\03-01-02-02-01-01-20.wav,03-01-02-02-01-01-20.wav,calm,02,strong,Kids are talking by the door,01,20,female,speech,audio-only
Actor_20\03-01-02-02-01-02-20.wav,03-01-02-02-01-02-20.wav,calm,02,strong,Kids are talking by the door,02,20,female,speech,audio-only
Actor_20\03-01-02-02-02-01-20.wav,03-01-02-02-02-01-20.wav,calm,02,strong,Dogs are sitting by the door,01,20,female,speech,audio-only
Actor_20\03-01-02-02-02-02-20.wav,03-01-02-02-02-02-20.wav,calm,02,strong,Dogs are sitting by the door,02,20,female,speech,audio-only
Actor_20\03-01-03-01-01-01-20.wav,03-01-03-01-01-01-20.wav,happy,03,normal,Kids are talking by the door,01,20,female,speech,audio-only
Actor_20\03-01-03-01-01-02-20.wav,03-01-03-01-01-02-20.wav,happy,03,normal,Kids are talking by the door,02,20,female,speech,audio-only
Actor_20\03-01-03-01-02-01-20.wav,03-01-03-01-02-01-20.wav,happy,03,normal,Dogs are sitting by the door,01,20,female,speech,audio-only
Actor_20\03-01-03-01-02-02-20.wav,03-01-03-01-02-02-20.wav,happy,03,normal,Dogs are sitting by the door,02,20,female,speech,audio-only
Actor_20\03-01-03-02-01-01-20.wav,03-01-03-02-01-01-20.wav,happy,03,strong,Kids are talking by the door,01,20,female,speech,audio-only
Actor_20\03-01-03-02-01-02-20.wav,03-01-03-02-01-02-20.wav,happy,03,strong,Kids are talking by the door,02,20,female,speech,audio-only
Actor_20\03-01-03-02-02-01-20.wav,03-01-03-02-02-01-20.wav,happy,03,strong,Dogs are sitting by the door,01,20,female,speech,audio-only
Actor_20\03-01-03-02-02-02-20.wav,03-01-03-02-02-02-20.wav,happy,03,strong,Dogs are sitting by the door,02,20,female,speech,audio-only
Actor_20\03-01-04-01-01-01-20.wav,03-01-04-01-01-01-20.wav,sad,04,normal,Kids are talking by the door,01,20,female,speech,audio-only
Actor_20\03-01-04-01-01-02-20.wav,03-01-04-01-01-02-20.wav,sad,04,normal,Kids are talking by the door,02,20,female,speech,audio-only
Actor_20\03-01-04-01-02-01-20.wav,03-01-04-01-02-01-20.wav,sad,04,normal,Dogs are sitting by the door,01,20,female,speech,audio-only
Actor_20\03-01-04-01-02-02-20.wav,03-01-04-01-02-02-20.wav,sad,04,normal,Dogs are sitting by the door,02,20,female,speech,audio-only
Actor_20\03-01-04-02-01-01-20.wav,03-01-04-02-01-01-20.wav,sad,04,strong,Kids are talking by the door,01,20,female,speech,audio-only
Actor_20\03-01-04-02-01-02-20.wav,03-01-04-02-01-02-20.wav,sad,04,strong,Kids are talking by the door,02,20,female,speech,audio-only
Actor_20\03-01-04-02-02-01-20.wav,03-01-04-02-02-01-20.wav,sad,04,strong,Dogs are sitting by the door,01,20,female,speech,audio-only
Actor_20\03-01-04-02-02-02-20.wav,03-01-04-02-02-02-20.wav,sad,04,strong,Dogs are sitting by the door,02,20,female,speech,audio-only
Actor_20\03-01-05-01-01-01-20.wav,03-01-05-01-01-01-20.wav,angry,05,normal,Kids are talking by the door,01,20,female,speech,audio-only
Actor_20\03-01-05-01-01-02-20.wav,03-01-05-01-01-02-20.wav,angry,05,normal,Kids are talking by the door,02,20,female,speech,audio-only
Actor_20\03-01-05-01-02-01-20.wav,03-01-05-01-02-01-20.wav,angry,05,normal,Dogs are sitting by the door,01,20,female,speech,audio-only
Actor_20\03-01-05-01-02-02-20.wav,03-01-05-01-02-02-20.wav,angry,05,normal,Dogs are sitting by the door,02,20,female,speech,audio-only
Actor_20\03-01-05-02-01-01-20.wav,03-01-05-02-01-01-20.wav,angry,05,strong,Kids are talking by the door,01,20,female,speech,audio-only
Actor_20\03-01-05-02-01-02-20.wav,03-01-05-02-01-02-20.wav,angry,05,strong,Kids are talking by the door,02,20,female,speech,audio-only
Actor_20\03-01-05-02-02-01-20.wav,03-01-05-02-02-01-20.wav,angry,05,strong,Dogs are sitting by the door,01,20,female,speech,audio-only
Actor_20\03-01-05-02-02-02-20.wav,03-01-05-02-02-02-20.wav,angry,05,strong,Dogs are sitting by the door,02,20,female,speech,audio-only
Actor_20\03-01-06-01-01-01-20.wav,03-01-06-01-01-01-20.wav,fearful,06,normal,Kids are talking by the door,01,20,female,speech,audio-only
Actor_20\03-01-06-01-01-02-20.wav,03-01-06-01-01-02-20.wav,fearful,06,normal,Kids are talking by the door,02,20,female,speech,audio-only
Actor_20\03-01-06-01-02-01-20.wav,03-01-06-01-02-01-20.wav,fearful,06,normal,Dogs are sitting by the door,01,20,female,speech,audio-only
Actor_20\03-01-06-01-02-02-20.wav,03-01-06-01-02-02-20.wav,fearful,06,normal,Dogs are sitting by the door,02,20,female,speech,audio-only
Actor_20\03-01-06-02-01-01-20.wav,03-01-06-02-01-01-20.wav,fearful,06,strong,Kids are talking by the door,01,20,female,speech,audio-only
Actor_20\03-01-06-02-01-02-20.wav,03-01-06-02-01-02-20.wav,fearful,06,strong,Kids are talking by the door,02,20,female,speech,audio-only
Actor_20\03-01-06-02-02-01-20.wav,03-01-06-02-02-01-20.wav,fearful,06,strong,Dogs are sitting by the door,01,20,female,speech,audio-only
Actor_20\03-01-06-02-02-02-20.wav,03-01-06-02-02-02-20.wav,fearful,06,strong,Dogs are sitting by the door,02,20,female,speech,audio-only
Actor_20\03-01-07-01-01-01-20.wav,03-01-07-01-01-01-20.wav,disgust,07,normal,Kids are talking by the door,01,20,female,speech,audio-only
Actor_20\03-01-07-01-01-02-20.wav,03-01-07-01-01-02-20.wav,disgust,07,normal,Kids are talking by the door,02,20,female,speech,audio-only
Actor_20\03-01-07-01-02-01-20.wav,03-01-07-01-02-01-20.wav,disgust,07,normal,Dogs are sitting by the door,01,20,female,speech,audio-only
Actor_20\03-01-07-01-02-02-20.wav,03-01-07-01-02-02-20.wav,disgust,07,normal,Dogs are sitting by the door,02,20,female,speech,audio-only
Actor_20\03-01-07-02-01-01-20.wav,03-01-07-02-01-01-20.wav,disgust,07,strong,Kids are talking by the door,01,20,female,speech,audio-only
Actor_20\03-01-07-02-01-02-20.wav,03-01-07-02-01-02-20.wav,disgust,07,strong,Kids are talking by the door,02,20,female,speech,audio-only
Actor_20\03-01-07-02-02-01-20.wav,03-01-07-02-02-01-20.wav,disgust,07,strong,Dogs are sitting by the door,01,20,female,speech,audio-only
Actor_20\03-01-07-02-02-02-20.wav,03-01-07-02-02-02-20.wav,disgust,07,strong,Dogs are sitting by the door,02,20,female,speech,audio-only
Actor_20\03-01-08-01-01-01-20.wav,03-01-08-01-01-01-20.wav,surprised,08,normal,Kids are talking by the door,01,20,female,speech,audio-only
Actor_20\03-01-08-01-01-02-20.wav,03-01-08-01-01-02-20.wav,surprised,08,normal,Kids are talking by the door,02,20,female,speech,audio-only
Actor_20\03-01-08-01-02-01-20.wav,03-01-08-01-02-01-20.wav,surprised,08,normal,Dogs are sitting by the door,01,20,female,speech,audio-only
Actor_20\03-01-08-01-02-02-20.wav,03-01-08-01-02-02-20.wav,surprised,08,normal,Dogs are sitting by the door,02,20,female,speech,audio-only
Actor_20\03-01-08-02-01-01-20.wav,03-01-08-02-01-01-20.wav,surprised,08,strong,Kids are talking by the door,01,20,female,speech,audio-only
Actor_20\03-01-08-02-01-02-20.wav,03-01-08-02-01-02-20.wav,surprised,08,strong,Kids are talking by the door,02,20,female,speech,audio-only
Actor_20\03-01-08-02-02-01-20.wav,03-01-08-02-02-01-20.wav,surprised,08,strong,Dogs are sitting by the door,01,20,female,speech,audio-only
Actor_20\03-01-08-02-02-02-20.wav,03-01-08-02-02-02-20.wav,surprised,08,strong,Dogs are sitting by the door,02,20,female,speech,audio-only
Actor_21\03-01-01-01-01-01-21.wav,03-01-01-01-01-01-21.wav,neutral,01,normal,Kids are talking by the door,01,21,male,speech,audio-only
Actor_21\03-01-01-01-01-02-21.wav,03-01-01-01-01-02-21.wav,neutral,01,normal,Kids are talking by the door,02,21,male,speech,audio-only
Actor_21\03-01-01-01-02-01-21.wav,03-01-01-01-02-01-21.wav,neutral,01,normal,Dogs are sitting by the door,01,21,male,speech,audio-only
Actor_21\03-01-01-01-02-02-21.wav,03-01-01-01-02-02-21.wav,neutral,01,normal,Dogs are sitting by the door,02,21,male,speech,audio-only
Actor_21\03-01-02-01-01-01-21.wav,03-01-02-01-01-01-21.wav,calm,02,normal,Kids are talking by the door,01,21,male,speech,audio-only
Actor_21\03-01-02-01-01-02-21.wav,03-01-02-01-01-02-21.wav,calm,02,normal,Kids are talking by the door,02,21,male,speech,audio-only
Actor_21\03-01-02-01-02-01-21.wav,03-01-02-01-02-01-21.wav,calm,02,normal,Dogs are sitting by the door,01,21,male,speech,audio-only
Actor_21\03-01-02-01-02-02-21.wav,03-01-02-01-02-02-21.wav,calm,02,normal,Dogs are sitting by the door,02,21,male,speech,audio-only
Actor_21\03-01-02-02-01-01-21.wav,03-01-02-02-01-01-21.wav,calm,02,strong,Kids are talking by the door,01,21,male,speech,audio-only
Actor_21\03-01-02-02-01-02-21.wav,03-01-02-02-01-02-21.wav,calm,02,strong,Kids are talking by the door,02,21,male,speech,audio-only
Actor_21\03-01-02-02-02-01-21.wav,03-01-02-02-02-01-21.wav,calm,02,strong,Dogs are sitting by the door,01,21,male,speech,audio-only
Actor_21\03-01-02-02-02-02-21.wav,03-01-02-02-02-02-21.wav,calm,02,strong,Dogs are sitting by the door,02,21,male,speech,audio-only
Actor_21\03-01-03-01-01-01-21.wav,03-01-03-01-01-01-21.wav,happy,03,normal,Kids are talking by the door,01,21,male,speech,audio-only
Actor_21\03-01-03-01-01-02-21.wav,03-01-03-01-01-02-21.wav,happy,03,normal,Kids are talking by the door,02,21,male,speech,audio-only
Actor_21\03-01-03-01-02-01-21.wav,03-01-03-01-02-01-21.wav,happy,03,normal,Dogs are sitting by the door,01,21,male,speech,audio-only
Actor_21\03-01-03-01-02-02-21.wav,03-01-03-01-02-02-21.wav,happy,03,normal,Dogs are sitting by the door,02,21,male,speech,audio-only
Actor_21\03-01-03-02-01-01-21.wav,03-01-03-02-01-01-21.wav,happy,03,strong,Kids are talking by the door,01,21,male,speech,audio-only
Actor_21\03-01-03-02-01-02-21.wav,03-01-03-02-01-02-21.wav,happy,03,strong,Kids are talking by the door,02,21,male,speech,audio-only
Actor_21\03-01-03-02-02-01-21.wav,03-01-03-02-02-01-21.wav,happy,03,strong,Dogs are sitting by the door,01,21,male,speech,audio-only
Actor_21\03-01-03-02-02-02-21.wav,03-01-03-02-02-02-21.wav,happy,03,strong,Dogs are sitting by the door,02,21,male,speech,audio-only
Actor_21\03-01-04-01-01-01-21.wav,03-01-04-01-01-01-21.wav,sad,04,normal,Kids are talking by the door,01,21,male,speech,audio-only
Actor_21\03-01-04-01-01-02-21.wav,03-01-04-01-01-02-21.wav,sad,04,normal,Kids are talking by the door,02,21,male,speech,audio-only
Actor_21\03-01-04-01-02-01-21.wav,03-01-04-01-02-01-21.wav,sad,04,normal,Dogs are sitting by the door,01,21,male,speech,audio-only
Actor_21\03-01-04-01-02-02-21.wav,03-01-04-01-02-02-21.wav,sad,04,normal,Dogs are sitting by the door,02,21,male,speech,audio-only
Actor_21\03-01-04-02-01-01-21.wav,03-01-04-02-01-01-21.wav,sad,04,strong,Kids are talking by the door,01,21,male,speech,audio-only
Actor_21\03-01-04-02-01-02-21.wav,03-01-04-02-01-02-21.wav,sad,04,strong,Kids are talking by the door,02,21,male,speech,audio-only
Actor_21\03-01-04-02-02-01-21.wav,03-01-04-02-02-01-21.wav,sad,04,strong,Dogs are sitting by the door,01,21,male,speech,audio-only
Actor_21\03-01-04-02-02-02-21.wav,03-01-04-02-02-02-21.wav,sad,04,strong,Dogs are sitting by the door,02,21,male,speech,audio-only
Actor_21\03-01-05-01-01-01-21.wav,03-01-05-01-01-01-21.wav,angry,05,normal,Kids are talking by the door,01,21,male,speech,audio-only
Actor_21\03-01-05-01-01-02-21.wav,03-01-05-01-01-02-21.wav,angry,05,normal,Kids are talking by the door,02,21,male,speech,audio-only
Actor_21\03-01-05-01-02-01-21.wav,03-01-05-01-02-01-21.wav,angry,05,normal,Dogs are sitting by the door,01,21,male,speech,audio-only
Actor_21\03-01-05-01-02-02-21.wav,03-01-05-01-02-02-21.wav,angry,05,normal,Dogs are sitting by the door,02,21,male,speech,audio-only
Actor_21\03-01-05-02-01-01-21.wav,03-01-05-02-01-01-21.wav,angry,05,strong,Kids are talking by the door,01,21,male,speech,audio-only
Actor_21\03-01-05-02-01-02-21.wav,03-01-05-02-01-02-21.wav,angry,05,strong,Kids are talking by the door,02,21,male,speech,audio-only
Actor_21\03-01-05-02-02-01-21.wav,03-01-05-02-02-01-21.wav,angry,05,strong,Dogs are sitting by the door,01,21,male,speech,audio-only
Actor_21\03-01-05-02-02-02-21.wav,03-01-05-02-02-02-21.wav,angry,05,strong,Dogs are sitting by the door,02,21,male,speech,audio-only
Actor_21\03-01-06-01-01-01-21.wav,03-01-06-01-01-01-21.wav,fearful,06,normal,Kids are talking by the door,01,21,male,speech,audio-only
Actor_21\03-01-06-01-01-02-21.wav,03-01-06-01-01-02-21.wav,fearful,06,normal,Kids are talking by the door,02,21,male,speech,audio-only
Actor_21\03-01-06-01-02-01-21.wav,03-01-06-01-02-01-21.wav,fearful,06,normal,Dogs are sitting by the door,01,21,male,speech,audio-only
Actor_21\03-01-06-01-02-02-21.wav,03-01-06-01-02-02-21.wav,fearful,06,normal,Dogs are sitting by the door,02,21,male,speech,audio-only
Actor_21\03-01-06-02-01-01-21.wav,03-01-06-02-01-01-21.wav,fearful,06,strong,Kids are talking by the door,01,21,male,speech,audio-only
Actor_21\03-01-06-02-01-02-21.wav,03-01-06-02-01-02-21.wav,fearful,06,strong,Kids are talking by the door,02,21,male,speech,audio-only
Actor_21\03-01-06-02-02-01-21.wav,03-01-06-02-02-01-21.wav,fearful,06,strong,Dogs are sitting by the door,01,21,male,speech,audio-only
Actor_21\03-01-06-02-02-02-21.wav,03-01-06-02-02-02-21.wav,fearful,06,strong,Dogs are sitting by the door,02,21,male,speech,audio-only
Actor_21\03-01-07-01-01-01-21.wav,03-01-07-01-01-01-21.wav,disgust,07,normal,Kids are talking by the door,01,21,male,speech,audio-only
Actor_21\03-01-07-01-01-02-21.wav,03-01-07-01-01-02-21.wav,disgust,07,normal,Kids are talking by the door,02,21,male,speech,audio-only
Actor_21\03-01-07-01-02-01-21.wav,03-01-07-01-02-01-21.wav,disgust,07,normal,Dogs are sitting by the door,01,21,male,speech,audio-only
Actor_21\03-01-07-01-02-02-21.wav,03-01-07-01-02-02-21.wav,disgust,07,normal,Dogs are sitting by the door,02,21,male,speech,audio-only
Actor_21\03-01-07-02-01-01-21.wav,03-01-07-02-01-01-21.wav,disgust,07,strong,Kids are talking by the door,01,21,male,speech,audio-only
Actor_21\03-01-07-02-01-02-21.wav,03-01-07-02-01-02-21.wav,disgust,07,strong,Kids are talking by the door,02,21,male,speech,audio-only
Actor_21\03-01-07-02-02-01-21.wav,03-01-07-02-02-01-21.wav,disgust,07,strong,Dogs are sitting by the door,01,21,male,speech,audio-only
Actor_21\03-01-07-02-02-02-21.wav,03-01-07-02-02-02-21.wav,disgust,07,strong,Dogs are sitting by the door,02,21,male,speech,audio-only
Actor_21\03-01-08-01-01-01-21.wav,03-01-08-01-01-01-21.wav,surprised,08,normal,Kids are talking by the door,01,21,male,speech,audio-only
Actor_21\03-01-08-01-01-02-21.wav,03-01-08-01-01-02-21.wav,surprised,08,normal,Kids are talking by the door,02,21,male,speech,audio-only
Actor_21\03-01-08-01-02-01-21.wav,03-01-08-01-02-01-21.wav,surprised,08,normal,Dogs are sitting by the door,01,21,male,speech,audio-only
Actor_21\03-01-08-01-02-02-21.wav,03-01-08-01-02-02-21.wav,surprised,08,normal,Dogs are sitting by the door,02,21,male,speech,audio-only
Actor_21\03-01-08-02-01-01-21.wav,03-01-08-02-01-01-21.wav,surprised,08,strong,Kids are talking by the door,01,21,male,speech,audio-only
Actor_21\03-01-08-02-01-02-21.wav,03-01-08-02-01-02-21.wav,surprised,08,strong,Kids are talking by the door,02,21,male,speech,audio-only
Actor_21\03-01-08-02-02-01-21.wav,03-01-08-02-02-01-21.wav,surprised,08,strong,Dogs are sitting by the door,01,21,male,speech,audio-only
Actor_21\03-01-08-02-02-02-21.wav,03-01-08-02-02-02-21.wav,surprised,08,strong,Dogs are sitting by the door,02,21,male,speech,audio-only
Actor_22\03-01-01-01-01-01-22.wav,03-01-01-01-01-01-22.wav,neutral,01,normal,Kids are talking by the door,01,22,female,speech,audio-only
Actor_22\03-01-01-01-01-02-22.wav,03-01-01-01-01-02-22.wav,neutral,01,normal,Kids are talking by the door,02,22,female,speech,audio-only
Actor_22\03-01-01-01-02-01-22.wav,03-01-01-01-02-01-22.wav,neutral,01,normal,Dogs are sitting by the door,01,22,female,speech,audio-only
Actor_22\03-01-01-01-02-02-22.wav,03-01-01-01-02-02-22.wav,neutral,01,normal,Dogs are sitting by the door,02,22,female,speech,audio-only
Actor_22\03-01-02-01-01-01-22.wav,03-01-02-01-01-01-22.wav,calm,02,normal,Kids are talking by the door,01,22,female,speech,audio-only
Actor_22\03-01-02-01-01-02-22.wav,03-01-02-01-01-02-22.wav,calm,02,normal,Kids are talking by the door,02,22,female,speech,audio-only
Actor_22\03-01-02-01-02-01-22.wav,03-01-02-01-02-01-22.wav,calm,02,normal,Dogs are sitting by the door,01,22,female,speech,audio-only
Actor_22\03-01-02-01-02-02-22.wav,03-01-02-01-02-02-22.wav,calm,02,normal,Dogs are sitting by the door,02,22,female,speech,audio-only
Actor_22\03-01-02-02-01-01-22.wav,03-01-02-02-01-01-22.wav,calm,02,strong,Kids are talking by the door,01,22,female,speech,audio-only
Actor_22\03-01-02-02-01-02-22.wav,03-01-02-02-01-02-22.wav,calm,02,strong,Kids are talking by the door,02,22,female,speech,audio-only
Actor_22\03-01-02-02-02-01-22.wav,03-01-02-02-02-01-22.wav,calm,02,strong,Dogs are sitting by the door,01,22,female,speech,audio-only
Actor_22\03-01-02-02-02-02-22.wav,03-01-02-02-02-02-22.wav,calm,02,strong,Dogs are sitting by the door,02,22,female,speech,audio-only
Actor_22\03-01-03-01-01-01-22.wav,03-01-03-01-01-01-22.wav,happy,03,normal,Kids are talking by the door,01,22,female,speech,audio-only
Actor_22\03-01-03-01-01-02-22.wav,03-01-03-01-01-02-22.wav,happy,03,normal,Kids are talking by the door,02,22,female,speech,audio-only
Actor_22\03-01-03-01-02-01-22.wav,03-01-03-01-02-01-22.wav,happy,03,normal,Dogs are sitting by the door,01,22,female,speech,audio-only
Actor_22\03-01-03-01-02-02-22.wav,03-01-03-01-02-02-22.wav,happy,03,normal,Dogs are sitting by the door,02,22,female,speech,audio-only
Actor_22\03-01-03-02-01-01-22.wav,03-01-03-02-01-01-22.wav,happy,03,strong,Kids are talking by the door,01,22,female,speech,audio-only
Actor_22\03-01-03-02-01-02-22.wav,03-01-03-02-01-02-22.wav,happy,03,strong,Kids are talking by the door,02,22,female,speech,audio-only
Actor_22\03-01-03-02-02-01-22.wav,03-01-03-02-02-01-22.wav,happy,03,strong,Dogs are sitting by the door,01,22,female,speech,audio-only
Actor_22\03-01-03-02-02-02-22.wav,03-01-03-02-02-02-22.wav,happy,03,strong,Dogs are sitting by the door,02,22,female,speech,audio-only
Actor_22\03-01-04-01-01-01-22.wav,03-01-04-01-01-01-22.wav,sad,04,normal,Kids are talking by the door,01,22,female,speech,audio-only
Actor_22\03-01-04-01-01-02-22.wav,03-01-04-01-01-02-22.wav,sad,04,normal,Kids are talking by the door,02,22,female,speech,audio-only
Actor_22\03-01-04-01-02-01-22.wav,03-01-04-01-02-01-22.wav,sad,04,normal,Dogs are sitting by the door,01,22,female,speech,audio-only
Actor_22\03-01-04-01-02-02-22.wav,03-01-04-01-02-02-22.wav,sad,04,normal,Dogs are sitting by the door,02,22,female,speech,audio-only
Actor_22\03-01-04-02-01-01-22.wav,03-01-04-02-01-01-22.wav,sad,04,strong,Kids are talking by the door,01,22,female,speech,audio-only
Actor_22\03-01-04-02-01-02-22.wav,03-01-04-02-01-02-22.wav,sad,04,strong,Kids are talking by the door,02,22,female,speech,audio-only
Actor_22\03-01-04-02-02-01-22.wav,03-01-04-02-02-01-22.wav,sad,04,strong,Dogs are sitting by the door,01,22,female,speech,audio-only
Actor_22\03-01-04-02-02-02-22.wav,03-01-04-02-02-02-22.wav,sad,04,strong,Dogs are sitting by the door,02,22,female,speech,audio-only
Actor_22\03-01-05-01-01-01-22.wav,03-01-05-01-01-01-22.wav,angry,05,normal,Kids are talking by the door,01,22,female,speech,audio-only
Actor_22\03-01-05-01-01-02-22.wav,03-01-05-01-01-02-22.wav,angry,05,normal,Kids are talking by the door,02,22,female,speech,audio-only
Actor_22\03-01-05-01-02-01-22.wav,03-01-05-01-02-01-22.wav,angry,05,normal,Dogs are sitting by the door,01,22,female,speech,audio-only
Actor_22\03-01-05-01-02-02-22.wav,03-01-05-01-02-02-22.wav,angry,05,normal,Dogs are sitting by the door,02,22,female,speech,audio-only
Actor_22\03-01-05-02-01-01-22.wav,03-01-05-02-01-01-22.wav,angry,05,strong,Kids are talking by the door,01,22,female,speech,audio-only
Actor_22\03-01-05-02-01-02-22.wav,03-01-05-02-01-02-22.wav,angry,05,strong,Kids are talking by the door,02,22,female,speech,audio-only
Actor_22\03-01-05-02-02-01-22.wav,03-01-05-02-02-01-22.wav,angry,05,strong,Dogs are sitting by the door,01,22,female,speech,audio-only
Actor_22\03-01-05-02-02-02-22.wav,03-01-05-02-02-02-22.wav,angry,05,strong,Dogs are sitting by the door,02,22,female,speech,audio-only
Actor_22\03-01-06-01-01-01-22.wav,03-01-06-01-01-01-22.wav,fearful,06,normal,Kids are talking by the door,01,22,female,speech,audio-only
Actor_22\03-01-06-01-01-02-22.wav,03-01-06-01-01-02-22.wav,fearful,06,normal,Kids are talking by the door,02,22,female,speech,audio-only
Actor_22\03-01-06-01-02-01-22.wav,03-01-06-01-02-01-22.wav,fearful,06,normal,Dogs are sitting by the door,01,22,female,speech,audio-only
Actor_22\03-01-06-01-02-02-22.wav,03-01-06-01-02-02-22.wav,fearful,06,normal,Dogs are sitting by the door,02,22,female,speech,audio-only
Actor_22\03-01-06-02-01-01-22.wav,03-01-06-02-01-01-22.wav,fearful,06,strong,Kids are talking by the door,01,22,female,speech,audio-only
Actor_22\03-01-06-02-01-02-22.wav,03-01-06-02-01-02-22.wav,fearful,06,strong,Kids are talking by the door,02,22,female,speech,audio-only
Actor_22\03-01-06-02-02-01-22.wav,03-01-06-02-02-01-22.wav,fearful,06,strong,Dogs are sitting by the door,01,22,female,speech,audio-only
Actor_22\03-01-06-02-02-02-22.wav,03-01-06-02-02-02-22.wav,fearful,06,strong,Dogs are sitting by the door,02,22,female,speech,audio-only
Actor_22\03-01-07-01-01-01-22.wav,03-01-07-01-01-01-22.wav,disgust,07,normal,Kids are talking by the door,01,22,female,speech,audio-only
Actor_22\03-01-07-01-01-02-22.wav,03-01-07-01-01-02-22.wav,disgust,07,normal,Kids are talking by the door,02,22,female,speech,audio-only
Actor_22\03-01-07-01-02-01-22.wav,03-01-07-01-02-01-22.wav,disgust,07,normal,Dogs are sitting by the door,01,22,female,speech,audio-only
Actor_22\03-01-07-01-02-02-22.wav,03-01-07-01-02-02-22.wav,disgust,07,normal,Dogs are sitting by the door,02,22,female,speech,audio-only
Actor_22\03-01-07-02-01-01-22.wav,03-01-07-02-01-01-22.wav,disgust,07,strong,Kids are talking by the door,01,22,female,speech,audio-only
Actor_22\03-01-07-02-01-02-22.wav,03-01-07-02-01-02-22.wav,disgust,07,strong,Kids are talking by the door,02,22,female,speech,audio-only
Actor_22\03-01-07-02-02-01-22.wav,03-01-07-02-02-01-22.wav,disgust,07,strong,Dogs are sitting by the door,01,22,female,speech,audio-only
Actor_22\03-01-07-02-02-02-22.wav,03-01-07-02-02-02-22.wav,disgust,07,strong,Dogs are sitting by the door,02,22,female,speech,audio-only
Actor_22\03-01-08-01-01-01-22.wav,03-01-08-01-01-01-22.wav,surprised,08,normal,Kids are talking by the door,01,22,female,speech,audio-only
Actor_22\03-01-08-01-01-02-22.wav,03-01-08-01-01-02-22.wav,surprised,08,normal,Kids are talking by the door,02,22,female,speech,audio-only
Actor_22\03-01-08-01-02-01-22.wav,03-01-08-01-02-01-22.wav,surprised,08,normal,Dogs are sitting by the door,01,22,female,speech,audio-only
Actor_22\03-01-08-01-02-02-22.wav,03-01-08-01-02-02-22.wav,surprised,08,normal,Dogs are sitting by the door,02,22,female,speech,audio-only
Actor_22\03-01-08-02-01-01-22.wav,03-01-08-02-01-01-22.wav,surprised,08,strong,Kids are talking by the door,01,22,female,speech,audio-only
Actor_22\03-01-08-02-01-02-22.wav,03-01-08-02-01-02-22.wav,surprised,08,strong,Kids are talking by the door,02,22,female,speech,audio-only
Actor_22\03-01-08-02-02-01-22.wav,03-01-08-02-02-01-22.wav,surprised,08,strong,Dogs are sitting by the door,01,22,female,speech,audio-only
Actor_22\03-01-08-02-02-02-22.wav,03-01-08-02-02-02-22.wav,surprised,08,strong,Dogs are sitting by the door,02,22,female,speech,audio-only
Actor_23\03-01-01-01-01-01-23.wav,03-01-01-01-01-01-23.wav,neutral,01,normal,Kids are talking by the door,01,23,male,speech,audio-only
Actor_23\03-01-01-01-01-02-23.wav,03-01-01-01-01-02-23.wav,neutral,01,normal,Kids are talking by the door,02,23,male,speech,audio-only
Actor_23\03-01-01-01-02-01-23.wav,03-01-01-01-02-01-23.wav,neutral,01,normal,Dogs are sitting by the door,01,23,male,speech,audio-only
Actor_23\03-01-01-01-02-02-23.wav,03-01-01-01-02-02-23.wav,neutral,01,normal,Dogs are sitting by the door,02,23,male,speech,audio-only
Actor_23\03-01-02-01-01-01-23.wav,03-01-02-01-01-01-23.wav,calm,02,normal,Kids are talking by the door,01,23,male,speech,audio-only
Actor_23\03-01-02-01-01-02-23.wav,03-01-02-01-01-02-23.wav,calm,02,normal,Kids are talking by the door,02,23,male,speech,audio-only
Actor_23\03-01-02-01-02-01-23.wav,03-01-02-01-02-01-23.wav,calm,02,normal,Dogs are sitting by the door,01,23,male,speech,audio-only
Actor_23\03-01-02-01-02-02-23.wav,03-01-02-01-02-02-23.wav,calm,02,normal,Dogs are sitting by the door,02,23,male,speech,audio-only
Actor_23\03-01-02-02-01-01-23.wav,03-01-02-02-01-01-23.wav,calm,02,strong,Kids are talking by the door,01,23,male,speech,audio-only
Actor_23\03-01-02-02-01-02-23.wav,03-01-02-02-01-02-23.wav,calm,02,strong,Kids are talking by the door,02,23,male,speech,audio-only
Actor_23\03-01-02-02-02-01-23.wav,03-01-02-02-02-01-23.wav,calm,02,strong,Dogs are sitting by the door,01,23,male,speech,audio-only
Actor_23\03-01-02-02-02-02-23.wav,03-01-02-02-02-02-23.wav,calm,02,strong,Dogs are sitting by the door,02,23,male,speech,audio-only
Actor_23\03-01-03-01-01-01-23.wav,03-01-03-01-01-01-23.wav,happy,03,normal,Kids are talking by the door,01,23,male,speech,audio-only
Actor_23\03-01-03-01-01-02-23.wav,03-01-03-01-01-02-23.wav,happy,03,normal,Kids are talking by the door,02,23,male,speech,audio-only
Actor_23\03-01-03-01-02-01-23.wav,03-01-03-01-02-01-23.wav,happy,03,normal,Dogs are sitting by the door,01,23,male,speech,audio-only
Actor_23\03-01-03-01-02-02-23.wav,03-01-03-01-02-02-23.wav,happy,03,normal,Dogs are sitting by the door,02,23,male,speech,audio-only
Actor_23\03-01-03-02-01-01-23.wav,03-01-03-02-01-01-23.wav,happy,03,strong,Kids are talking by the door,01,23,male,speech,audio-only
Actor_23\03-01-03-02-01-02-23.wav,03-01-03-02-01-02-23.wav,happy,03,strong,Kids are talking by the door,02,23,male,speech,audio-only
Actor_23\03-01-03-02-02-01-23.wav,03-01-03-02-02-01-23.wav,happy,03,strong,Dogs are sitting by the door,01,23,male,speech,audio-only
Actor_23\03-01-03-02-02-02-23.wav,03-01-03-02-02-02-23.wav,happy,03,strong,Dogs are sitting by the door,02,23,male,speech,audio-only
Actor_23\03-01-04-01-01-01-23.wav,03-01-04-01-01-01-23.wav,sad,04,normal,Kids are talking by the door,01,23,male,speech,audio-only
Actor_23\03-01-04-01-01-02-23.wav,03-01-04-01-01-02-23.wav,sad,04,normal,Kids are talking by the door,02,23,male,speech,audio-only
Actor_23\03-01-04-01-02-01-23.wav,03-01-04-01-02-01-23.wav,sad,04,normal,Dogs are sitting by the door,01,23,male,speech,audio-only
Actor_23\03-01-04-01-02-02-23.wav,03-01-04-01-02-02-23.wav,sad,04,normal,Dogs are sitting by the door,02,23,male,speech,audio-only
Actor_23\03-01-04-02-01-01-23.wav,03-01-04-02-01-01-23.wav,sad,04,strong,Kids are talking by the door,01,23,male,speech,audio-only
Actor_23\03-01-04-02-01-02-23.wav,03-01-04-02-01-02-23.wav,sad,04,strong,Kids are talking by the door,02,23,male,speech,audio-only
Actor_23\03-01-04-02-02-01-23.wav,03-01-04-02-02-01-23.wav,sad,04,strong,Dogs are sitting by the door,01,23,male,speech,audio-only
Actor_23\03-01-04-02-02-02-23.wav,03-01-04-02-02-02-23.wav,sad,04,strong,Dogs are sitting by the door,02,23,male,speech,audio-only
Actor_23\03-01-05-01-01-01-23.wav,03-01-05-01-01-01-23.wav,angry,05,normal,Kids are talking by the door,01,23,male,speech,audio-only
Actor_23\03-01-05-01-01-02-23.wav,03-01-05-01-01-02-23.wav,angry,05,normal,Kids are talking by the door,02,23,male,speech,audio-only
Actor_23\03-01-05-01-02-01-23.wav,03-01-05-01-02-01-23.wav,angry,05,normal,Dogs are sitting by the door,01,23,male,speech,audio-only
Actor_23\03-01-05-01-02-02-23.wav,03-01-05-01-02-02-23.wav,angry,05,normal,Dogs are sitting by the door,02,23,male,speech,audio-only
Actor_23\03-01-05-02-01-01-23.wav,03-01-05-02-01-01-23.wav,angry,05,strong,Kids are talking by the door,01,23,male,speech,audio-only
Actor_23\03-01-05-02-01-02-23.wav,03-01-05-02-01-02-23.wav,angry,05,strong,Kids are talking by the door,02,23,male,speech,audio-only
Actor_23\03-01-05-02-02-01-23.wav,03-01-05-02-02-01-23.wav,angry,05,strong,Dogs are sitting by the door,01,23,male,speech,audio-only
Actor_23\03-01-05-02-02-02-23.wav,03-01-05-02-02-02-23.wav,angry,05,strong,Dogs are sitting by the door,02,23,male,speech,audio-only
Actor_23\03-01-06-01-01-01-23.wav,03-01-06-01-01-01-23.wav,fearful,06,normal,Kids are talking by the door,01,23,male,speech,audio-only
Actor_23\03-01-06-01-01-02-23.wav,03-01-06-01-01-02-23.wav,fearful,06,normal,Kids are talking by the door,02,23,male,speech,audio-only
Actor_23\03-01-06-01-02-01-23.wav,03-01-06-01-02-01-23.wav,fearful,06,normal,Dogs are sitting by the door,01,23,male,speech,audio-only
Actor_23\03-01-06-01-02-02-23.wav,03-01-06-01-02-02-23.wav,fearful,06,normal,Dogs are sitting by the door,02,23,male,speech,audio-only
Actor_23\03-01-06-02-01-01-23.wav,03-01-06-02-01-01-23.wav,fearful,06,strong,Kids are talking by the door,01,23,male,speech,audio-only
Actor_23\03-01-06-02-01-02-23.wav,03-01-06-02-01-02-23.wav,fearful,06,strong,Kids are talking by the door,02,23,male,speech,audio-only
Actor_23\03-01-06-02-02-01-23.wav,03-01-06-02-02-01-23.wav,fearful,06,strong,Dogs are sitting by the door,01,23,male,speech,audio-only
Actor_23\03-01-06-02-02-02-23.wav,03-01-06-02-02-02-23.wav,fearful,06,strong,Dogs are sitting by the door,02,23,male,speech,audio-only
Actor_23\03-01-07-01-01-01-23.wav,03-01-07-01-01-01-23.wav,disgust,07,normal,Kids are talking by the door,01,23,male,speech,audio-only
Actor_23\03-01-07-01-01-02-23.wav,03-01-07-01-01-02-23.wav,disgust,07,normal,Kids are talking by the door,02,23,male,speech,audio-only
Actor_23\03-01-07-01-02-01-23.wav,03-01-07-01-02-01-23.wav,disgust,07,normal,Dogs are sitting by the door,01,23,male,speech,audio-only
Actor_23\03-01-07-01-02-02-23.wav,03-01-07-01-02-02-23.wav,disgust,07,normal,Dogs are sitting by the door,02,23,male,speech,audio-only
Actor_23\03-01-07-02-01-01-23.wav,03-01-07-02-01-01-23.wav,disgust,07,strong,Kids are talking by the door,01,23,male,speech,audio-only
Actor_23\03-01-07-02-01-02-23.wav,03-01-07-02-01-02-23.wav,disgust,07,strong,Kids are talking by the door,02,23,male,speech,audio-only
Actor_23\03-01-07-02-02-01-23.wav,03-01-07-02-02-01-23.wav,disgust,07,strong,Dogs are sitting by the door,01,23,male,speech,audio-only
Actor_23\03-01-07-02-02-02-23.wav,03-01-07-02-02-02-23.wav,disgust,07,strong,Dogs are sitting by the door,02,23,male,speech,audio-only
Actor_23\03-01-08-01-01-01-23.wav,03-01-08-01-01-01-23.wav,surprised,08,normal,Kids are talking by the door,01,23,male,speech,audio-only
Actor_23\03-01-08-01-01-02-23.wav,03-01-08-01-01-02-23.wav,surprised,08,normal,Kids are talking by the door,02,23,male,speech,audio-only
Actor_23\03-01-08-01-02-01-23.wav,03-01-08-01-02-01-23.wav,surprised,08,normal,Dogs are sitting by the door,01,23,male,speech,audio-only
Actor_23\03-01-08-01-02-02-23.wav,03-01-08-01-02-02-23.wav,surprised,08,normal,Dogs are sitting by the door,02,23,male,speech,audio-only
Actor_23\03-01-08-02-01-01-23.wav,03-01-08-02-01-01-23.wav,surprised,08,strong,Kids are talking by the door,01,23,male,speech,audio-only
Actor_23\03-01-08-02-01-02-23.wav,03-01-08-02-01-02-23.wav,surprised,08,strong,Kids are talking by the door,02,23,male,speech,audio-only
Actor_23\03-01-08-02-02-01-23.wav,03-01-08-02-02-01-23.wav,surprised,08,strong,Dogs are sitting by the door,01,23,male,speech,audio-only
Actor_23\03-01-08-02-02-02-23.wav,03-01-08-02-02-02-23.wav,surprised,08,strong,Dogs are sitting by the door,02,23,male,speech,audio-only
Actor_24\03-01-01-01-01-01-24.wav,03-01-01-01-01-01-24.wav,neutral,01,normal,Kids are talking by the door,01,24,female,speech,audio-only
Actor_24\03-01-01-01-01-02-24.wav,03-01-01-01-01-02-24.wav,neutral,01,normal,Kids are talking by the door,02,24,female,speech,audio-only
Actor_24\03-01-01-01-02-01-24.wav,03-01-01-01-02-01-24.wav,neutral,01,normal,Dogs are sitting by the door,01,24,female,speech,audio-only
Actor_24\03-01-01-01-02-02-24.wav,03-01-01-01-02-02-24.wav,neutral,01,normal,Dogs are sitting by the door,02,24,female,speech,audio-only
Actor_24\03-01-02-01-01-01-24.wav,03-01-02-01-01-01-24.wav,calm,02,normal,Kids are talking by the door,01,24,female,speech,audio-only
Actor_24\03-01-02-01-01-02-24.wav,03-01-02-01-01-02-24.wav,calm,02,normal,Kids are talking by the door,02,24,female,speech,audio-only
Actor_24\03-01-02-01-02-01-24.wav,03-01-02-01-02-01-24.wav,calm,02,normal,Dogs are sitting by the door,01,24,female,speech,audio-only
Actor_24\03-01-02-01-02-02-24.wav,03-01-02-01-02-02-24.wav,calm,02,normal,Dogs are sitting by the door,02,24,female,speech,audio-only
Actor_24\03-01-02-02-01-01-24.wav,03-01-02-02-01-01-24.wav,calm,02,strong,Kids are talking by the door,01,24,female,speech,audio-only
Actor_24\03-01-02-02-01-02-24.wav,03-01-02-02-01-02-24.wav,calm,02,strong,Kids are talking by the door,02,24,female,speech,audio-only
Actor_24\03-01-02-02-02-01-24.wav,03-01-02-02-02-01-24.wav,calm,02,strong,Dogs are sitting by the door,01,24,female,speech,audio-only
Actor_24\03-01-02-02-02-02-24.wav,03-01-02-02-02-02-24.wav,calm,02,strong,Dogs are sitting by the door,02,24,female,speech,audio-only
Actor_24\03-01-03-01-01-01-24.wav,03-01-03-01-01-01-24.wav,happy,03,normal,Kids are talking by the door,01,24,female,speech,audio-only
Actor_24\03-01-03-01-01-02-24.wav,03-01-03-01-01-02-24.wav,happy,03,normal,Kids are talking by the door,02,24,female,speech,audio-only
Actor_24\03-01-03-01-02-01-24.wav,03-01-03-01-02-01-24.wav,happy,03,normal,Dogs are sitting by the door,01,24,female,speech,audio-only
Actor_24\03-01-03-01-02-02-24.wav,03-01-03-01-02-02-24.wav,happy,03,normal,Dogs are sitting by the door,02,24,female,speech,audio-only
Actor_24\03-01-03-02-01-01-24.wav,03-01-03-02-01-01-24.wav,happy,03,strong,Kids are talking by the door,01,24,female,speech,audio-only
Actor_24\03-01-03-02-01-02-24.wav,03-01-03-02-01-02-24.wav,happy,03,strong,Kids are talking by the door,02,24,female,speech,audio-only
Actor_24\03-01-03-02-02-01-24.wav,03-01-03-02-02-01-24.wav,happy,03,strong,Dogs are sitting by the door,01,24,female,speech,audio-only
Actor_24\03-01-03-02-02-02-24.wav,03-01-03-02-02-02-24.wav,happy,03,strong,Dogs are sitting by the door,02,24,female,speech,audio-only
Actor_24\03-01-04-01-01-01-24.wav,03-01-04-01-01-01-24.wav,sad,04,normal,Kids are talking by the door,01,24,female,speech,audio-only
Actor_24\03-01-04-01-01-02-24.wav,03-01-04-01-01-02-24.wav,sad,04,normal,Kids are talking by the door,02,24,female,speech,audio-only
Actor_24\03-01-04-01-02-01-24.wav,03-01-04-01-02-01-24.wav,sad,04,normal,Dogs are sitting by the door,01,24,female,speech,audio-only
Actor_24\03-01-04-01-02-02-24.wav,03-01-04-01-02-02-24.wav,sad,04,normal,Dogs are sitting by the door,02,24,female,speech,audio-only
Actor_24\03-01-04-02-01-01-24.wav,03-01-04-02-01-01-24.wav,sad,04,strong,Kids are talking by the door,01,24,female,speech,audio-only
Actor_24\03-01-04-02-01-02-24.wav,03-01-04-02-01-02-24.wav,sad,04,strong,Kids are talking by the door,02,24,female,speech,audio-only
Actor_24\03-01-04-02-02-01-24.wav,03-01-04-02-02-01-24.wav,sad,04,strong,Dogs are sitting by the door,01,24,female,speech,audio-only
Actor_24\03-01-04-02-02-02-24.wav,03-01-04-02-02-02-24.wav,sad,04,strong,Dogs are sitting by the door,02,24,female,speech,audio-only
Actor_24\03-01-05-01-01-01-24.wav,03-01-05-01-01-01-24.wav,angry,05,normal,Kids are talking by the door,01,24,female,speech,audio-only
Actor_24\03-01-05-01-01-02-24.wav,03-01-05-01-01-02-24.wav,angry,05,normal,Kids are talking by the door,02,24,female,speech,audio-only
Actor_24\03-01-05-01-02-01-24.wav,03-01-05-01-02-01-24.wav,angry,05,normal,Dogs are sitting by the door,01,24,female,speech,audio-only
Actor_24\03-01-05-01-02-02-24.wav,03-01-05-01-02-02-24.wav,angry,05,normal,Dogs are sitting by the door,02,24,female,speech,audio-only
Actor_24\03-01-05-02-01-01-24.wav,03-01-05-02-01-01-24.wav,angry,05,strong,Kids are talking by the door,01,24,female,speech,audio-only
Actor_24\03-01-05-02-01-02-24.wav,03-01-05-02-01-02-24.wav,angry,05,strong,Kids are talking by the door,02,24,female,speech,audio-only
Actor_24\03-01-05-02-02-01-24.wav,03-01-05-02-02-01-24.wav,angry,05,strong,Dogs are sitting by the door,01,24,female,speech,audio-only
Actor_24\03-01-05-02-02-02-24.wav,03-01-05-02-02-02-24.wav,angry,05,strong,Dogs are sitting by the door,02,24,female,speech,audio-only
Actor_24\03-01-06-01-01-01-24.wav,03-01-06-01-01-01-24.wav,fearful,06,normal,Kids are talking by the door,01,24,female,speech,audio-only
Actor_24\03-01-06-01-01-02-24.wav,03-01-06-01-01-02-24.wav,fearful,06,normal,Kids are talking by the door,02,24,female,speech,audio-only
Actor_24\03-01-06-01-02-01-24.wav,03-01-06-01-02-01-24.wav,fearful,06,normal,Dogs are sitting by the door,01,24,female,speech,audio-only
Actor_24\03-01-06-01-02-02-24.wav,03-01-06-01-02-02-24.wav,fearful,06,normal,Dogs are sitting by the door,02,24,female,speech,audio-only
Actor_24\03-01-06-02-01-01-24.wav,03-01-06-02-01-01-24.wav,fearful,06,strong,Kids are talking by the door,01,24,female,speech,audio-only
Actor_24\03-01-06-02-01-02-24.wav,03-01-06-02-01-02-24.wav,fearful,06,strong,Kids are talking by the door,02,24,female,speech,audio-only
Actor_24\03-01-06-02-02-01-24.wav,03-01-06-02-02-01-24.wav,fearful,06,strong,Dogs are sitting by the door,01,24,female,speech,audio-only
Actor_24\03-01-06-02-02-02-24.wav,03-01-06-02-02-02-24.wav,fearful,06,strong,Dogs are sitting by the door,02,24,female,speech,audio-only
Actor_24\03-01-07-01-01-01-24.wav,03-01-07-01-01-01-24.wav,disgust,07,normal,Kids are talking by the door,01,24,female,speech,audio-only
Actor_24\03-01-07-01-01-02-24.wav,03-01-07-01-01-02-24.wav,disgust,07,normal,Kids are talking by the door,02,24,female,speech,audio-only
Actor_24\03-01-07-01-02-01-24.wav,03-01-07-01-02-01-24.wav,disgust,07,normal,Dogs are sitting by the door,01,24,female,speech,audio-only
Actor_24\03-01-07-01-02-02-24.wav,03-01-07-01-02-02-24.wav,disgust,07,normal,Dogs are sitting by the door,02,24,female,speech,audio-only
Actor_24\03-01-07-02-01-01-24.wav,03-01-07-02-01-01-24.wav,disgust,07,strong,Kids are talking by the door,01,24,female,speech,audio-only
Actor_24\03-01-07-02-01-02-24.wav,03-01-07-02-01-02-24.wav,disgust,07,strong,Kids are talking by the door,02,24,female,speech,audio-only
Actor_24\03-01-07-02-02-01-24.wav,03-01-07-02-02-01-24.wav,disgust,07,strong,Dogs are sitting by the door,01,24,female,speech,audio-only
Actor_24\03-01-07-02-02-02-24.wav,03-01-07-02-02-02-24.wav,disgust,07,strong,Dogs are sitting by the door,02,24,female,speech,audio-only
Actor_24\03-01-08-01-01-01-24.wav,03-01-08-01-01-01-24.wav,surprised,08,normal,Kids are talking by the door,01,24,female,speech,audio-only
Actor_24\03-01-08-01-01-02-24.wav,03-01-08-01-01-02-24.wav,surprised,08,normal,Kids are talking by the door,02,24,female,speech,audio-only
Actor_24\03-01-08-01-02-01-24.wav,03-01-08-01-02-01-24.wav,surprised,08,normal,Dogs are sitting by the door,01,24,female,speech,audio-only
Actor_24\03-01-08-01-02-02-24.wav,03-01-08-01-02-02-24.wav,surprised,08,normal,Dogs are sitting by the door,02,24,female,speech,audio-only
Actor_24\03-01-08-02-01-01-24.wav,03-01-08-02-01-01-24.wav,surprised,08,strong,Kids are talking by the door,01,24,female,speech,audio-only
Actor_24\03-01-08-02-01-02-24.wav,03-01-08-02-01-02-24.wav,surprised,08,strong,Kids are talking by the door,02,24,female,speech,audio-only
Actor_24\03-01-08-02-02-01-24.wav,03-01-08-02-02-01-24.wav,surprised,08,strong,Dogs are sitting by the door,01,24,female,speech,audio-only
Actor_24\03-01-08-02-02-02-24.wav,03-01-08-02-02-02-24.wav,surprised,08,strong,Dogs are sitting by the door,02,24,female,speech,audio-only
